Прайс лабораторных анализов;;;;;;;
1. ОБЩЕКЛИНИЧЕСКИЕ ИССЛЕДОВАНИЯ КРОВИ;;;;;;;
;;;;;;;
1.1. Общеклинические исследования крови;;;;;;;
* тест TRO выполняется только в комплексе с тестом №5;;;;;;;
1515;;;Клинический анализ крови: общий анализ, лейкоформула, СОЭ (с микроскопией мазка крови при наличии патологических сдвигов) (Clinical Blood Analysis: General Blood Analysis, Leucocyte Formula, ESR (with Microscopic Examination of Blood Smear if Presence of Pathologic Changes));;"Капиллярная кровь; Кровь";1 р.д.;600,00
1555;;;Клинический анализ крови: общий анализ, лейкоформула, СОЭ (с обязательной «ручной» микроскопией мазка крови) (Clinical Blood Analysis: General Blood Analysis, Leucocyte Formula, ESR (with Manual Microscopic Examination of Blood Smear));;"Капиллярная кровь; Кровь";1 к.д.;810,00
5/119;;;Клинический анализ крови: общий анализ, лейкоформула (с микроскопией мазка крови при наличии патологических сдвигов);;"Капиллярная кровь; Кровь";1 к.д.;485,00
5;;;Общий анализ крови (ОАК) (без лейкоцитарной формулы и СОЭ) (General Blood Analysis, without White Blood Cell (WBC) Count and ESR);;"Капиллярная кровь; Кровь";1 к.д.;270,00
TRO;;;Тромбоциты, микроскопия (подсчет в окрашенном мазке по методу Фонио) (Platelets, Microscopy (Manual Platelet Count (PLT Count): Indirect Method by Fonio))*;;Кровь;1 к.д.;300,00
119;;;Лейкоцитарная формула (дифференцированный подсчет лейкоцитов, лейкоцитограмма) с микроскопией мазка крови при наличии патологических сдвигов (Leucocyte Formula (Differential White Blood Cell Count) with Microscopic Examination of Blood Smear if Presence of Pathologic Changes)*;;"Капиллярная кровь; Кровь";1 к.д.;225,00
911;;;Лейкоцитарная формула (дифференцированный подсчет лейкоцитов, лейкоцитограмма) с обязательной «ручной» микроскопией мазка крови (Leucocyte Formula (Differential White Blood Cell Count) with Manual Microscopic Examination of Blood Smear)*;;"Капиллярная кровь; Кровь";1 к.д.;315,00
150;;;Ретикулоциты (Reticulocytes);;"Капиллярная кровь; Кровь";1 к.д.;280,00
139;;;СОЭ (скорость оседания эритроцитов) (Erythrocyte Sedimentation Rate, ESR);;"Капиллярная кровь; Кровь";1 к.д.;185,00
1600;;;Осмотическая резистентность эритроцитов;;Кровь;до 8 р.д.;2 080,00
1618;;;Электрофорез гемоглобина. Гемоглобинопатии;;Кровь;до 6 р.д.;4 265,00
1620;;;G6PD эритроцитов, активность;;Кровь;до 6 р.д.;3 445,00
5КАП;;;Общий анализ крови (ОАК) (без лейкоцитарной формулы и СОЭ) (General Blood Analysis, without White Blood Cell (WBC) Count and ESR);;Капиллярная кровь;;270,00
119КАП;;;Лейкоцитарная формула (дифференцированный подсчет лейкоцитов, лейкоцитограмма) с микроскопией мазка крови при наличии патологических сдвигов (Leucocyte Formula (Differential White Blood Cell Count) with Microscopic Examination of Blood Smear if Presence of Pathologic Changes);;Капиллярная кровь;1 к.д.;225,00
911КАП;;;Лейкоцитарная формула (дифференцированный подсчет лейкоцитов, лейкоцитограмма) с обязательной «ручной» микроскопией мазка крови (Leucocyte Formula (Differential White Blood Cell Count) with Manual Microscopic Examination of Blood Smear);;Капиллярная кровь;1 к.д.;315,00
139КАП;;;СОЭ (скорость оседания эритроцитов) (Erythrocyte Sedimentation Rate, ESR);;Капиллярная кровь;1 к.д.;185,00
1515КП;;;Клинический анализ крови: общий анализ, лейкоформула, СОЭ (с микроскопией мазка крови при наличии патологических сдвигов) (Clinical Blood Analysis: General Blood Analysis, Leucocyte Formula, ESR (with Microscopic Examination of Blood Smear if Presence of Pathologic Changes));;Капиллярная кровь;1 к.д.;600,00
1555КП;;;Клинический анализ крови: общий анализ, лейкоформула, СОЭ (с обязательной «ручной» микроскопией мазка крови) (Clinical Blood Analysis: General Blood Analysis, Leucocyte Formula, ESR (with Manual Microscopic Examination of Blood Smear));;Капиллярная кровь;1 к.д.;810,00
2. ИММУНОГЕМАТОЛОГИЯ;;;;;;;
;;;;;;;
2.1. Иммуногематология;;;;;;;
;;;;;;;
93;;;Группа крови (Blood Group, АВ0);;Кровь;1 к.д.;275,00
94;;;Резус-принадлежность (резус-фактор) (Rh-factor, Rh);;Кровь;1 к.д.;275,00
15RH;;;Rh (C, E, c, e) Kell-фенотипирование (Rh C (E, c, e) Kell-Phenotyping);;Кровь;1 к.д.;695,00
140;;;Аллоиммунные антитела, включая антитела к Rh-антигену (Anti Rh);;Кровь;1 к.д.;1 103,00
999;;;Прямой антиглобулиновый тест, полиспецифичный (ПАГТ, прямая проба Кумбса, Direct Antiglobulin Test, DAT, Direct Coombs Test Polyspecific);;Кровь;до 2 к.д.;1 190,00
1576;;;Исследование TREC и KREC для диагностики иммунодефицитов;;Капиллярная кровь;до 6 р.д.;5 815,00
3. ОЦЕНКА СВЕРТЫВАЮЩЕЙ СИСТЕМЫ;;;;;;;
;;;;;;;
3.1. Оценка свертывающей системы крови;;;;;;;
;;;;;;;
1;;;Активированное частичное (парциальное) тромбопластиновое время (АЧТВ (АПТВ), кефалин-каолиновое время) (Activated Partial Thromboplastin Time, APTT);;Плазма крови;1 к.д.;205,00
2;;;Протромбин (протромбиновое время, ПВ), МНО (Международное нормализованное отношение) (Prothrombin, Рrothrombin Time, PT, International Normalized Ratio, INR);;Плазма крови;1 к.д.;260,00
1409;;;Фактор VIII (антигемофильный глобулин А) (Antihemophilic Globulin A, FVIII);;Плазма крови;до 7 р.д.;1 230,00
1410;;;Фактор IX, активность, % (фактор Кристмаса, антигемофильный фактор «В») Factor IX, Activity,% (Christmas Factor, anti-hemophilic globulin “B”);;Плазма крови;до 7 р.д.;785,00
1412;;;Анти-Ха активность, МЕ/мл (Гепарин, концентрация, МЕ/мл), Anti-Xa activity, IU/ml (Heparin concentration, IU/ml);;Плазма крови;до 2 р.д.;2 820,00
1413;;;Фактор Виллебранда, антиген, % (Willebrand Factor, Antigen, %);;Плазма крови;до 7 р.д.;3 435,00
3;;;Фибриноген (Fibrinogen, FG);;Плазма крови;1 к.д.;260,00
4;;;Антитромбин III, % активности (АТ III, Antithrombin III, % Activity);;Плазма крови;1 к.д.;575,00
194;;;Тромбиновое время (ТВ) (Thrombin Time, TT);;Плазма крови;1 к.д.;290,00
164;;;D-димер (D-Dimer);;Плазма крови;1 к.д.;1 030,00
190;;;Волчаночный антикоагулянт (ВА) (Lupus Anticoagulant, LA );;Плазма крови;1 к.д.;1 070,00
1263;;;Протеин C, % активности (Protein C, % Activity);;Плазма крови;1 к.д.;2 095,00
1264;;;Протеин S свободный (Protein S, Free);;Плазма крови;1 к.д.;2 220,00
1153;;;Плазминоген (Plasminogen);;Плазма крови;1 к.д.;725,00
ОБС103;;;Гемостазиограмма (коагулограмма), скрининг (Coagulation, Gemostaziogram, Screening);;Плазма крови;до 2 к.д.;1 000,00
ОБС109;;;Гемостазиограмма (коагулограмма) расширенная (Hemostasiogram (coagulogram), extended;;Плазма крови;1 к.д.;3 180,00
1801;;;Исследование активности фактора II;;Плазма крови;до 5 р.д.;2 490,00
1802;;;Исследование активности фактора V;;Плазма крови;до 5 р.д.;2 490,00
1803;;;Исследование активности фактора X;;Плазма крови;до 5 р.д.;2 490,00
1804;;;Исследование активности фактора ХI;;Плазма крови;до 5 р.д.;2 490,00
1805;;;Исследование активности фактора XII;;Плазма крови;до 5 р.д.;2 490,00
1417;;;Фактор Виллебранда (ристоцетин-кофакторная активность) (Von Willebrand Factor  ristocetin  cofactor  activity);;Плазма крови;до 8 к.д.;6 130,00
1156;;;Фибрин мономер, растворимые фибрин-мономерные комплексы (РФМК);;Плазма крови;до 2 к.д.;4 130,00
1822;;;Исследование индекса ристоцетиновой активности фактора Виллебранда;;Плазма крови;до 8 р.д.;2 490,00
1823;;;Исследование коллагенсвязывающией активности фактора Виллебранда;;Плазма крови;до 8 р.д.;3 390,00
1824;;;Комплексное исследование функциональной активности фактора Виллебранда;;Плазма крови;до 8 р.д.;5 490,00
1214;;;Исследование активности протеазы ADAMTS-13;;Плазма крови;до 8 р.д.;4 690,00
1902;;;Расширенный поиск волчаночных антикоагулянтов в плазме в соответствии с рекомендациями Международного Общества по тромбозам и гемостазу (Lupus Anticoagulant Diagnostic in Plasmaon recommendation ISTH);;Плазма крови;до 8 р.д.;4 990,00
4. БИОХИМИЧЕСКИЕ ИССЛЕДОВАНИЯ КРОВИ;;;;;;;
;;;;;;;
4.1. Углеводы;;;;;;;
;;;;;;;
16;;;Глюкоза (Glucose);;"Плазма крови; Сыворотка крови";1 к.д.;190,00
17;;;Фруктозамин (Fructosamine);;Сыворотка крови;до 2 р.д.;720,00
18;;;Гликированный гемоглобин HbA1С (HbA1С, Glycated Hemoglobin, GHB);;Кровь;1 р.д.;540,00
215;;;Лактат (Lactate);;Плазма крови;1 к.д.;685,00
ГТТ2;;;Глюкозо-толерантный тест с определением глюкозы в венозной крови натощак и после нагрузки через 2 часа (2-Hour Oral Glucose Tolerance Test, OGTT, Glucose Concentration (Fasting and 2 Hours after Load), Venous Blood);;Плазма крови;до 2 к.д.;535,00
ГТГС2;;;Глюкозо-толерантный тест с определением глюкозы и С-пептида в венозной крови натощак и после нагрузки через 2 часа (2-Hour Oral Glucose Tolerance Test, OGTT, Glucose and C-Protein Concentration (Fasting and 2 Hours after Load), Venous Blood);;Плазма крови;1 к.д.;1 300,00
ГТБ-С2;;;Глюкозотолерантный тест при беременности (пероральный глюкозотолерантный тест, ГТТ, ОГТТ) Oral Glucose Tolerance Test, Plasma, OGTT, Pregnancy;;Плазма крови;до 2 к.д.;735,00
4.2. Липиды, липопротеины, аполипопротеины;;;;;;;
* Тест №33 ЛПНП выполняется  только в комплексе с тестами  № 30 Триглицериды, 31 Холестерин общий и 32 ЛПВП;;;;;;;
30;;;Триглицериды (ТГ) (Triglycerides);;Сыворотка крови;1 к.д.;225,00
31;;;Холестерин общий (Холестерин) (Cholesterol Total);;Сыворотка крови;1 к.д.;220,00
32;;;Холестерин ЛПВП (Холестерин липопротеинов высокой плотности, ЛПВП, α-холестерин) (High-Density Lipoprotein Cholesterol, HDL Cholesterol);;Сыворотка крови;1 к.д.;245,00
1644;;;Холестерин ЛПНП (прямой метод) Cholesterol LDL (direct);;Сыворотка крови;1 к.д.;285,00
33;;;Холестерин ЛПНП (Холестерин липопротеинов низкой плотности, ЛПНП, β-холестерин) (Low-Density Lipoprotein Cholesterol, LDL Cholesterol)*;;Сыворотка крови;1 к.д.;225,00
218;;;Холестерин-ЛПОНП (Холестерин липопротеинов очень низкой плотности, ЛПОНП, VLDL Cholesterol);;Сыворотка крови;1 к.д.;435,00
1071;;;Липопротеин (a), ЛП (а) (Lipoprotein (a), Lp (a));;Сыворотка крови;1 к.д.;1 010,00
219;;;Аполипопротеин А1 (Апопротеин А1, апо А1) (Apolipoprotein A1, Apo A1);;Сыворотка крови;1 к.д.;685,00
220;;;Аполипопротеин B (Апопротеин B, апо В) (Apolipoprotein B, Apo B);;Сыворотка крови;1 к.д.;510,00
1512BILE;;;Желчные кислоты (Bile Acids);;Сыворотка крови;1 к.д.;3 000,00
4.3. Белки и аминокислоты;;;;;;;
* Тест №29 выполняется только в комплексе с тестом №28;;;;;;;
10;;;Альбумин (Albumin);;Сыворотка крови;1 к.д.;280,00
28;;;Общий белок (Protein Total);;Сыворотка крови;1 к.д.;210,00
29;;;Белковые фракции (Serum Protein Electrophoresis, SPE, SPEР)*;;Сыворотка крови;1 р.д.;400,00
4050;;;М-градиент, скрининг. Электрофорез сыворотки крови, иммунофиксация с поливалентной антисывороткой, количественная оценка М-белка (без типирования) (M-Gradient, Screening. Serum Protein Electrophoresis (SPEP), Immunofixation with Polyvalent Antiserum, Quantification of M-Protein (without Typing));;Сыворотка крови;до 12 р.д.;2 525,00
4051;;;М-градиент, типирование. Электрофорез сыворотки крови, иммунофиксация с панелью антисывороток (раздельно к IgG, IgA, IgM, каппа, лямбда), количественная оценка М-белка (M-Gradient, Typing. Serum Protein Electrophoresis (SPEP), Immunofixation with Antisera (IgG, IgA, IgM, Kappa, Lambda), Quantification of M-Protein);;Сыворотка крови;до 12 р.д.;4 675,00
1551;;;Электрофорез белков мочи, определение типа протеинурии (Urine Protein Electrophoresis);;Моча;до 10 р.д.;1 900,00
1552;;;Белок Бенс-Джонса в моче, скрининг с применением иммунофиксации и количественное определение (Bence-Jones Protein, Urine, Immunofixation, Quantification );;Моча;до 10 р.д.;2 270,00
1553;;;Белок Бенс-Джонса в моче: иммунофиксация, количественное определение, типирование каппа, лямбда (Bence-Jones Protein, Urine, Electrophoresis, Immunofixation, Kappa/Lambda Typing, Quantification );;Моча;до 10 р.д.;3 990,00
1539;;;Свободные легкие цепи иммуноглобулинов каппа и лямбда сыворотки с расчетом индекса каппа/лямбда;;Сыворотка крови;до 9 р.д.;2 355,00
1540;;;Свободные легкие цепи иммуноглобулинов каппа и лямбда в моче (Urine immunoglobulin free light chains (FLC) kappa and lambda);;Моча;до 9 р.д.;1 615,00
153;;;Гомоцистеин (Homocysteine);;Сыворотка крови;1 к.д.;1 530,00
1689;;;Аминокислоты в плазме крови - скрининговое исследование 13 показателей;;Плазма крови;до 6 к.д.;5 200,00
1690;;;Аминокислоты в плазме крови, 48 показателей;;Плазма крови;до 6 к.д.;7 865,00
1792;;;Аминокислоты в плазме крови - экспертное количественное исследование для выявления функциональных метаболических изменений (48 показателей), ВЭЖХ-МС;;Плазма крови;до 6 к.д.;8 755,00
1862;;;(Chromolab) Оценка функции сердечно-сосудистой системы, функции почек - лабораторные маркеры, ВЭЖХ-МС;;Плазма крови;до 10 к.д.;3 940,00
1863;;;(Chromolab) Метилированные производные аргинина: монометиларгинин (MMA), асимметричный диметиларгинин (ADMA), симметричный диметиларгинин (SDMA) - в плазме крови. Расчетные соотношения: (ADMA+SDMA)/MMA, SDMA/MMA, ADMA/MMA, ADMA/SDMA, ВЭЖХ-МС;;Плазма крови;до 10 к.д.;2 460,00
1867;;;(Chromolab) Оценка функционального состояния кишечника (последствия антибиотикотерапии) - лабораторные маркеры, ГХ-МС;;Моча;до 7 к.д.;4 060,00
2041;;;(Chromolab) Энергетический блок - лабораторные маркеры, ГХ-МС, ВЭЖХ-МС;;;до 6 к.д.;4 010,00
2043;;;(Chromolab) Эффективность энергообеспечения клетки (работа митохондрий) - лабораторные маркеры, ГХ-МС, ВЭЖХ-МС;;;до 8 к.д.;4 370,00
4.4. Оценка функции почек;;;;;;;
;;;;;;;
22;;;Креатинин (Creatinine);;Сыворотка крови;1 к.д.;205,00
26;;;Мочевина (Urea);;Сыворотка крови;1 к.д.;210,00
27;;;Мочевая кислота (Uric Аcid);;Сыворотка крови;1 к.д.;205,00
40CKDEPI;;;Клубочковая фильтрация, расчет по формуле CKD-EPI – креатинин (Estimated Glomerular Filtration Rate, eGFR, CKD-EPI Creatinine Equation);;Сыворотка крови;1 к.д.;245,00
1525;;;Цистатин С (Cystatin C);;Сыворотка крови;1 к.д.;850,00
1526;;;Клубочковая фильтрация, расчет по формуле CKD-EPI – цистатин С (Estimated Glomerular Filtration Rate, eGFR, CKD-EPI Сystatin C Equation);;Сыворотка крови;1 к.д.;855,00
РАСЧЕТCKDEPI1;;;Клубочковая фильтрация CKD-EPI, расчет;;Сыворотка крови;1 к.д.;1,00
РАСЧЕТGRF;;;Клубочковая фильтрация (рСКФ педиатр., формула Шварца 2009);;Сыворотка крови;1 к.д.;50,00
1646GRF;;;Оценка скорости клубочковой фильтрации у детей по формуле Шварца, креатинин (Estimation of glomerular filtration rate in children using the Schwartz formula, creatinine);;Сыворотка крови;1 р.д.;240,00
4.5. Пигменты;;;;;;;
* Тест N-BINDR выполняется только в  комплексе с  тестами №13 и №14;;;;;;;
13;;;Билирубин общий (Bilirubin Total);;Сыворотка крови;1 к.д.;200,00
14;;;Билирубин прямой (Билирубин конъюгированный, связанный) (Direct Bilirubin, DBIL, Conjugated Bilirubin );;Сыворотка крови;1 к.д.;200,00
4.6. Ферменты;;;;;;;
;;;;;;;
8;;;Аланинаминотрансфераза (АлАТ, АЛТ, глутамино-пировиноградная трансаминаза, ГПТ) (Alanine Aminotransferase, ALT, Serum Glutamic Pyruvic Transaminase, SGPT );;Сыворотка крови;1 к.д.;200,00
9;;;Аспартатаминотрансфераза (АсАТ, АСТ, глутамино-щавелевоуксусная трансаминаза, ГЩТ) (Aspartateaminotransferase, AST, Serum Glutamicoxaloacetic Transaminase, SGOT );;Сыворотка крови;1 к.д.;200,00
11;;;Альфа-амилаза (α-амилаза, диастаза) (Аlpha-Аmilase, α-Amylase);;Сыворотка крови;1 к.д.;225,00
12;;;Альфа-амилаза панкреатическая (P-изофермент амилазы) (Pancreatic α-Amylase);;Сыворотка крови;1 к.д.;325,00
15;;;Гамма-глутамилтранспептидаза (ГГТ, глутамилтранспептидаза) (Gamma-Glutamyl Transferase, GGT);;Сыворотка крови;1 к.д.;205,00
19;;;Креатинкиназа (Креатинфосфокиназа, КК, КФК) (Creatine Kinase, CK, Creatine Phosphokinase, CPK);;Сыворотка крови;1 к.д.;305,00
20;;;Креатинкиназа-МВ (Креатинфосфокиназа-МВ, КК-МВ, КФК-МВ) (Creatine Kinase-MB, CK-MB, Creatine Phosphokinase-MB, CPK-MB.);;Сыворотка крови;1 к.д.;420,00
23;;;Липаза (Триацилглицеролацилгидролаза) (Lipase);;Сыворотка крови;1 к.д.;390,00
24;;;Лактатдегидрогеназа (ЛДГ, L-лактат, НАД+Оксидоредуктаза) (Lactate Dehydrogenase, LDH);;Сыворотка крови;1 к.д.;205,00
34;;;Холинэстераза (S-Псевдохолинэстераза, холинэстераза II, S-ХЭ, ацилхолингидролаза) (Cholinesterase, Pseudocholinesterase, PCHE);;Сыворотка крови;1 к.д.;290,00
36;;;Фосфатаза щелочная (ЩФ) (Alkaline Phosphatase, ALP);;Сыворотка крови;1 р.д.;205,00
1676;;;Коэнзим Q10 в крови;;Плазма крови;до 5 к.д.;2 990,00
1418;;;Костный фермент щелочной фосфатазы (Остаза);;Сыворотка крови;до 8 р.д.;2 990,00
2039;;;(Chromolab) Маркеры дисбиоза (арабиноза, арабинитол) в моче, ГХ-МС;;Моча;до 9 к.д.;3 750,00
4.7. Оценка состояния инкреторной и секреторной ф-ций ЖКТ;;;;;;;
;;;;;;;
216;;;Гастрин (Gastrin);;Сыворотка крови;до 4 р.д.;810,00
294;;;Пепсиноген I (Pepsinogen I);;Сыворотка крови;до 7 р.д.;1 010,00
295;;;Пепсиноген II (Pepsinogen II);;Сыворотка крови;до 7 р.д.;1 010,00
2111;;;Пепсиногены I и II с расчетом соотношения (Пепсиноген I/Пепсиноген II) (Pepsinogen I/Pepsinogen II, PG1/PG2);;Сыворотка крови;до 7 р.д.;2 160,00
ГАСТР;;;Гастропанель (GastroPanel);;Плазма крови;до 7 к.д.;4 890,00
978;;;Стимуляционная проба – Гастрин-17 (стимулированный) (Gastrin-17 Stimulation Test, Gastrin-17, G-17);;Плазма крови;до 7 к.д.;1 255,00
4.8. Маркеры метаболизма костной ткани;;;;;;;
;;;;;;;
146;;;Остеокальцин (Костный Gla белок) (Оsteocalcin, N-Osteocalcin, Bone Gla Protein, BGP);;Сыворотка крови;1 к.д.;845,00
928;;;25-OH витамин D общий (25-OH Vitamin D Total, 25(OH)D, 25-Hydroxycalciferol);;Сыворотка крови;1 к.д.;2 065,00
203;;;С-концевые телопептиды коллагена I типа (бета-CrossLaps, С-терминальный телопептид, СТ) (Carboxyterminal Cross-linking Telopeptide of Bone Collagen, Collagen Cross-linked C-Telopeptide, Beta-Cross Laps, β-CrossLaps Serum, C-Telopeptide, Crosslaps, Type 1 Collagen, СТ, b-СTx Serum);;Плазма крови;до 3 р.д.;1 120,00
204;;;N-терминальный пропептид проколлагена 1 общий (Procollagen Type 1 N-terminal Propeptide, P1NP, Total);;Сыворотка крови;1 к.д.;1 775,00
147;;;Дезоксипиридинолин (ДПИД) в моче (Deoxypyridinolinein, DPD, Urine);;Моча;1 р.д.;1 650,00
4.9. Антиоксидантный статус;;;;;;;
;;;;;;;
1231;;;Глутатион общий (Glutathione Total);;Кровь;до 5 к.д.;2 190,00
1679;;;8-ОН-дезоксигуанозин в крови;;Плазма крови;до 5 к.д.;2 690,00
1681;;;Малоновый диальдегид;;Плазма крови;до 5 к.д.;2 990,00
1370;;;Комплексная оценка оксидативного стресса;;"Плазма крови; Сыворотка крови";до 5 к.д.;13 990,00
1741;;;(Chromolab) Глутатион свободный (восстановленный, GSH) в крови (Glutathione reduced), ВЭЖХ-ФЛ;;Кровь;до 8 р.д.;3 470,00
4.10. Витамины;;;;;;;
;;;;;;;
117;;;Витамин В12 (цианокобаламин, кобаламин) (Cobalamin);;Сыворотка крови;1 к.д.;885,00
118;;;Фолиевая кислота  (Folic Acid);;Сыворотка крови;1 к.д.;1 130,00
928;;;25-OH витамин D общий (25-OH Vitamin D Total, 25(OH)D, 25-Hydroxycalciferol);;Сыворотка крови;1 к.д.;2 065,00
1317B12;;;Активный витамин В12 (Голотранскобаламин, Active-B12, Holotranscobalamin);;Сыворотка крови;до 4 к.д.;1 520,00
877;;;Витамин К1 в сыворотке (филлохинон)  (Vitamin K1, Phylloquinone, Serum);;Сыворотка крови;до 5 к.д.;2 565,00
931;;;Витамин А в сыворотке (ретинол) (Vitamin A, Retinol, Serum);;Сыворотка крови;до 5 к.д.;2 565,00
932;;;Витамин Е в сыворотке (альфа-токоферол) (Vitamin E, alpha-Tocopherol, Serum);;Сыворотка крови;до 5 к.д.;2 565,00
1581;;;Омега-3 индекс (Omega-3 Index);;Кровь;до 5 к.д.;5 110,00
1587;;;Жирные кислоты, профиль: омега-3,-6,-9, плазма (Fatty acids panel, omega-3, -6, -9, plasma);;Плазма крови;до 5 к.д.;9 820,00
1604;;;Витамин В1 (тиамин);;Плазма крови;до 5 к.д.;2 565,00
1609;;;Витамин В2 (рибофлавин);;Плазма крови;до 5 к.д.;2 565,00
1610;;;Витамин В3 (никотинамид);;Плазма крови;до 5 к.д.;2 565,00
1608;;;Витамин В5 (пантотеновая кислота);;Плазма крови;до 5 к.д.;2 565,00
1605;;;Витамин В6 (пиридоксальфосфат);;Плазма крови;до 5 к.д.;2 565,00
1611;;;Витамин В7, Н (биотин);;Плазма крови;до 5 к.д.;2 565,00
1606;;;Витамин С (аскорбиновая кислота);;Плазма крови;до 5 к.д.;2 565,00
1614;;;Ретинил пальмитат;;Сыворотка крови;до 5 к.д.;2 565,00
1615;;;Бета-каротин;;Сыворотка крови;до 5 к.д.;2 565,00
1603;;;1,25-дигидроксивитамин D3 (1,25-dihydroxivitamin D3);;Сыворотка крови;до 5 к.д.;2 870,00
1616;;;Витамин 25(OH)D2 и 25(OH)D3, раздельное определение (ВЭЖХ - МС/МС);;Сыворотка крови;до 5 к.д.;6 435,00
1827;;;Жиро- и водорастворимые витамины;;"Плазма крови; Сыворотка крови";до 4 р.д.;23 875,00
1828;;;Жирорастворимые витамины;;Сыворотка крови;до 4 р.д.;8 350,00
1829;;;Водорастворимые витамины;;"Плазма крови; Сыворотка крови";до 4 р.д.;15 555,00
1830;;;Нейротропные витамины;;"Плазма крови; Сыворотка крови";до 4 р.д.;5 235,00
ОБС156;;;Витамин Д и минеральный обмен;;Сыворотка крови;1 к.д.;3 130,00
1613;;;Витамин К2 (менахинон-4) (Vitamin K2, Menaquinone-4, serum);;Сыворотка крови;до 5 к.д.;2 090,00
1661;;;Витамин К2, Менахинон-7, сыворотка (Vitamin K2, Menaquinone-7, serum);;Сыворотка крови;до 5 к.д.;2 090,00
1613/61;;;Витамин К2: МК-4 и МК-7, сыворотка (Vitamin K2: MK-4 and  MK-7, serum);;Сыворотка крови;до 5 к.д.;3 990,00
0004НМУ;;;Витамины группы В (В1, В2, В3, В5, В6, В7, В9, В12) (B vitamins (B1, B2 ,B3, B5, B6, B7, B9, B12));;"Плазма крови; Сыворотка крови";до 5 к.д.;16 535,00
1794;;;(Chromolab) Омега-3 индекс - отношение эйкозапентаеновой (EPA), докозапентаеновой (DPA) и докозагексаеновой (DHA) жирных кислот к суммарному содержанию жирных кислот в цельной крови и эритроцитарных мембранах: оценка рисков возникновения сердечно-сосудистых заболеваний и инфаркта миокарда, ГХ-ПИД;;Кровь;до 6 к.д.;5 720,00
1796;;;(Chromolab) Витамин B6 (пиридоксаль-5-фосфат) в плазме крови, ВЭЖХ-МС/МС;;Плазма крови;до 6 к.д.;2 940,00
1798;;;(Chromolab) Жирорастворимые витамины: A (ретинол), D (25-OH D2/D3 суммарно), E(альфа-токоферол), K1 (филлохинон) - в крови, ВЭЖХ-МС/МС ((Chromolab) Fat-soluble vitamins: A (retinol), D (25-OH D2/D3 total), E (alpha-tocopherol), K1 (phylloquinone) - in the blood, HPLC-MS/MS);;Сыворотка крови;до 6 к.д.;8 995,00
1861;;;"(Chromolab) Витамины группы B: B1(тиамин-пирофосфат), B2(ФАД), B3(ниацин), B5(пантотеновая кислота), B6(пиридоксаль-5-фосфат), B7(биотин), B9(фолиевая кислота), B12(кобаламин) в крови, ВЭЖХ-МС/МС; ИХМ ((Chromolab) B vitamins: B1(thiamine pyrophosphate), B2(FAD), B3(niacin), B5(pantothenic acid), B6(pyridoxal-5-phosphate), B7(biotin), B9(folic acid), B12(cobalamin) in blood, HPLC-MS/MS; IHM)";;;до 8 к.д.;8 320,00
4.11. Неорганические вещества;;;;;;;
* тест 155  выполняется при одновременном заказе тестов №48 и №49;;;;;;;
39;;;Калий/Натрий/Хлор в сыворотке крови (К+/Potassium, Na+/Sodium, Сl-/Chloride, Serum);;Сыворотка крови;1 к.д.;295,00
37;;;Кальций общий (Ca) (Calcium Total);;Сыворотка крови;1 к.д.;230,00
37/10;;;Кальций корректированный по альбумину;;Сыворотка крови;1 р.д.;480,00
165;;;Кальций ионизированный (Ca2+, cвободный кальций) (Ionized Calcium, Free Calcium);;Сыворотка крови;до 2 р.д.;465,00
40;;;Магний (Мg) в сыворотке крови  (Magnesium (Mg), Serum);;Сыворотка крови;1 к.д.;260,00
41;;;Фосфор неорганический (P) (Phosphorus (P));;Сыворотка крови;1 к.д.;255,00
48;;;Железо (Fe) в сыворотке крови  (Iron (Fe), Serum);;Сыворотка крови;1 к.д.;245,00
49;;;Латентная (ненасыщенная) железосвязывающая способность сыворотки крови (ЛЖСС, НЖСС) (Unsaturated Iron Binding Capacity, UIBC);;Сыворотка крови;1 к.д.;576,00
1693;;;Аммиак в плазме крови (Ammonia in blood plasma);;Плазма крови;до 3 к.д.;590,00
4.12. Специфические белки;;;;;;;
;;;;;;;
42;;;Антистрептолизин-О (АСЛ-О, АСЛО) (Antistreptolysin-O, ASO);;Сыворотка крови;1 к.д.;435,00
43;;;С-реактивный белок (СРБ) (C-Reactive Protein, CRP);;Сыворотка крови;1 к.д.;375,00
1643;;;Высокочувствительный С-реактивный белок (кардио);;Сыворотка крови;1 к.д.;630,00
44;;;Ревматоидный фактор (РФ) (Rheumatoid Factor, RF);;Сыворотка крови;1 к.д.;405,00
840;;;Церулоплазмин (Ceruloplasmin);;Сыворотка крови;1 к.д.;765,00
841;;;Гаптоглобин (Haptoglobin);;Сыворотка крови;1 к.д.;745,00
1210;;;Альфа-2-макроглобулин (Alpha-2-Macroglobulin, α2-Macroglobulin, A2M);;Сыворотка крови;1 к.д.;520,00
1200A1AT;;;Альфа-1-антитрипсин (А1АТ), концентрация  (Alpha-1-Antitrypsin, A1AT, AAT, Concentration);;Сыворотка крови;до 9 р.д.;1 530,00
832A1A;;;Альфа-1-антитрипсин (А1АТ), фенотипирование (Alpha-1-Antitrypsin, A1AT, AAT, Phenotyping);;Кровь;до 10 р.д.;2 840,00
50;;;Трансферрин (Сидерофилин) (Transferrin);;Сыворотка крови;1 к.д.;565,00
51;;;Ферритин (Ferritin);;Сыворотка крови;1 р.д.;520,00
21;;;Миоглобин (Myoglobin);;Сыворотка крови;до 3 к.д.;640,00
1631;;;Натрийуретического гормона (В-типа) N-концевой пропептид (NT-proBNP, N-Terminal Pro-brain Natriuretic Peptide, Pro-B-Type Natriuretic Peptide);;Сыворотка крови;1 к.д.;3 295,00
157;;;Тропонин-I (Troponin-I);;Сыворотка крови;до 3 к.д.;890,00
838;;;Карбогидрат-дефицитный трансферрин (Carbohydrate-Deficient Trancferrin, CDT);;Сыворотка крови;до 5 р.д.;3 295,00
839;;;Карбогидрат -дефицитный трансферрин с электрофореграммой (Carbohydrate-Deficient Transferrin with results on an electrophoregram (CDT));;Сыворотка крови;до 2 р.д.;3 545,00
1566;;;Гепсидин 25 (биоактивный) (Hepcidin 25, bioactive);;Сыворотка крови;до 7 р.д.;7 025,00
1595STFR;;;Растворимые рецепторы трансферрина (рТФР, Soluble Transferrin Receptor, sTfR);;Сыворотка крови;до 9 р.д.;1 995,00
1700;;;Прокальцитонин (Procalcitonin);;Сыворотка крови;1 к.д.;1 985,00
TR157;;;Высокочувствительный тропонин в стратификации кардиориска стабильных амбулаторных пациентов;;Сыворотка крови;до 3 к.д.;735,00
1275;;;Исследование концентрации сывороточного амилоида А (SAA);;Сыворотка крови;до 7 р.д.;3 690,00
1632;;;Натрийуретического гормона (В-типа) N-концевой пропептид (NT-proBNP, N-Terminal Pro-brain Natriuretic Peptide, Pro-B-Type Natriuretic Peptide);;Сыворотка крови;до 6 р.д.;8 900,00
1856;;;PIVKA-II – белок, индуцированный отсутствием витамина К или его антагонистом-II;;Сыворотка крови;до 3 р.д.;2 990,00
4.13. Онкомаркеры;;;;;;;
* необходим заказ дополнительных тестов;;;;;;;
103;;;ПСА общий (Простатический специфический антиген общий) (Prostate-Specific Antigen Total, PSA Total);;Сыворотка крови;1 к.д.;590,00
ОБС69;;;Онкориск мужской: предстательная железа (Male oncologic risk: prostate);;Сыворотка крови;1 к.д.;1 170,00
2113;;;Оценка здоровья простаты (ПСА общ., ПСА св., -2proPSA, phi);;Сыворотка крови;до 3 к.д.;4 500,00
171;;;Кальцитонин (Calcitonin);;Сыворотка крови;1 р.д.;1 110,00
92;;;Альфа-фетопротеин (АФП) (α-Fetoprotein, AFP);;Сыворотка крови;1 к.д.;455,00
141;;;Раково-эмбриональный антиген (РЭА, карциноэмбриональный антиген) (Carcinoembryonic Antigen, CEA);;Сыворотка крови;1 к.д.;725,00
142;;;СА-15-3 (Углеводный антиген 15-3) (Carbohydrate Antigen СА-15-3, Cancer Antigen СА-15-3);;Сыворотка крови;1 к.д.;810,00
166;;;CA-72-4 (Углеводный антиген 72-4) (Carbohydrate Antigen СА-72-4, Cancer Antigen CA-72-4);;Сыворотка крови;1 к.д.;1 130,00
144;;;СА-19-9 (Углеводный антиген 19-9) (Carbohydrate Antigen СА-19-9, Cancer Antigen-GI);;Сыворотка крови;1 к.д.;825,00
167;;;Цитокератиновый фрагмент (Cyfra 21-1, фрагмент цитокератина 19) (Cytokeratin 19 Fragments, C-terminus of Cytokeratin 19, CK19 Soluble Fragments, Cyfra 21-1);;Сыворотка крови;1 к.д.;1 110,00
143;;;СА-125 (Углеводный антиген 125) (Carbohydrate Antigen СА-125, Cancer Antigen СА-125);;Сыворотка крови;1 к.д.;765,00
1281;;;HE4 (Белок 4 эпидидимиса человека) (Human Epididymis Protein 4, HE4);;Сыворотка крови;1 к.д.;1 200,00
ROMA1;;;Оценка риска рака яичников по алгоритму ROMA (Risk of Ovarian Malignancy Algorithm, алгоритм расчета риска эпителиального рака яичников) (для женщин до менопаузы) (Risk of Ovarian Malignancy Algorithm, ROMA (Before Menopause));;Сыворотка крови;1 к.д.;1 945,00
РАСЧЕТROMA1;;;ROMA1 Расчет индекса;;Сыворотка крови;до 2 р.д.;90,00
ROMA2;;;Оценка риска рака яичников по алгоритму ROMA (Risk of Ovarian Malignancy Algorithm, алгоритм расчета риска эпителиального рака яичников) (для женщин после менопаузы) (Risk of Ovarian Malignancy Algorithm, ROMA (After Menopause));;Сыворотка крови;1 к.д.;1 945,00
РАСЧЕТROMA2;;;ROMA2 Расчет индекса;;Сыворотка крови;до 2 р.д.;90,00
1280;;;CA-242 (Углеводный антиген 242, опухолевый маркер CA-242) (Carbohydrate Antigen СА-242, Tumor Marker CA-242);;Сыворотка крови;до 8 к.д.;985,00
208;;;Бета-2-микроглобулин (β-2-микроглобулин) в сыворотке крови (Вeta-2-Microglobulin, BMG, Serum );;Сыворотка крови;до 3 к.д.;1 130,00
209;;;Нейронспецифическая енолаза (НСЕ) (Neuron-Specific Enolase, NSE);;Сыворотка крови;1 к.д.;1 585,00
946;;;Хромогранин А (Chromogranin A, CgA);;Сыворотка крови;до 6 р.д.;5 740,00
1198;;;Белок S100 (S100 Рrotein);;Сыворотка крови;1 к.д.;3 155,00
1296;;;SCC (Антиген плоскоклеточной карциномы) (Squamous Cell Carcinoma Antigen, SCCA, SCCAg);;Сыворотка крови;до 6 р.д.;2 670,00
1297;;;UBC (Антиген рака мочевого пузыря, исследование растворимых фрагментов цитокератинов 8 и 18 в моче) (Urine Bladder Cancer Antigen, Urine Bladder Cancer, UBC);;Моча;до 8 р.д.;2 180,00
4050;;;М-градиент, скрининг. Электрофорез сыворотки крови, иммунофиксация с поливалентной антисывороткой, количественная оценка М-белка (без типирования) (M-Gradient, Screening. Serum Protein Electrophoresis (SPEP), Immunofixation with Polyvalent Antiserum, Quantification of M-Protein (without Typing));;Сыворотка крови;до 12 р.д.;2 525,00
4051;;;М-градиент, типирование. Электрофорез сыворотки крови, иммунофиксация с панелью антисывороток (раздельно к IgG, IgA, IgM, каппа, лямбда), количественная оценка М-белка (M-Gradient, Typing. Serum Protein Electrophoresis (SPEP), Immunofixation with Antisera (IgG, IgA, IgM, Kappa, Lambda), Quantification of M-Protein);;Сыворотка крови;до 12 р.д.;4 675,00
104;;;ПСА свободный (Простатический специфический антиген свободный)*;;Сыворотка крови;1 к.д.;590,00
PSA103;;;ПСА общий (Простатический специфический антиген общий) (Prostate-Specific Antigen Total, PSA Total)*;;Сыворотка крови;1 к.д.;590,00
7650;;;Молекулярно-генетическая диагностика рака предстательной железы;;Моча;до 8 р.д.;3 990,00
35;;;Фосфатаза кислая (КФ) (Acid Phosphatase, ACP);;Сыворотка крови;до 3 к.д.;390,00
5. ОЦЕНКА ФУНКЦИИ ЭНДОКРИННОЙ СИСТЕМЫ;;;;;;;
;;;;;;;
5.1. Оценка функции гипофиза;;;;;;;
* Тест 6161 выполняется при одновременном заказе теста 61;;;;;;;
100;;;Адренокортикотропный гормон (АКТГ, кортикотропин) (Adrenocorticotropic Hormone, ACTH);;Плазма крови;до 2 р.д.;945,00
56;;;Тиреотропный гормон (ТТГ, тиротропин) (Thyroid Stimulating Hormone, TSH);;Сыворотка крови;1 к.д.;430,00
99;;;Соматотропный гормон (соматотропин, СТГ) (Growth Hormone, GH);;Сыворотка крови;до 2 к.д.;600,00
174;;;Соматомедин С (Инсулиноподобный фактор 1) (Somatomedin C, Insulin-like Growth Factor 1, IGF-1);;Сыворотка крови;до 2 р.д.;1 255,00
59;;;Фолликулостимулирующий гормон (ФСГ) (Follicle Stimulating Hormone, FSH);;Сыворотка крови;1 к.д.;470,00
60;;;Лютеинизирующий гормон (ЛГ) (Luteinizing Hormone, LH);;Сыворотка крови;1 к.д.;420,00
61;;;Пролактин (Prolactin);;Сыворотка крови;1 к.д.;415,00
6161;;;Макропролактин (Macroprolactin)*;;Сыворотка крови;1 к.д.;1 195,00
1645;;;Мелатонин, плазма (Melatonin, plasma);;Плазма крови;до 5 к.д.;3 335,00
5601;;;Макро-ТТГ;;Сыворотка крови;до 3 р.д.;430,00
5.2. Оценка функции щитовидной железы;;;;;;;
;;;;;;;
56;;;Тиреотропный гормон (ТТГ, тиротропин) (Thyroid Stimulating Hormone, TSH);;Сыворотка крови;1 к.д.;430,00
54;;;Тироксин общий (T4 общий, тетрайодтиронин общий) (Total Thyroxine, TT4);;Сыворотка крови;1 к.д.;465,00
55;;;Тироксин свободный (Т4 свободный) (Free Thyroxine, FT4);;Сыворотка крови;1 к.д.;435,00
52;;;Трийодтиронин общий (Т3 общий) (Total Triiodthyronine, TT3);;Сыворотка крови;1 к.д.;455,00
53;;;Трийодтиронин свободный (Т3 свободный) (Free Triiodthyronine, FT3);;Сыворотка крови;1 р.д.;440,00
1612;;;Трийодтиронин реверсивный (Т3 реверсивный, Reverse Triiodthyronine).;;Сыворотка крови;до 5 к.д.;7 025,00
196;;;"Тироксинсвязывающая способность (поглощение тиреоидных гормонов; индекс связывания тироксина; индекс свободного тироксина) (Thyroid Uptake, T-Uptake, Thyroxine-Binding Capacity,TBC, Thyroxine-Binding Index, TBI, free T4Index, fT4I)";;Сыворотка крови;до 3 р.д.;665,00
197;;;Тиреоглобулин (ТГ) (Thyroglobulin, TG);;Сыворотка крови;до 4 р.д.;825,00
57;;;Антитела к тиреоглобулину (АТ-ТГ) (Anti-Тhyroglobulin Autoantibodies, Thyroglobulin Antibodies, Tg Autoantibodies, TgAb, Anti-Tg Ab, ATG);;Сыворотка крови;1 к.д.;565,00
58;;;Антитела к тиреоидной пероксидазе (АТ-ТПО, микросомальные антитела) (Аnti-Тhyroid Рeroxidase Аutoantibodies, Antimicrosomal Antibodies, TPO Antibodies, TPOAb, Anti-TPO);;Сыворотка крови;1 к.д.;475,00
198;;;Антитела к микросомальной фракции тиреоцитов (АТ к микросомальному антигену тиреоцитов, АТ-МАГ, АМАТ, тиреоидные антимикросомальные антитела) (Anti-Thyroid Microsomal Antibodies);;Сыворотка крови;до 7 р.д.;600,00
199;;;Антитела к рецепторам ТТГ (АТ к рецепторам тиреотропного гормона в сыворотке крови, Ат-рТТГ) (Thyroid-Stimulating Hormone Receptor Antibodies, TSH Receptor Antibodies, TSHRAbs, TSH binding inhibitor immunoglobulin, TBII);;Сыворотка крови;до 2 к.д.;1 775,00
1706;;;Кальцитонин в смыве пункционной иглы (Calcitonin in puncture needle flush);;Смыв;до 2 к.д.;1 110,00
5.3. Оценка функции коры надпочечников;;;;;;;
;;;;;;;
65;;;Кортизол (Гидрокортизон) (Cortisol, Hydrocortisone);;Сыворотка крови;1 к.д.;500,00
178;;;Свободный кортизол, суточная моча (Free Сortisol, Free Hydrocortisone, 24-Hour urine);;Моча;1 к.д.;885,00
1508;;;Кортизол, слюна (Cortisol, Saliva);;Слюна;1 к.д.;700,00
205;;;Альдостерон (Aldosterone);;Сыворотка крови;до 2 к.д.;885,00
206;;;Ренин (Ренин плазмы крови, прямое определение) (Direct Renin, Plasma);;Плазма крови;до 2 к.д.;1 070,00
DRE206;;;Ренин (Ренин плазмы крови, прямое определение) (Direct Renin, Plasma);;Плазма крови;до 3 р.д.;1 070,00
1302ARR;;;Альдостерон-рениновое соотношение (Aldosterone-Renin Ratio, ARR);;Плазма крови;до 2 р.д.;1 640,00
1301;;;Прегненолон (Pregnenolone);;Сыворотка крови;до 5 к.д.;3 560,00
1573;;;Кортизол, ДГЭА – слюна, 4 порции,  соотношение ДГЭА-кортизол;;Слюна;до 7 р.д.;5 290,00
ALD205;;;Альдостерон (Aldosterone);;Плазма крови;до 2 р.д.;885,00
1728;;;(Chromolab) Кортизол в слюне (одна порция), ВЭЖХ-МС/МС;;Слюна;до 10 р.д.;1 130,00
1733;;;(Chromolab) Кортизол в слюне (утренняя порция 8:00, вечерняя порция 23:00), ВЭЖХ-МС/МС;;Слюна;до 10 р.д.;2 110,00
1734;;;(Chromolab) Кортизол в слюне, 4 порции, ВЭЖХ-МС/МС;;Слюна;до 10 р.д.;5 350,00
1735;;;(Chromolab) Кортизол (6 порций), дегидроэпиандростерон (ДГЭА), выявление стресса и его стадии, ВЭЖХ-МС/МС;;Слюна;до 10 р.д.;8 300,00
1722;;;(Chromolab) Кортизол, кортизон, 6-гидроксикортизол и их соотношения в моче, ГХ-МС;;Моча;до 7 р.д.;5 870,00
5.4. Оценка андрогенного статуса;;;;;;;
;;;;;;;
64;;;Тестостерон (Testosterone);;Сыворотка крови;1 к.д.;415,00
169;;;Свободный тестостерон (Free Testosterone);;Сыворотка крови;до 2 к.д.;1 070,00
168;;;Дигидротестостерон (ДГТ) (Dihуdrotestosterone, DHT);;Сыворотка крови;до 7 р.д.;1 650,00
195;;;Андростендион (Androstenedione);;Сыворотка крови;1 к.д.;1 255,00
170;;;Андростендиол глюкуронид (Андростандиол глюкуронид) (Androstanediol Glucuronide, 3α-Androstanediol Glucuronid, 3α-diol G);;Сыворотка крови;до 5 р.д.;1 345,00
101;;;Дегидроэпиандростерон-сульфат (ДЭА-S04, Dehydroepiandrosterone sulfate, DHEA-S);;Сыворотка крови;1 к.д.;500,00
1602;;;Дегидроэпиандростерон (неконъюгированный);;Сыворотка крови;до 5 к.д.;1 615,00
156;;;17-кетостероиды (17-КС) в моче  (17-Ketosteroids, Urine);;Моча;до 4 к.д.;2 560,00
154;;;17-ОН-прогестерон (17-Hydroxyprogesterone, 17-OHP);;Сыворотка крови;до 2 к.д.;695,00
149;;;Глобулин, связывающий половые гормоны (ГСПГ) (Sex Hormone-Binding Globulin, SHBG);;Сыворотка крови;1 к.д.;465,00
1577;;;Стероидный профиль в слюне (Тестостерон, Дегидроэпиандростерон, Андростендион, Кортизол, Кортизон, Эстрадиол, Прогестерон, 17-ОН-прогестерон);;Слюна;до 8 р.д.;6 325,00
1715;;;(Chromolab) Андрогены, глюкокортикоиды, минералокортикоиды, прогестогены, их предшественники и метаболиты (13 показателей) в крови, ВЭЖХ-МС/МС;;Сыворотка крови;до 10 р.д.;8 990,00
1725;;;(Chromolab) Дегидроэпиандростерон в слюне (исследование для лиц старше 18 лет), ВЭЖХ-МС/МС;;;до 10 р.д.;2 440,00
1726;;;(Chromolab) Стероидный профиль в слюне (4 показателя), ВЭЖХ-МС/МС;;Слюна;до 10 р.д.;5 430,00
1729;;;(Chromolab) Андрогены, глюкокортикоиды, минералокортикоиды, прогестогены, их предшественники и метаболиты (12 показателей) в крови, ВЭЖХ-МС/МС;;Сыворотка крови;до 8 р.д.;8 390,00
1730;;;(Chromolab) Андрогены, глюкокортикоиды, минералокортикоиды, прогестагены, их предшественники и метаболиты (18 показателей) в крови, ВЭЖХ-МС/МС;;Сыворотка крови;до 9 р.д.;14 720,00
1731;;;(Chromolab) Тестостерон в крови, ВЭЖХ-МС/МС;;Сыворотка крови;до 8 р.д.;2 160,00
1732;;;(Chromolab) Дегидроэпиандростерон-сульфат (ДГЭА-SO4) в крови, ВЭЖХ-МС/МС;;Сыворотка крови;до 8 р.д.;2 290,00
1736;;;(Chromolab) Андрогены, глюкокортикоиды, эстрогены, прогестагены, их предшественники и метаболиты (8 показателей) в слюне (Androgens and their metabolites (8 indicators), salivary), ВЭЖХ-МС/МС;;Слюна;до 10 р.д.;8 600,00
1737;;;(Chromolab) Андрогены, глюкокортикоиды, минералокортикоиды, эстрогены, прогестагены, их предшественники и метаболиты (13 показателей) в слюне (Androgens and their metabolites (13 indicators), salivary), ВЭЖХ-МС/МС;;Слюна;до 10 р.д.;8 455,00
1738;;;(Chromolab) Тестостерон свободный в слюне (исследование для лиц старше 18 лет) (Testosterone Free), ВЭЖХ-МС/МС;;Слюна;до 10 р.д.;2 440,00
1739;;;(Chromolab) Стероидный профиль 13 показателей с определением прегненолона (Salivary steroids (13 indicators), pregnenolone), ВЭЖХ-МС/МС;;Слюна;до 10 р.д.;9 320,00
1717;;;(Chromolab) Андрогены и их метаболиты (8 показателей), расчет соотношений: дегидроэпиандростерон (ДГЭА), андростендион, тестостерон, андростерон, эпиандростерон, этиохоланолон, эпитестостерон, прегнантриол в моче, ГХ-МС;;Моча;до 7 р.д.;6 420,00
1720;;;(Chromolab) Андрогены и их метаболиты, расчет соотношений, эстрогены и прогестагены (12 показателей): дегидроэпиандростерон (ДГЭА), андростендион, тестостерон, андростерон, эпиандростерон, этиохоланолон, эпитестостерон,прегнантриол, эстрадиол, эстрон, эстриол, прегнандиол в моче, ГХ-МС;;Моча;до 7 р.д.;5 070,00
1713;;;(Chromolab) Андрогены, глюкокортикоиды, минералокортикоиды, эстрогены, прогестагены, их предшественники и метаболиты (16 показателей) в крови, ВЭЖХ-МС/МС;;Сыворотка крови;до 9 р.д.;7 020,00
1748;;;Стероидный профиль в крови (12 показателей);;Сыворотка крови;до 9 р.д.;5 990,00
5.5. Эстрогены и прогестины;;;;;;;
;;;;;;;
62;;;Эстрадиол (Э2) (Estradiol, E2);;Сыворотка крови;1 к.д.;415,00
63;;;Прогестерон (Progesterone);;Сыворотка крови;1 к.д.;415,00
1771;;;Метаболиты эстрогенов и прогестерона, 24-ч моча (Estrogens and progesterone metabolites, 24-h urine);;Моча;до 5 к.д.;9 100,00
1714;;;(Chromolab) Эстрадиол в крови, ВЭЖХ-МС/МС;;Сыворотка крови;до 8 р.д.;2 150,00
1716;;;(Chromolab) Эстрогены: эстрадиол, эстрон и эстриол в крови, ВЭЖХ-МС/МС;;Сыворотка крови;до 9 р.д.;3 040,00
1718;;;(Chromolab) 17-ОН прогестерон в крови, ВЭЖХ-МС/МС;;Сыворотка крови;до 8 р.д.;2 290,00
1719;;;(Chromolab) 17-OH-Прегненолон свободный в крови, ВЭЖХ-МС/МС;;Сыворотка крови;до 9 р.д.;1 900,00
1724;;;(Chromolab) Прогестерон в крови, ВЭЖХ-МС/МС;;Сыворотка крови;до 8 р.д.;2 290,00
1727;;;(Chromolab) Эстрадиол свободный в слюне, ВЭЖХ-МС/МС;;Слюна;до 10 р.д.;2 330,00
2037;;;(Chromolab) Метаболиты эстрогенов, расчет соотношения (оценка риска развития онкопатологии) в моче, ВЭЖХ-МС/МС;;Моча;до 7 р.д.;8 265,00
1721;;;(Chromolab) Эстрогены и прогестагены (4 показателя): эстрадиол, эстрон, эстриол, прегнандиол в моче, ГХ-МС;;Моча;до 7 р.д.;6 680,00
1723;;;"(Chromolab) Эстрогены и их метаболиты: эстрадиол, эстрон, эстриол, 16а-ОНЕ1, 2-ОНЕ2, 2-ОНЕ1, 2-ОМеЕ1, 4-ОМеЕ1, 4-ОНЕ1 и расчет соотношений; прегнандиол - метаболит прогестерона (10 показателей) в моче, ВЭЖХ-МС/МС; ГХ-МС";;Моча;до 7 р.д.;7 890,00
5.6. Нестероидные регуляторные факторы половых желез;;;;;;;
;;;;;;;
1144;;;Антимюллеров гормон (АМГ) (Anti-Mullerian Hormone, AMH, Mullerian Inhibiting Substance, MIS);;Сыворотка крови;до 3 к.д.;1 465,00
1145;;;Ингибин В (Inhibin B);;Сыворотка крови;до 8 к.д.;1 465,00
1158;;;Трофобластический бета-1-гликопротеин (ТБГ) (Trophoblastic beta-1-Globulin, TBG);;Сыворотка крови;до 6 р.д.;650,00
5.7. Мониторинг беременности, биохимические маркеры состояния плода;;;;;;;
;;;;;;;
66;;;Хорионический гонадотропин человека (ХГЧ, бета-ХГЧ, β-ХГЧ) (Human Chorionic Gonadotropin, HCG);;Сыворотка крови;1 к.д.;425,00
HCG66;;;Хорионический гонадотропин человека (ХГЧ, бета-ХГЧ, β-ХГЧ) (Human Chorionic Gonadotropin, HCG);;Сыворотка крови;1 к.д.;425,00
92;;;Альфа-фетопротеин (АФП) (α-Fetoprotein, AFP);;Сыворотка крови;1 к.д.;455,00
AFP92;;;Альфа-фетопротеин (АФП) (α-Fetoprotein, AFP);;Сыворотка крови;1 к.д.;455,00
134;;;Свободный эстриол (Estriol Free, Е3);;Сыворотка крови;до 3 к.д.;565,00
E134;;;Свободный эстриол (Estriol Free, Е3);;Сыворотка крови;до 3 к.д.;565,00
161;;;Ассоциированный с беременностью протеин-А плазмы (Pregnancy-Associated Plasma Protein-A, PAPP-A);;Сыворотка крови;1 к.д.;795,00
PAP161;;;Ассоциированный с беременностью протеин-А плазмы (Pregnancy-Associated Plasma Protein-A, PAPP-A);;Сыворотка крови;1 к.д.;795,00
189;;;Свободный β-ХГЧ (свободная β-субъединица хорионического гонадотропина человека) (Free Human Chorionic Gonadotropin, Free HCG);;Сыворотка крови;1 к.д.;635,00
FBC189;;;Свободный β-ХГЧ (свободная β-субъединица хорионического гонадотропина человека) (Free Human Chorionic Gonadotropin, Free HCG);;Сыворотка крови;1 к.д.;635,00
207;;;Плацентарный лактоген (Хорионический соматомаммотропин) (Placental Lactogen, PL, Human Placental Lactogen, hPL, Chorionic Somatomammotropin, CS, Human Chorionic Somatomammotropin, hCS);;Сыворотка крови;до 8 р.д.;795,00
PRS1;;;"Пренатальный скрининг трисомий: I триместр (PRISСA-1) (Maternal Screen, First Trimester; Prenatal Screening I; PRISСA I (Prenatal Risk Calculation))";;Сыворотка крови;1 к.д.;1 500,00
PRS1-INV;;;"Пренатальный скрининг трисомий: I триместр (PRISСA-1) (Maternal Screen, First Trimester; Prenatal Screening I; PRISСA I (Prenatal Risk Calculation))";;Сыворотка крови;до 2 к.д.;1 790,00
РАСЧЕТPRISCA1;;;PRISCA1 расчет;;Сыворотка крови;1 р.д.;145,00
PRS2-INV;;;"Пренатальный скрининг трисомий: II триместр (PRISСA-2) (Maternal Screen, Second Trimester; Prenatal Screening II; PRISCA II (Prenatal Risk Calculation))";;Сыворотка крови;до 3 к.д.;1 190,00
PRS2-2МАРК;;;"Пренатальный скрининг трисомий: II триместр (PRISСA-2) (Maternal Screen, Second Trimester; Prenatal Screening II; PRISCA II (Prenatal Risk Calculation))";;Сыворотка крови;до 2 р.д.;1 890,00
РАСЧЕТPRISCA2;;;PRISCA2 расчет;;Сыворотка крови;1 р.д.;105,00
1634;;;Плацентарный фактор роста (PLGF);;Сыворотка крови;до 3 р.д.;4 390,00
1648;;;Растворимая fms-подобная тирозинкиназа-1 (sFlt-1);;Сыворотка крови;до 3 р.д.;3 945,00
1649;;;Маркеры риска преэклампсии: sFlt-1, PlGF, соотношение sFlt-1/PlGF;;Сыворотка крови;до 3 р.д.;6 930,00
БХ-PRS1;;;Биохимический тройной тест 2 триместра беременности для программы PRISСA (Biochemical triple test of the 2nd trimester of pregnancy for the PRISCA software);;Сыворотка крови;до 3 р.д.;1 360,00
БХ-PRS2;;;Биохимический тройной тест 2 триместра беременности для программы PRISСA (Biochemical triple test of the 2nd trimester of pregnancy for the PRISCA software);;Сыворотка крови;до 3 р.д.;1 375,00
PAPP161;;;Ассоциированный с беременностью протеин-А плазмы (Pregnancy-Associated Plasma Protein-A, PAPP-A);;Сыворотка крови;до 5 к.д.;1 495,00
FBS189;;;Свободный β-ХГЧ (свободная β-субъединица хорионического гонадотропина человека) (Free Human Chorionic Gonadotropin, Free HCG);;Сыворотка крови;до 5 к.д.;1 495,00
ASTRAIA1;;;Биохимический скрининг 1-го триместра беременности для программы Астрайя;;Сыворотка крови;до 5 к.д.;2 990,00
ASTRAIA2;;;Исследование РАРР-А и св. β-ХГЧ в 11-14 недель беременности с расчетом рисков хромосомных аномалий  в программе ASTRAIA;;Сыворотка крови;до 5 р.д.;3 500,00
ASTRAIA3;;;Исследование РАРР-А и св. β-ХГЧ в 11-14 недель беременности с расчетом рисков хромосомных аномалий, задержки роста плода, преждевременных родов, преэклампсии в программе ASTRAIA;;Сыворотка крови;до 5 р.д.;3 500,00
ASTRAIA4;;;Исследование РАРР-А и св. β-ХГЧ и PlGF в 11-14 недель беременности с расчетом рисков хромосомных аномалий, задержки роста плода, преждевременных родов, индивидуального риска преэклампсии в программе ASTRAIA;;Сыворотка крови;до 5 р.д.;5 900,00
РАСЧЕТASTR2;;;Расчет рисков хромосомных аномалий  в программе ASTRAIA;;Сыворотка крови;до 2 р.д.;250,00
РАСЧЕТASTR3;;;Расчет рисков хромосомных аномалий, задержки роста плода, преждевременных родов, преэклампсии в программе ASTRAIA;;Сыворотка крови;до 2 р.д.;390,00
РАСЧЕТASTR4;;;Расчет рисков хромосомных аномалий, задержки роста плода, преждевременных родов, индивидуального риска преэклампсии в программе ASTRAIA;;Сыворотка крови;до 2 р.д.;390,00
5.8. Оценка эндокринной функции поджелудочной железы;;;;;;;
;;;;;;;
172;;;Инсулин (Insulin);;Сыворотка крови;1 р.д.;605,00
173;;;Проинсулин (Proinsulin);;Сыворотка крови;до 7 р.д.;1 070,00
148;;;С-пептид (C-Peptide);;Сыворотка крови;1 к.д.;510,00
11HOMA;;;Оценка инсулинорезистентности: глюкоза (натощак), инсулин (натощак), расчет индекса HOMA-IR (Insulin Resistance: Fasting Glucose/Insulin, Homeostasis Model Assessment of Insulin Resistance, HOMA-IR);;"Плазма крови; Сыворотка крови";1 р.д.;885,00
РАСЧЕТHOMA-G;;;HOMA-G расчет индекса (при выполнении глюкозы из серой пробирки);;Плазма крови;1 к.д.;60,00
РАСЧЕТHOMA-IR;;;HOMA-IR расчет индекса;;Сыворотка крови;1 к.д.;60,00
1742;;;Проинсулин  (Proinsulin);;Сыворотка крови;до 9 р.д.;1 490,00
5.9. Биогенные амины;;;;;;;
;;;;;;;
КАТЕПЛ;;;Катехоламины (адреналин, норадреналин, дофамин) в плазме крови – КАТЕПЛ (Catecholamines: Epinephrine/Adrenaline, Norepinephrine/Noradrenaline, Dopamine, Plasma);;Плазма крови;до 5 к.д.;2 525,00
151;;;Катехоламины (адреналин, норадреналин, дофамин) в моче (Catecholamines: Epinephrine/Adrenaline, Norepinephrine/Noradrenaline, Dopamine, Urine);;Моча;до 5 к.д.;2 670,00
950;;;Метаболиты катехоламинов и серотонина, суточная моча: ванилилминдальная кислота (ВМК), гомованилиновая кислота (ГВК), 5-гидроксииндолуксусная кислота (5-ГИУК)(Catecholamines and Serotonin Metabolites, 24 Hours-Urine: Vanillylmandelic Acid, VМА, Homovanillic Acid, НVА, 5-Hydroxyindoleacetic Acid, 5-НIАА);;Моча;до 4 к.д.;2 645,00
1166;;;Метанефрины фракционированные (свободные и конъюгированные), 24-часовая моча (Metanephrines fractionated, free and conjugated , 24-h urine);;Моча;до 5 к.д.;2 645,00
152;;;Катехоламины (адреналин, норадреналин, дофамин) в моче (Catecholamines: Epinephrine/Adrenaline, Norepinephrine/Noradrenaline, Dopamine, Urine);;Моча;до 5 к.д.;2 670,00
1270;;;Гистамин в плазме крови  (Histamine, Plasma);;Плазма крови;до 4 к.д.;2 910,00
993;;;Серотонин в сыворотке крови (Serotonin, Serum);;Сыворотка крови;до 4 к.д.;2 465,00
1159;;;Свободные метанефрины и норметанефрины в плазме крови;;Плазма крови;до 10 р.д.;2 090,00
1674;;;Метанефрины фракционированные, разовая моча (свободные + конъюгированные) (Metanephrines fractionated, free + conjugated, random urine);;Моча;до 5 к.д.;2 115,00
1683;;;Метаболиты катехоламинов и серотонина, разовая моча: ванилилминдальная кислота (ВМК), гомованилиновая кислота (ГВК), 5-гидроксииндолуксусная кислота (5-ГИУК), с пересчетом на креатинин (Metabolites of catecholamines and serotonin, random urine: Vanillylmandelic Acid (VMA), Homovanilic Acid (HVA), 5-Hydroxyindoleacetic acid (5-HIAA), normalized to creatinine);;Моча;до 5 к.д.;2 325,00
1696;;;Метанефрин и норметанефрин свободные, плазма, ВЭЖХ (Metanephrine and normetanephrine free, plasma, HPLC);;Плазма крови;до 5 к.д.;2 990,00
1795;;;"(Chromolab) Биогенные амины: адреналин, норадреналин, дофамин и их метилированные метаболиты: свободные метанефрин и норметанефрин (неконьюгированные с SO4), общие метанефрин и норметанефрин (свободные и коньюгированные с SO4) и конечные метаболиты катехоламинов и серотонина: гомованилиновая кислота (ГВК), ванилилминдальная кислота (ВМК), 5-оксииндолуксусная кислота (5-ОИУК) - в моче, ВЭЖХ-МС/МС; ГХ-МС";;Моча;до 7 к.д.;11 600,00
1797;;;"(Chromolab) Биогенные амины: адреналин, норадреналин, дофамин, их метаболиты: гомованилиновая кислота (ГВК) и ванилилминдальная кислота (ВМК); метаболит серотонина: 5-оксииндолуксусная кислота (5-ОИУК) - в моче, ВЭЖХ-МС/МС; ГХ-МС ((Chromolab) Biogenic amines: adrenaline, noradrenaline, dopamine, their metabolites: homovanillic acid (HVA) and vanillylmandelic acid (VMA); serotonin metabolite: 5-hydroxyindoleacetic acid (5-HIAA) - in urine, HPLC-MS/MS; GC-MS)";;Моча;до 7 к.д.;11 600,00
1799;;;(Chromolab) Биогенные амины: адреналин, норадреналин, дофамин, серотонин и их метилированные метаболиты: метанефрин, норметанефрин - в крови, ВЭЖХ-МС/МС ((Chromolab) Biogenic amines: adrenaline, noradrenaline, dopamine, serotonin and their methylated metabolites: metanephrine, normetanephrine - in blood, HPLC-MS/MS);;;до 6 к.д.;8 660,00
1864;;;(Chromolab) Биогенные амины: адреналин, норадреналин, дофамин, серотонин - в крови, ВЭЖХ-МС/МС;;;до 6 к.д.;2 960,00
1868;;;"(Chromolab) Метаболиты адреналина и норадреналина: свободные метанефрин и норметанефрин (неконьюгированные с SO4); общие метанефрин и норметанефрин (свободные и коньюгированные с SO4) - в моче,  ВЭЖХ-МС/МС";;Моча;до 6 к.д.;6 170,00
2040;;;(Chromolab) Биогенные амины: адреналин,норадреналин, дофамин - в моче, ВЭЖХ-МС/МС;;Моча;до 6 к.д.;3 980,00
2042;;;(Chromolab) Метаболиты биогенных аминов: гомованилиновая кислота (ГВК), ванилилминдальная кислота (ВМК), 5-окси-индолуксусная кислота (5-ОИУК) - в моче, ГХ-МС;;Моча;до 7 к.д.;3 980,00
5.10. Кальций-регулирующие гормоны;;;;;;;
;;;;;;;
171;;;Кальцитонин (Calcitonin);;Сыворотка крови;1 р.д.;1 110,00
102;;;Паратиреоидный гормон (Паратгормон, паратирин, ПТГ) (Parathyroid Hormone, PTH);;Сыворотка крови;1 к.д.;795,00
5.11. Гормоны жировой ткани;;;;;;;
;;;;;;;
175;;;Лептин (Leptin);;Сыворотка крови;до 5 р.д.;1 070,00
5.12. Регуляция эритропоэза;;;;;;;
;;;;;;;
222;;;Эритропоэтин (Erythropoetin);;Сыворотка крови;до 3 к.д.;1 215,00
5.13. Оценка риска развития заболеваний сердечно-сосудистой системы;;;;;;;
;;;;;;;
1677;;;Диметиларгинин асимметричный в крови;;Плазма крови;до 5 к.д.;4 990,00
ОБС288;;;Обследование при хронической сердечной недостаточности (ХСН) (Examination for chronic heart failure (CHF));;"Капиллярная кровь; Кровь; Плазма крови; Сыворотка крови";до 2 к.д.;6 990,00
6. МИКРОЭЛЕМЕНТЫ;;;;;;;
*Стоимость указана для проведения исследования одного МЭ с пробоподготовкой/стоимость проведения исследования каждого дополнительного МЭ из того же образца биоматериала. Добавить любой МЭ можно только в день сдачи биоматериала! * Проводить исследования ногтей на МЭ рекомендуется только в случае невозможности сдать на анализ волосы. Это альтернативный волосам биоматериал для исследования ретроспективного обмена МЭ в организме. Однако ногти считаются более загрязнёнными МЭ извне. Это необходимо учитывать при оценке полученных результатов.;;;;;;;
6.1. Микроэлементы в крови (сыворотка крови, цельная кровь);;;;;;;
;;;;;;;
МЭ1;;;Основные эссенциальные (жизненно необходимые) микроэлементы в сыворотке крови (Essential Vital Elements, Essential Trace Elements, Serum);;Сыворотка крови;до 6 р.д.;1 690,00
МЭ2;;;Токсичные микроэлементы (тяжeлые металлы) в венозной крови (Toxic Trace Elements, Toxic Heavy Metals, Venous Blood);;Кровь;до 6 р.д.;1 690,00
МЭ3;;;Микроэлементы в сыворотке крови и венозной крови: скрининг  (Trace Elements, Serum, Venous Blood: Screening);;"Кровь; Сыворотка крови";до 6 р.д.;4 195,00
874;;;Кадмий (Cd) в сыворотке крови (Cadmium (Cd), Serum );;Сыворотка крови;до 6 р.д.;370,00
863;;;Кобальт (Co) в сыворотке крови (Cobalt (Co), Serum);;Сыворотка крови;до 6 р.д.;370,00
888;;;Медь (Cu) в сыворотке крови (Copper (Cu), Serum );;Сыворотка крови;до 6 р.д.;370,00
892;;;Марганец (Mn) в сыворотке крови (Manganese (Mn), Serum);;Сыворотка крови;до 6 р.д.;370,00
869;;;Селен (Se) в сыворотке крови (Selenium (Se), Serum);;Сыворотка крови;до 6 р.д.;370,00
868;;;Цинк (Zn) в сыворотке крови (Zinc (Zn), Serum);;Сыворотка крови;до 6 р.д.;370,00
893;;;Никель (Ni) в сыворотке крови (Nickel (Ni), Serum);;Сыворотка крови;до 6 р.д.;370,00
1111;;;Золото (Au) в сыворотке крови (Gold (Au), Serum);;Сыворотка крови;до 6 р.д.;370,00
873;;;Молибден (Mo) в сыворотке крови (Molybdenum (Mo), Serum);;Сыворотка крови;до 6 р.д.;370,00
1118;;;Таллий (Tl) в сыворотке крови (Thallium (Tl), Serum);;Сыворотка крови;до 6 р.д.;370,00
883;;;Мышьяк (As) в сыворотке крови (Arsenic (As), Serum);;Сыворотка крови;до 6 р.д.;370,00
1491;;;Йод в сыворотке (Iodine, serum);;Сыворотка крови;до 6 р.д.;370,00
814;;;Литий (Li) в сыворотке крови (Lithium (Li), serum);;Сыворотка крови;до 4 к.д.;1 215,00
1112;;;Кадмий (Cd) в венозной крови (Cadmium (Cd), Вlood);;Кровь;до 6 р.д.;370,00
1113;;;Кобальт (Co) в венозной крови (Cobalt (Co), Вlood);;Кровь;до 6 р.д.;370,00
1114;;;Медь (Cu) в венозной крови (Copper (Cu), Вlood);;Кровь;до 6 р.д.;370,00
1115;;;Марганец (Mn) в венозной крови (Manganese (Mn), Вlood);;Кровь;до 6 р.д.;370,00
1116;;;Никель (Ni) в венозной крови (Nickel (Ni), Вlood);;Кровь;до 6 р.д.;370,00
1117;;;Селен (Se) в венозной крови (Selenium (Se), Вlood);;Кровь;до 6 р.д.;370,00
1119;;;Цинк (Zn) в венозной крови (Zinc (Zn), Вlood);;Кровь;до 6 р.д.;370,00
878;;;Свинец (Pb) в венозной крови (Lead (Pb), Вlood);;Кровь;до 6 р.д.;370,00
1141;;;Ртуть (Hg) в венозной крови (Mercury (Hg), Вlood);;Кровь;до 6 р.д.;370,00
6.2. Микроэлементы в моче;;;;;;;
;;;;;;;
МЭ4;;;Эссенциальные (жизненно необходимые) и токсичные микроэлементы в моче  (Essential Vital Elements, Toxic Trace Elements, Urine);;Моча;до 6 р.д.;3 615,00
1040;;;Кадмий (Cd) в моче (Cadmium (Cd), Urine);;Моча;до 6 р.д.;370,00
1034;;;Кобальт (Co) в моче (Cobalt (Co), Urine);;Моча;до 6 р.д.;370,00
1035;;;"Медь, моча, разовая порция (Copper, random urine; Cu)";;Моча;до 6 р.д.;370,00
889;;;Медь (Cu) в суточной моче (Copper (Cu), 24-Hours Urine);;Моча;до 6 р.д.;370,00
1032;;;Марганец (Mn) в моче (Manganese (Mn), Urine);;Моча;до 6 р.д.;370,00
1038;;;Селен ( Se) в моче (Selenium ( Se), Urine);;Моча;до 6 р.д.;370,00
1036;;;Цинк (Zn) в моче (Zinc (Zn), Urine);;Моча;до 6 р.д.;370,00
894;;;Никель (Ni) в моче (Nickel (Ni), Urine);;Моча;до 6 р.д.;370,00
895;;;Свинец (Pb) в моче (Lead (Pb), Urine);;Моча;до 6 р.д.;370,00
1042;;;Ртуть (Hg) в моче (Mercury (Hg), Urine);;Моча;до 6 р.д.;370,00
1074;;;Таллий (Tl) в моче (Thallium (Tl), Urine);;Моча;до 6 р.д.;370,00
1037;;;Мышьяк (As) в моче (Arsenic (As), Urine);;Моча;до 6 р.д.;370,00
881;;;Алюминий (Al) в моче (Aluminum (Al), Urine);;Моча;до 6 р.д.;370,00
1033;;;Железо (Fe) в моче (Iron (Fe), Urine);;Моча;до 6 р.д.;370,00
1479;;;Йод (I) в моче (Iodine (I), Urine);;Моча;до 6 р.д.;370,00
6.3. Микроэлементы в волосах;;;;;;;
;;;;;;;
МЭ8;;;Токсичные микроэлементы в волосах (Toxic Trace Elements, Hair);;Волосы;до 6 р.д.;2 220,00
МЭ9;;;Токсичные и эссенциальные микроэлементы в волосах  (Toxic Trace Elements, Essential Vital Elements, Hair);;Волосы;до 6 р.д.;4 315,00
МЭ10;;;Большой скрининг элементного состава волос  (Elemental Composition of Hair: Screening );;Волосы;до 6 р.д.;7 620,00
1004;;;Алюминий (Al) в волосах (Aluminum (Al), Нair);;Волосы;до 6 р.д.;370,00
1126;;;Барий (Ba) в волосах (Barium (Ba), Нair);;Волосы;до 6 р.д.;370,00
1127;;;Бериллий (Be) в волосах (Beryllium (Be), Нair);;Волосы;до 6 р.д.;370,00
1001;;;Бор (B) в волосах (Boron (B), Нair);;Волосы;до 6 р.д.;370,00
1138;;;Ванадий (V) в волосах (Vanadium (V), Нair);;Волосы;до 6 р.д.;370,00
1128;;;Висмут (Bi) в волосах (Bismuth (Bi), Нair);;Волосы;до 6 р.д.;370,00
1139;;;Вольфрам (W) в волосах (Tungsten, Wolframium (W), Нair);;Волосы;до 6 р.д.;370,00
1129;;;Галлий (Ga) в волосах (Gallium (Ga), Нair);;Волосы;до 6 р.д.;370,00
1130;;;Германий (Ge) в волосах (Germanium (Ge), Нair);;Волосы;до 6 р.д.;370,00
1011;;;Железо (Fe) в волосах (Iron (Fe), Нair);;Волосы;до 6 р.д.;370,00
1125;;;Золото (Au) в волосах (Gold (Au), Нair);;Волосы;до 6 р.д.;370,00
1131;;;Йод (I) в волосах (Iodine (I), Нair);;Волосы;до 6 р.д.;370,00
1019;;;Кадмий (Cd) в волосах (Cadmium (Cd), Нair);;Волосы;до 6 р.д.;370,00
1006;;;Калий (K) в волосах (Potassium (K), Нair);;Волосы;до 6 р.д.;370,00
1007;;;Кальций (Ca) в волосах (Calcium (Ca), Нair);;Волосы;до 6 р.д.;370,00
1012;;;Кобальт (Co) в волосах (Cobalt (Co), Нair);;Волосы;до 6 р.д.;370,00
1005;;;Кремний (Si) в волосах (Silica (Si) , Нair);;Волосы;до 6 р.д.;370,00
1132;;;Лантан (La) в волосах (Lantanum 9La), Нair);;Волосы;до 6 р.д.;370,00
1000;;;Литий (Li) в волосах (Lithium (Li), Нair);;Волосы;до 6 р.д.;370,00
1003;;;Магний (Mg) в волосах (Magnesium (Mg), Нair);;Волосы;до 6 р.д.;370,00
1010;;;Марганец (Mn) в волосах (Manganese (Mn), Нair);;Волосы;до 6 р.д.;370,00
1014;;;Медь (Cu) в волосах (Copper (Cu), Нair);;Волосы;до 6 р.д.;370,00
1018;;;Молибден (Mo) в волосах (Molybdenum (Mo), Нair);;Волосы;до 6 р.д.;370,00
1016;;;Мышьяк (As) в волосах (Arsenic (As), Нair);;Волосы;до 6 р.д.;370,00
1002;;;Натрий (Na) в волосах (Sodium (Na), Нair);;Волосы;до 6 р.д.;370,00
1013;;;Никель (Ni) в волосах (Nickel (Ni), Нair);;Волосы;до 6 р.д.;370,00
1136;;;Олово (Sn) в волосах (Tin (Sn), Нair);;Волосы;до 6 р.д.;370,00
1134;;;Платина (Pt) в волосах (Platinum (Pt), Нair);;Волосы;до 6 р.д.;370,00
1021;;;Ртуть (Hg) в волосах (Mercury (Hg), Нair);;Волосы;до 6 р.д.;370,00
1135;;;Рубидий (Rb) в волосах (Rubidium 9Rb), Нair);;Волосы;до 6 р.д.;370,00
1022;;;Свинец (Pb) в волосах (Lead (Pb), Нair);;Волосы;до 6 р.д.;370,00
1017;;;Селен (Se) в волосах (Selenium (Se), Нair);;Волосы;до 6 р.д.;370,00
1124;;;Серебро (Ag) в волосах (Silver (Ag), Нair);;Волосы;до 6 р.д.;370,00
1137;;;Стронций (Sr) в волосах (Strontium (Sr), Нair);;Волосы;до 6 р.д.;370,00
1020;;;Сурьма (Sb) в волосах (Antimony (Sb), Нair);;Волосы;до 6 р.д.;370,00
1008;;;Таллий (Tl) в волосах (Thallium (Tl), Нair);;Волосы;до 6 р.д.;370,00
1133;;;Фосфор (P) в волосах (Phosphorus (P), Нair);;Волосы;до 6 р.д.;370,00
1009;;;Хром (Cr) в волосах (Chromium (Cr), Нair);;Волосы;до 6 р.д.;370,00
1015;;;Цинк (Zn) в волосах (Zinc (Zn), Нair);;Волосы;до 6 р.д.;370,00
1140;;;Цирконий (Zr) в волосах (Zirconium (Zr), Нair);;Волосы;до 6 р.д.;370,00
6.4. Микроэлементы в ногтях;;;;;;;
;;;;;;;
МЭ11;;;Токсичные микроэлементы в ногтях (Toxic Trace Elements, Nails);;Ногти;до 6 р.д.;2 220,00
МЭ12;;;Токсичные и эссенциальные микроэлементы в ногтях (Toxic Trace Elements, Essential Vital Elements, Nails);;Ногти;до 6 р.д.;4 315,00
МЭ13;;;Большой скрининг элементного состава ногтей (Elemental Composition of Nails: Screening );;Ногти;до 6 р.д.;7 620,00
1076;;;Алюминий (Al) в ногтях (Aluminum (Al), Nails);;Ногти;до 6 р.д.;370,00
1080;;;Барий (Ba) в ногтях (Barium (Ba), Nails);;Ногти;до 6 р.д.;370,00
1081;;;Бериллий (Be) в ногтях (Beryllium (Be), Nails);;Ногти;до 6 р.д.;370,00
1079;;;Бор (B) в ногтях (Boron (B), Nails);;Ногти;до 6 р.д.;370,00
1120;;;Ванадий (V) в ногтях (Vanadium (V), Nails);;Ногти;до 6 р.д.;370,00
1082;;;Висмут (Bi) в ногтях (Bismuth (Bi), Nails);;Ногти;до 6 р.д.;370,00
1121;;;Вольфрам (W) в ногтях (Tungsten, Wolframium (W), Nails);;Ногти;до 6 р.д.;370,00
1089;;;Галлий (Ga) в ногтях (Gallium (Ga), Nails);;Ногти;до 6 р.д.;370,00
1090;;;Германий (Ge) в ногтях (Germanium (Ge), Nails);;Ногти;до 6 р.д.;370,00
1088;;;Железо (Fe) в ногтях (Iron (Fe), Nails);;Ногти;до 6 р.д.;370,00
1078;;;Золото (Au) в ногтях (Gold (Au), Nails);;Ногти;до 6 р.д.;370,00
1092;;;Йод (I) в ногтях (Iodine (I), Nails);;Ногти;до 6 р.д.;370,00
1084;;;Кадмий (Cd) в ногтях (Cadmium (Cd), Nails);;Ногти;до 6 р.д.;370,00
1093;;;Калий (K) в ногтях (Potassium (K), Nails);;Ногти;до 6 р.д.;370,00
1083;;;Кальций (Ca) в ногтях (Calcium (Ca), Nails);;Ногти;до 6 р.д.;370,00
1085;;;Кобальт (Co) в ногтях (Cobalt (Co), Nails);;Ногти;до 6 р.д.;370,00
1107;;;Кремний (Si) в ногтях (Silica (Si), Nails);;Ногти;до 6 р.д.;370,00
1094;;;Лантан (La) в ногтях (Lantanum (La), Nails);;Ногти;до 6 р.д.;370,00
1095;;;Литий (Li) в ногтях (Lithium (Li), Nails);;Ногти;до 6 р.д.;370,00
1096;;;Магний (Mg) в ногтях (Magnesium (Mg), Nails);;Ногти;до 6 р.д.;370,00
1097;;;Марганец (Mn) в ногтях (Manganese (Mn), Nails);;Ногти;до 6 р.д.;370,00
1087;;;Медь (Cu) в ногтях (Copper (Cu), Nails);;Ногти;до 6 р.д.;370,00
1098;;;Молибден (Mo) в ногтях (Molybdenum (Mo), Nails);;Ногти;до 6 р.д.;370,00
1077;;;Мышьяк (As) в ногтях (Arsenic (As), Nails);;Ногти;до 6 р.д.;370,00
1099;;;Натрий (Na) в ногтях (Sodium (Na), Nails);;Ногти;до 6 р.д.;370,00
1100;;;Никель (Ni) в ногтях (Nickel (Ni), Nails);;Ногти;до 6 р.д.;370,00
1108;;;Олово (Sn) в ногтях (Tin (Sn), Nails);;Ногти;до 6 р.д.;370,00
1103;;;Платина (Pt) в ногтях (Platinum (Pt), Nails);;Ногти;до 6 р.д.;370,00
1091;;;Ртуть (Hg) в ногтях (Mercury (Hg), Nails);;Ногти;до 6 р.д.;370,00
1104;;;Рубидий (Rb) в ногтях (Rubidium (Rb), Nails);;Ногти;до 6 р.д.;370,00
1102;;;Свинец (Pb) в ногтях (Lead (Pb), Nails);;Ногти;до 6 р.д.;370,00
1106;;;Селен (Se) в ногтях (Selenium (Se), Nails);;Ногти;до 6 р.д.;370,00
1075;;;Серебро (Ag) в ногтях (Silver (Ag), Nails);;Ногти;до 6 р.д.;370,00
1109;;;Стронций (Sr) в ногтях (Strontium (Sr), Nails);;Ногти;до 6 р.д.;370,00
1105;;;Сурьма (Sb) в ногтях (Antimony (Sb), Nails);;Ногти;до 6 р.д.;370,00
1110;;;Таллий (Tl) в ногтях (Thallium (Tl), Nails);;Ногти;до 6 р.д.;370,00
1101;;;Фосфор (P) в ногтях (Phosphorus (P), Nails);;Ногти;до 6 р.д.;370,00
1086;;;Хром (Cr) в ногтях (Chromium (Cr), Nails);;Ногти;до 6 р.д.;370,00
1122;;;Цинк (Zn) в ногтях (Zinc (Zn), Nails);;Ногти;до 6 р.д.;370,00
1123;;;Цирконий (Zr) в ногтях (Zirconium (Zr), Nails);;Ногти;до 6 р.д.;370,00
7. ЛЕКАРСТВЕННЫЙ МОНИТОРИНГ;;;;;;;
*ВНИМАНИЕ! Данные лабораторные исследования не являются экспертизой. Тип исследования – предварительное скрининговое лабораторное исследование. Результаты, получаемые пациентом, могут быть переданы им в судебные органы и могут быть рассмотрены как доказательство в судебных процессах только на усмотрение суда.;;;;;;;
7.1. Лекарственный мониторинг;;;;;;;
;;;;;;;
88;;;Фенобарбитал (Люминал) (Phenobarbitalum);;Сыворотка крови;до 5 р.д.;3 035,00
89;;;Фенитоин (Дифенин, Дилантин) (Phenytoin);;Сыворотка крови;до 5 к.д.;1 530,00
90;;;Вальпроевая кислота (Депакин, Конвулекс) (Acidum Valproicum, Depakin, Convulexs);;Сыворотка крови;1 р.д.;1 540,00
91;;;Карбамазепин (Финлепсин, Тегретол) (Сarbamazepine, Tegretol);;Сыворотка крови;до 5 к.д.;3 095,00
274;;;Циклоспорин (Cyclosporine, Cyclosporine A, Sandimmune);;Кровь;до 3 к.д.;2 000,00
917;;;Ламотриджин (Lamotrigine);;Сыворотка крови;до 4 к.д.;3 985,00
1271;;;Леветирацетам (Levetiracetam, Keppra®);;Сыворотка крови;до 4 к.д.;3 985,00
1353;;;Такролимус (Адваграф, Програф, Протопик, Такросел) (FK506, Advagraf, Prograf, Protopic, Tacrosel);;Кровь;до 3 к.д.;2 000,00
1376;;;Митотан, плазма крови (Mitotane, o, p′-DDD, plasma);;Плазма крови;до 4 к.д.;3 330,00
1377TER;;;Терифлуномид, лефлуномид (метаболит) (Teriflunomide, Leflunomide metabolite);;Сыворотка крови;до 5 к.д.;3 885,00
1633;;;Эверолимус (Everolimus);;Кровь;до 5 к.д.;4 035,00
1415;;;Апиксабан, концентрация (Apixaban Level);;Плазма крови;до 2 р.д.;1 499,00
1416;;;Ривароксабан, концентрация (Rivaroxaban Level);;Плазма крови;до 2 р.д.;1 599,00
1399;;;Ванкомицин (Vancomycin);;"Сыворотка крови; Сыворотка крови";до 3 к.д.;3 290,00
1757;;;Клоназепам;;Сыворотка крови;до 5 р.д.;2 990,00
1761;;;Ципрофлоксацин;;Сыворотка крови;до 5 к.д.;2 990,00
1762;;;Метотрексат, сыворотка;;Сыворотка крови;до 5 к.д.;2 990,00
1763;;;Габапентин;;Сыворотка крови;до 5 к.д.;2 990,00
1765;;;Флуоксетин + норфлуоксетин;;Сыворотка крови;до 5 к.д.;2 990,00
1766;;;Галоперидол;;Сыворотка крови;до 5 к.д.;2 990,00
1768;;;Дигоксин (Digoxin);;Сыворотка крови;до 5 к.д.;2 990,00
1769;;;Сертралин (Sertraline);;Сыворотка крови;до 5 к.д.;2 990,00
1770;;;Метотрексата полиглутаматы, эритроциты;;Кровь;до 5 к.д.;2 990,00
1773;;;Феназепам (Phenazepam);;Сыворотка крови;до 5 к.д.;3 190,00
1754;;;Бриварацетам;;Сыворотка крови;до 5 к.д.;2 790,00
1755;;;Руфинамид;;Сыворотка крови;до 5 к.д.;2 790,00
1756;;;Перампанел;;Сыворотка крови;до 5 к.д.;2 790,00
1758;;;Зонисамид;;Сыворотка крови;до 5 к.д.;2 790,00
1759;;;Вигабатрин;;Сыворотка крови;до 5 к.д.;2 790,00
1752;;;Этосуксимид (Ethosuximide);;Сыворотка крови;до 5 к.д.;2 790,00
1750;;;Лакосамид (Lacosamide);;Сыворотка крови;до 5 к.д.;2 790,00
1374;;;Топирамат (Topiramate);;Сыворотка крови;до 5 к.д.;2 790,00
1760;;;Клобазам + норклобазам;;Сыворотка крови;до 5 к.д.;4 490,00
1751;;;Окскарбазепин (Oxcarbazepine);;Сыворотка крови;до 5 к.д.;2 990,00
1764;;;Сультиам;;Сыворотка крови;до 5 к.д.;2 990,00
1767;;;Карбамазепин и метаболиты (10-ОН-карбамазепин, карбамазепин-диол, карбамазепин-эпоксид) (Carbamazepine and metabolites (10-OH-carbamazepine, carbamazepine diol, carbamazepine epoxide));;Сыворотка крови;до 5 к.д.;3 190,00
8. ИССЛЕДОВАНИЯ МОЧИ;;;;;;;
;;;;;;;
8.1. Клинические тесты;;;;;;;
;;;;;;;
116;;;Анализ мочи общий (Анализ мочи общий с микроскопией осадка) (Complete Urinalysis, Microscopic Examination);;Моча;1 к.д.;265,00
272;;;Исследование мочи по методу Нечипоренко  (Nechiporenko’s Urine Test);;Моча;1 к.д.;325,00
401;;;Кальций мочи, качественный тест (проба Сулковича) (Sulkowitch Urine Calcium Test);;Моча;до 3 р.д.;215,00
8.2. Биохимия мочи (суточная экскреция);;;;;;;
* Тесты № 95110, № 110113, № 97110, № 1318110, № 115110 и № 112110 выполняются в комплексе с тестом № CREA-U. Тест № CREA-U нельзя заказать отдельно от перечисленных тестов.;;;;;;;
CREA-U;;;Концентрация в моче (Urine Creatinine);;Моча;1 к.д.;70,00
95;;;Альбумин, суточная моча (Albumin, 24-Hour urine);;Моча;1 к.д.;415,00
95110;;;Альбумин, разовая порция  мочи (с креатинином и расчетом альбумин/креатинин отношения) (Albumin, random urine, with creatinine and albumin/creatinine ratio calculation, UACR);;Моча;1 к.д.;610,00
96;;;Проба Реберга (Клиренс эндогенного креатинина, скорость клубочковой фильтрации) (Glomerular Filtration Rate, GFR)*;;Моча;1 к.д.;290,00
97;;;Общий белок, суточная моча (Protein Total, 24-Hour urine);;Моча;1 к.д.;205,00
97110;;;Белок, разовая порция мочи (с креатинином и расчетом нормализованного по креатинину показателя) (Protein, random urine, with creatinine and protein/creatinine ratio calculation);;Моча;1 к.д.;315,00
108;;;Амилаза в моче суточной или порционной за измеренное время (Альфа-амилаза, диастаза мочи) (Amylase, 24-Hour or Timed Urine);;Моча;1 к.д.;290,00
109;;;Глюкоза, суточная моча (Glucose, 24-Hour urine);;Моча;1 к.д.;225,00
110;;;Креатинин, суточная моча (Creatinine, 24-Hour urine);;Моча;1 к.д.;225,00
110113;;;Кальций, разовая  порция мочи (с креатинином и расчетом кальций/креатинин отношения) (Calcium, random urine, with creatinine and calcium/creatinine ratio calculation);;Моча;1 к.д.;245,00
111;;;Мочевина, суточная моча (Urea, 24-Hour urine);;Моча;1 к.д.;225,00
112;;;Мочевая кислота, суточная моча (Uric Аcid, 24-Hour urine);;Моча;1 к.д.;255,00
112110;;;Мочевая кислота, разовая порция мочи, с креатинином и расчетом нормализованного по креатинину пок-ля;;Моча;1 к.д.;350,00
113;;;Кальций (Ca), суточная моча (Calcium (Ca), 24-Hour urine);;Моча;1 к.д.;265,00
114;;;Калий (K), Натрий (Na), суточная моча (Potasium (K), Sodium (Na), 24-Hour urine);;Моча;1 к.д.;265,00
115;;;Фосфор (P), суточная моча (Phosphorus (P), 24-Hour urine);;Моча;1 к.д.;265,00
115110;;;Фосфор, разовая порция мочи (с креатинином и расчетом нормализованного по креатинину показателя) (Phosphorus, random urine, with creatinine and phosphorus/creatinine ratio calculation);;Моча;1 к.д.;370,00
918;;;Метанефрины фракционированные свободные, суточная моча;;Моча;до 5 к.д.;2 235,00
1318;;;Магний, суточная моча (суточная экскреция), (Magnesium, 24 h urine excretion);;Моча;1 к.д.;370,00
1318110;;;Магний, разовая порция мочи (с креатинином и расчетом магний/креатинин отношения) (Magnesium, random urine, with creatinine and magnesium/creatinine ratio calculation);;Моча;1 к.д.;650,00
1458;;;Оксалаты, суточная  моча (Оxalates, 24-Hour urine);;Моча;до 6 р.д.;1 475,00
1458110;;;Оксалаты, разовая порция мочи (с креатинином и расчетом нормализованного по креатинину показателя) (Oxalates, random urine, with creatinine and oxalate/creatinine ratio calculation);;Моча;до 6 р.д.;1 640,00
1691;;;Аминокислоты в моче, 32 показателя;;Моча;до 6 к.д.;5 490,00
ОБС110;;;Оценка риска камнеобразования - литогенные субстанции мочи, суточная моча (кальций, магний, фосфор, оксалаты, мочевая кислота, креатинин суточной  мочи с расчетом суточной экскреции);;Моча;до 6 р.д.;2 710,00
ОБС111;;;Оценка риска камнеобразования - литогенные субстанции мочи, разовая порция мочи (кальций, магний, фосфор, оксалаты, мочевая кислота, креатинин разовой  порции мочи, с расчетом нормализованных по креатинину показателей);;Моча;до 6 р.д.;4 735,00
1694;;;Дельта-аминолевулиновая кислота;;Моча;до 5 к.д.;2 590,00
2103;;;Порфирины, суточная моча: копропорфирины, уропорфирины, карбоксилпорфирины, порфобилиноген;;Моча;до 5 к.д.;2 490,00
1459;;;Анионный и катионный состав суточной мочи: калий, натрий, кальций, магний, аммоний, сульфат, фосфат, хлорид, щавелевая кислота, лимонная кислота, мочевая кислота (Anionic and cationic composition of daily urine);;Моча;до 9 р.д.;4 990,00
1476;;;Альдостерон в суточной моче (Aldosterone, daily urine);;Моча;до 5 р.д.;1 782,00
2036;;;(Chromolab) Гуанозины: маркеры оксидативного повреждения нуклеиновых кислот в моче, ВЭЖХ-МС/МС;;Моча;до 7 р.д.;3 120,00
7500;;;(Chromolab) Органические кислоты в моче - скрининговое выявление лабораторных признаков наследственных болезней обмена у новорожденных и детей до 3-х лет (40 показателей): адипиновая, 3-гидроксиизовалериановая,3-гидроксимасляная, 2-гидроксимасляная кислота,пара-гидроксифенилмолочная, пара-гидроксифенилпировиноградная, орто-гидроксифенилуксусная, 3-гдрокси-3-метилглутаровая кислота,2-гидрокси-3-метилбутановая кислота, гиппуровая кислота, глицериновая кислота, глутаровая кислота, гомогентизиновая, изовалерилглицин,3-индолилуксусная, 2-кетоглутаровая кислота, 2-кетоизовалериановая, ксантуреновая, лимонная кислота, малоновая, 3-метилглутаровая кислота, 3-метилкротонилглицин, метилмалоновая, метилянтарная ,4-метил-2-оксовалерьяновая, 3-метил-2-оксовалерьяновая, миндальная, молочная, оротовая, пиколиновая, пировиноградная, ГХ-МС;;Моча;до 7 к.д.;12 420,00
7501;;;"(Chromolab) Органические кислоты в моче - выявление функциональных метаболических изменений (60 показателей): маркеры углеводного обмена; маркеры метаболизма в цикле трикарбоновых кислот (в цикле Кребса), энергообеспечения клеток, митохондриальной дисфункции, маркеры кетогенеза, дисрегуляции обмена углеводов и бета-окисления жирных кислот; маркеры метаболизма разветвленных аминокислот; маркеры метаболизма ароматических аминокислот (фенилаланина и тирозина); маркеры метаболизма триптофана; маркеры метаболизма щавелевой кислоты (оксалатов); маркеры достаточности витаминов; маркеры кофакторного метилирования; маркеры детоксикации и эндогенной интоксикации; маркеры интоксикации производными бензола; маркеры дисбиоза кишечника;соотношение квинолиновой /ксантуреновой кислот для лиц старше 3-х лет, ГХ-МС";;Моча;до 7 к.д.;6 290,00
8.3. Психоактивные вещества в моче;;;;;;;
;;;;;;;
ЛМС;;;Наркотики и психотропные вещества − скрининг (комплексный анализ мочи на опиаты, амфетамин, метамфетамин, кокаин, каннабиноиды и их метаболиты) (Drugs and Psychotropic Substances Screening: Opiates, Amphetamines, Methamphetamine, Cocaine, Cannabinoids, Cannabinoid Metabolites, Urine);;Моча;до 3 к.д.;3 615,00
902;;;Каннабиноиды (марихуана) в моче (Cannabinoids (Marijuana), Urine)*;;Моча;до 3 к.д.;1 465,00
925;;;Опиаты (морфин/героин) в моче  (Opiates (Morphine/Heroin), Urine)*;;Моча;до 3 к.д.;1 465,00
898;;;Барбитураты в моче  (Barbiturates, Urine)*;;Моча;до 3 к.д.;1 465,00
982;;;Этанол (алкоголь) в моче  (Ethanol (Alcohol) Urine)*;;Моча;до 4 к.д.;1 465,00
9950;;;"«Вредные привычки» (Анализ мочи на никотин, психотропные и наркотические вещества, психоактивные лекарственные препараты (никотин; психотропные и наркотические вещества, психоактивные лекарственные препараты) (Pernicious Habits: Nicotine, Drugs, Psychostimulants and Psychotropic Substances, Urine)*";;Моча;до 5 к.д.;3 860,00
ПМ;;;Скиньте Маску;;Моча;до 5 к.д.;3 860,00
8.4. Исследование почечного камня;;;;;;;
;;;;;;;
1265;;;Анализ химического состава мочевых (почечных) камней методом рентгеноструктурного анализа (Compositional Analysis of Urine (Kidney) Stones, infrared spectrometry, Х-ray diffraction analysis);;Почечный камень;до 10 р.д.;4 110,00
1565ПОК;;;Анализ химического состава мочевых (почечных) камней методом инфракрасной спектрометрии (Compositional Analysis of Urine (Kidney)  Stones, infrared spectrometry);;Почечный камень;до 4 р.д.;4 110,00
8.5. Токсичные вещества в моче;;;;;;;
;;;;;;;
9953;;;Бисфенол А, триклозан, 4-нонилфенол (токсины из пластмасс, гигиенических средств, моющих средств), моча разова;;Моча;до 5 к.д.;2 890,00
1635;;;Уран (моча разовая);;Моча;до 6 р.д.;990,00
9. ИССЛЕДОВАНИЯ КАЛА;;;;;;;
;;;;;;;
9.1. Исследования кала;;;;;;;
*Для тестов, помеченных *, необходима пробоподготовка (КАЛПР) - необходимо заблаговременно приобрести контейнер на платной основе.;;;;;;;
158;;;Копрограмма (Koprogramma, Stool);;Кал;до 4 р.д.;860,00
159ЯГ;;;Анализ кала на яйца гельминтов (яйца глистов) (PRO Stool, Helminth Eggs);;Кал;до 2 к.д.;450,00
159ПРО;;;Анализ кала на простейшие (PRO Stool);;Кал;до 2 к.д.;450,00
1601ОСТ;;;Исследование на энтеробиоз (яйца остриц), шпатель (Еnterobiasis, Spatula);;Соскоб;до 2 к.д.;330,00
236;;;Содержание углеводов в кале (редуцирующие вещества в кале) (Stool Sugars, Reducing Substances, Fecal);;Кал;до 3 р.д.;725,00
240;;;Исследование кала на скрытую кровь. Качественный метод;;Кал;1 к.д.;290,00
2401;;;Скрытая кровь в кале (колоректальные кровотечения), количественный иммунохимический метод FOB Gold (Quantitative Immunochemical Fecal Occult Blood, Test FOB Gold);;Кал;до 4 р.д.;1 290,00
162;;;Эластаза 1 (Э1), панкреатическая эластаза 1  (Elastase 1, E1);;Кал;до 4 к.д.;3 230,00
1533А1АТ;;;Альфа-1-антитрипсин в кале (Alpha-1-Antitrypsin, Feces);;Кал;до 8 р.д.;1 885,00
1592ОСС;;;Остаточная осмолярность стула (Stool osmotic gap);;Кал;до 8 р.д.;1 355,00
1593;;;Желчные кислоты в стуле;;Кал;до 8 р.д.;4 705,00
1594;;;Эозинофильный нейротоксин в стуле;;Кал;до 8 р.д.;4 900,00
1596;;;Зонулин фекальный;;Кал;до 8 р.д.;8 435,00
1597;;;Химотрипсин в стуле, активность;;Кал;до 7 р.д.;2 410,00
1599;;;Стеатокрит стула;;Кал;до 7 р.д.;1 780,00
1338;;;Кальпротектин фекальный (Fecal Calprotectin);;Кал;до 4 к.д.;2 775,00
3357;;;Оценка состояния микробиоты толстого кишечника методом ПЦР, тест-система КОЛОНОФЛОР-8;;Кал;до 9 р.д.;2 390,00
3348;;;Оценка состояния микробиоты толстого кишечника методом ПЦР, тест-система КОЛОНОФЛОР-16 (биоценоз);;Кал;до 5 р.д.;3 990,00
3347;;;Оценка состояния микробиоты толстого кишечника методом ПЦР, тест-система КОЛОНОФЛОР-16 (метаболизм);;Кал;до 5 р.д.;3 990,00
1999;;;Короткоцепочечные жирные кислоты в кале;;Кал;до 9 р.д.;2 340,00
398;;;Исследования состава микробиоты кишечника у детей методом ПЦР, Энтерофлор Дети;;Кал;до 6 р.д.;7 020,00
360;;;Острые кишечные инфекции. Кампилобактер(термофильная группа)/ Шигеллы и ЭИКП, определение ДНК в кале;;Кал;до 5 р.д.;590,00
361;;;Острые кишечные инфекции. Сальмонеллы/Аденовирус F, определение ДНК в кале;;Кал;до 5 р.д.;590,00
362;;;Острые кишечные инфекции. Ротавирус А/Астровирус, определение РНК в кале;;Кал;до 5 р.д.;1 170,00
364;;;Острые кишечные инфекции. Норовирус G I/Норовирус G II, определение РНК в кале;;Кал;до 5 р.д.;600,00
33127КАЛ;;;Острые кишечные инфекции. Определение РНК  вирусных возбудителей кишечных инфекций (Ротавирус А, Астровирус, Норовирус G I, Норовирус G II) в кале;;Кал;до 5 р.д.;1 140,00
33128КАЛ;;;Острые кишечные инфекции. Определение бактериальных и вирусных возбудителей кишечных инфекций (Кампилобактер(термофильная группа),Шигеллы и ЭИКП, Сальмонеллы, Аденовирус F, Ротавирус А, Астровирус, Норовирус G I, Норовирус G II) в кале;;Кал;до 5 р.д.;2 260,00
3363;;;Оценка состояния микробиоты толстого кишечника методом ПЦР, тест-система КОЛОНОФЛОР-16 Премиум;;Кал;до 6 р.д.;5 390,00
10. ДИАГНОСТИКА ИНФЕКЦИОННЫХ ЗАБОЛЕВАНИЙ;;;;;;;
Имеются ограничения по взятию некоторых видов биоматериала в регионах. *Уточняйте у администратора медицинского офиса.* Указанные сроки ПЦР-исследований не включают проведение подтверждающих тестов (при необходимости);;;;;;;
10.1. Аденовирусная инфекция;;;;;;;
;;;;;;;
242;;;Антитела класса IgA к аденовирусу (Аnti-Adenovirus IgA);;Сыворотка крови;до 6 р.д.;885,00
241;;;Антитела класса IgG к аденовирусу (Аnti-Adenovirus IgG);;Сыворотка крови;до 6 р.д.;885,00
10.2. Аскаридоз;;;;;;;
КП - коэффициент позитивности;;;;;;;
237;;;Антитела класса IgG к антигенам аскарид (Anti-Ascaris lumbricoides IgG);;Сыворотка крови;до 5 к.д.;1 130,00
10.3. Аспергиллез;;;;;;;
;;;;;;;
278;;;Лабораторное исследование антигена Aspergillus (галактоманнан) в сыворотке крови (Aspergillus antigen (galactomannan) in serum);;Сыворотка крови;до 6 р.д.;7 490,00
279;;;Лабораторное исследование антигена Aspergillus (галактоманнан) в бронхо-альвеолярном лаваже (Aspergillus antigen (galactomannan) in bronchoalveolar lavage);;Бронхоальвеолярный лаваж;до 6 р.д.;7 490,00
10.4. Бактероидная флора;;;;;;;
;;;;;;;
396УРО;;;Бактероиды, определение ДНК в соскобе эпителиальных клеток урогенитального тракта (Bacteroides spp., DNA, Scrape of Urogenital Epithelial Cells)*;;Соскоб;до 5 р.д.;280,00
10.5. Боррелиоз (болезнь Лайма);;;;;;;
;;;;;;;
243;;;Aнтитела класса IgG к Borrelia burgdorferi (Anti-Borrelia burgdorferi IgG);;Сыворотка крови;до 3 р.д.;735,00
244;;;Aнтитела класса IgM к Borrelia burgdorferi (Anti-Borrelia burgdorferi IgM);;Сыворотка крови;до 3 р.д.;735,00
1190;;;Aнтитела класса IgG к Borrelia burgdorferi, выявляемые методом иммуноблоттинга (Anti-Borrelia burgdorferi IgG, Immunoblot );;Сыворотка крови;до 8 р.д.;2 950,00
1191;;;Aнтитела класса IgM к Borrelia burgdorferi, выявляемые методом Вестерн-блота (Anti-Borrelia burgdorferi IgM, Western Blot (WB));;Сыворотка крови;до 7 р.д.;2 850,00
27Д;;;Лабораторное исследование клеща для выявления ДНК возбудителя Лайм-Боррелиоза (Borrelia burgdorferi, DNA);;Клещ;до 4 к.д.;990,00
47Д;;;Лабораторное исследование клеща для выявления ДНК возбудителей клещевых  риккетсиозов;;Клещ;до 4 к.д.;1 390,00
3112СИН;;;Боррелии, определение ДНК в синовиальной жидкости (Вorrelia burgdorferi, DNA, Synovial Fluid)*;;Синовиальная жидкость;1 к.д.;540,00
3112СМЖ;;;Боррелии, определение ДНК в спинномозговой жидкости (Вorrelia burgdorferi, DNA, Cerebrospinal Fluid)*;;Спинномозговая жидкость;1 к.д.;540,00
10.6. Ветряная оспа: вирус герпеса человека 3 типа (опоясывающий лишай);;;;;;;
;;;;;;;
256;;;Антитела класса IgG к вирусу ветряной оспы и опоясывающего лишая (Anti-Varicella-Zoster Virus IgG, Anti-VZV IgG);;Сыворотка крови;до 4 р.д.;910,00
257;;;Антитела класса IgM к вирусу ветряной оспы и опоясывающего лишая (Anti-Varicella-Zoster Virus IgM, Anti-VZV IgM);;Сыворотка крови;до 3 к.д.;1 010,00
3215СЛН;;;Вирус Varicella-Zoster, определение ДНК в слюне (VaricellaZosterVirus, DNA, saliva);;Слюна;до 3 р.д.;530,00
3215РОТ;;;Вирус Varicella-Zoster, определение ДНК в соскобе эпителиальных клеток слизистой ротоглотки (Varicella Zoster Virus, DNA, scrape of faucial epithelial cells);;Соскоб;до 3 р.д.;530,00
3215КОЖ;;;Вирус Varicella-Zoster, определение ДНК в соскобе эпителиальных клеток кожи (Varicella Zoster Virus, DNA, scrape of skin epithelial cells);;Соскоб;до 3 р.д.;530,00
3215СВ;;;Вирус Varicella-Zoster, определение ДНК в сыворотке крови (Varicella ZosterVirus, DNA, serum);;Сыворотка крови;до 3 р.д.;530,00
10.7. ВИЧ-инфекция (вирус иммунодефицита человека);;;;;;;
**При положительных и сомнительных реакциях срок выдачи результата может быть увеличен до 10 к. д.;;;;;;;
68;;;Антитела к ВИЧ 1 и 2 и антиген ВИЧ 1 и 2 (HIV Ag/Ab Combo);;Сыворотка крови;1 к.д.;425,00
3102;;;Вирус иммунодефицита человека типа 1, качественное определение РНК (Human immunodeficiency virus, quality, RNA) в сыворотке крови;;Сыворотка крови;1 к.д.;2 910,00
339;;;Вирус иммунодефицита человека, тип 1, определение РНК (кол.) в сыворотке крови (Human immunodeficiency virus, HIV-1, RNA, quantitative, Serum);;Сыворотка крови;до 2 р.д.;5 590,00
10.8. ВПЧ-инфекция, папилломавирусная инфекция (вирус папилломы человека);;;;;;;
;;;;;;;
311С-ПРК;;;Вирус папилломы человека высокого онкогенного риска, скрининг 14 типов: 16, 18, 31, 33, 35, 39, 45, 51, 52, 56, 58, 59, 66, 68 + КВМ, oпределение ДНК в соскобе эпителиальных клеток слизистой прямой кишки  (HPV DNA, Scrape of Rectal Epithelial Cells, 14 Types (16, 18, 31, 33, 35, 39, 45, 51, 52, 56, 58, 59, 66, 68) Screening )*;;Соскоб;до 3 р.д.;455,00
311С-РОТ;;;Вирус папилломы человека высокого онкогенного риска, скрининг 14 типов: 16, 18, 31, 33, 35, 39, 45, 51, 52, 56, 58, 59, 66, 68 + КВМ, oпределение ДНК в соскобе эпителиальных клеток ротоглотки (HPV DNA, Scrape of Faucial Epithelial Cells, 14 Types (16, 18, 31, 33, 35, 39, 45, 51, 52, 56, 58, 59, 66, 68) Screening )*;;Соскоб;до 3 р.д.;455,00
311С-УРО;;;Вирус папилломы человека высокого онкогенного риска, скрининг 14 типов: 16, 18, 31, 33, 35, 39, 45, 51, 52, 56, 58, 59, 66, 68 + КВМ, oпределение ДНК в соскобе эпителиальных клеток урогенитального тракта (HPV DNA, Scrape of Urogenital Epithelial Cells, 14 Types (16, 18, 31, 33, 35, 39, 45, 51, 52, 56, 58, 59, 66, 68) Screening )*;;Соскоб;до 5 р.д.;455,00
312С-УРО (СМР);;;Вирус папилломы человека высокого онкогенного риска, oпределение ДНК 16 и 18 типов + КВМ в соскобе эпителиальных клеток урогенитального тракта  (HPV DNA, Scrape of Urogenital Epithelial Cells, 2 Types (16, 18));;Соскоб;до 2 р.д.;510,00
313С-УРО (СМР);;;Вирус папилломы человека высокого онкогенного риска, генотипирование ДНК 14 типов: 16, 18, 31, 33, 35, 39, 45, 51, 52, 56, 58, 59, 66, 68 + КВМ в соскобе эпителиальных клеток урогенитального тракта (HPV DNA, Scrape of Urogenital Epithelial Cells, 14 Types (16, 18, 31, 33, 35, 39, 45, 51, 52, 56, 58, 59, 66, 68));;Соскоб;до 2 р.д.;745,00
399С-УРО;;;Вирус папилломы человека низкого онкогенного риска, определение ДНК 3 типов: 6, 11, 44 + КВМ в соскобе эпителиальных клеток урогенитального тракта (HPV DNA, Scrape of Urogenital Epithelial Cells, 3 Types (6, 11, 44));;Соскоб;до 5 р.д.;435,00
399С-ПРК;;;Вирус папилломы человека низкого онкогенного риска, определение ДНК 3 типов: 6, 11, 44 + КВМ в соскобе эпителиальных клеток слизистой прямой кишки  (HPV DNA, Scrape of Rectal Epithelial Cells, 3 Types (6, 11, 44));;Соскоб;до 3 р.д.;435,00
399С-РОТ;;;Вирус папилломы человека низкого онкогенного риска, определение ДНК 3 типов: 6, 11, 44 в соскобе эпителиальных клеток ротоглотки (HPV DNA, Scrape of Faucial Epithelial Cells, 3 Types (6, 11, 44));;Соскоб;до 3 р.д.;435,00
374С-УРО;;;Вирус папилломы человека, oпределение ДНК 4 типов: 6, 11, 16, 18 + КВМ в соскобе эпителиальных клеток урогенитального тракта  (HPV DNA, Scrape of Urogenital Epithelial Cells, 4 Types (6, 11, 16, 18) Screening );;Соскоб;до 5 р.д.;695,00
377С-УРО;;;Дифференцированное определение ДНК ВПЧ (Вирус папилломы человека) 14 типов: 16, 18, 31, 33, 35, 39, 45, 51, 52, 56, 58, 59, 66, 68 + КВМ в соскобе эпителиальных клеток урогенитального тракта (HPV DNA, Scrape of Urogenital Epithelial Cells, 14 Types (16, 18,  31, 33, 35, 39, 45, 51, 52, 56, 58, 59, 66, 68) Screening);;Соскоб;до 5 р.д.;1 290,00
391С-УРО;;;Вирус папилломы человека, oпределение ДНК 21 типа: 6, 11, 16, 18, 26, 31, 33, 35, 39, 44, 45, 51, 52, 53, 56, 58, 59, 66, 68, 73, 82 + КВМ в соскобе эпителиальных клеток урогенитального тракта (HPV DNA, Scrape of Urogenital Epithelial Cells, 21 Types (6, 11, 16, 18, 26, 31, 33, 35, 39, 44, 45, 51, 52, 53, 56, 58, 59, 66, 68, 73, 82));;Соскоб;до 5 р.д.;3 155,00
3011;;;Вирус папилломы человека (ВПЧ), выявление ДНК (скрининг 14 типов ВПЧ высокого онкогенного риска - 16, 18, 31, 33, 35, 39, 45, 51, 52, 56, 58, 59, 66 и 68 типов, с дифференциальным определением 16 и 18 типов, тест-система РеалБест ВПЧ ОнкоСкрин.;;Соскоб;до 4 р.д.;1 090,00
УРО-311С;;;Вирус папилломы человека высокого онкогенного риска, скрининг 14 типов: 16, 18, 31, 33, 35, 39, 45, 51, 52, 56, 58, 59, 66, 68 + КВМ, oпределение ДНК в соскобе эпителиальных клеток урогенитального тракта (HPV DNA, Scrape of Urogenital Epithelial Cells, 14 Types (16, 18, 31, 33, 35, 39, 45, 51, 52, 56, 58, 59, 66, 68) Screening )*;;Соскоб;до 3 р.д.;455,00
391С-УРО(3058);;;Вирус папилломы человека, oпределение ДНК 21 типа: 6, 11, 16, 18, 26, 31, 33, 35, 39, 44, 45, 51, 52, 53, 56, 58, 59, 66, 68, 73, 82 + КВМ в соскобе эпителиальных клеток урогенитального тракта (HPV DNA, Scrape of Urogenital Epithelial Cells, 21 Types (6, 11, 16, 18, 26, 31, 33, 35, 39, 44, 45, 51, 52, 53, 56, 58, 59, 66, 68, 73, 82));;Соскоб;до 3 р.д.;1 263,00
10.9. Гарднереллез (гарднерелла);;;;;;;
;;;;;;;
305МОЧ;;;Гарднерелла, определение ДНК в моче (Gardnerella vaginalis, DNA, Urine)*;;Моча;1 р.д.;290,00
305СП;;;Гарднерелла, определение ДНК в секрете простаты, эякуляте (Gardnerella vaginalis, DNA, Prostatic Fluid, Semen)*;;"Секрет простаты; Эякулят";1 р.д.;290,00
305УРО;;;Гарднерелла, определение ДНК в соскобе эпителиальных клеток урогенитального тракта (Gardnerella vaginalis, DNA, Scrape of Urogenital Epithelial Cells)*;;Соскоб;1 р.д.;290,00
10.10. Гельминтоз;;;;;;;
КП - коэффициент позитивности;;;;;;;
297;;;Антитела к антигенам нематод рода Anisakis IgG;;Сыворотка крови;до 8 к.д.;870,00
299;;;Антитела к антигенам Китайской двуустки Clonorchis sinensis IgG;;Сыворотка крови;до 8 к.д.;1 155,00
1563;;;Anti-Opisthorchis felineus IgM (антитела класса IgM к антигенам кошачьей двуустки, Opisthorchis felineus);;Сыворотка крови;до 6 к.д.;790,00
1564;;;Антитела класса IgM к антигенам трихинелл (anti-Trichinella IgМ);;Сыворотка крови;до 6 к.д.;890,00
3355;;;Скрининговое ПЦР-исследование возбудителей гельминтозов (энтеробиоза, аскаридоза, дифиллоботриоза, описторхоза, тениоза), тест-система Гельмо-скрин (Screening PCR of pathogens of helminthiasis.  Gelmo-screen assay);;Кал;до 5 р.д.;2 405,00
3364;;;Выявление ДНК возбудителей описторхоза в кале (Opisthorchis felineus DNA);;Кал;до 5 р.д.;690,00
10.11. Гепатит A вирусная инфекция;;;;;;;
;;;;;;;
71;;;Антитела класса IgG к вирусу гепатита А  (Anti-HAV IgG);;Сыворотка крови;1 к.д.;695,00
72;;;Антитела класса IgM к вирусу гепатита А  (Anti-HAV IgM);;Сыворотка крови;1 к.д.;945,00
328СВ;;;Вирус гепатита А, определение РНК в сыворотке крови (HAV RNA, Serum)*;;Сыворотка крови;1 к.д.;765,00
10.12. Гепатит B вирусная инфекция;;;;;;;
;;;;;;;
73;;;HBs-антиген вируса гепатита В (HBs-антиген, поверхностный антиген вируса гепатита B, «австралийский» антиген), качественный тест (HBsAg, Hepatitis В Surface Antigen, Qualitative);;Сыворотка крови;до 2 к.д.;345,00
74;;;HBе-антиген вируса гепатита В  (Hepatitis Be Antigen, HBeAg);;Сыворотка крови;1 к.д.;695,00
75;;;"Антитела классов IgM и IgG к HB-core антигену вируса гепатита B, суммарно  (Anti-HBc IgM, IgG, Antibodies to Hepatitis B Core Antigen; HBcAb, Total, HBV Core Total Antibodies (IgG + IgM))";;Сыворотка крови;1 к.д.;635,00
76;;;"Антитела класса IgM к HB-core антигену вируса гепатита B (Anti-HBc IgM Antibodies to Hepatitis B Core Antigen; HBV Core Antibodies IgM)";;Сыворотка крови;1 к.д.;745,00
77;;;Антитела к HBе-антигену вируса гепатита В (Anti-HBe, HBeAb);;Сыворотка крови;1 к.д.;610,00
78;;;Антитела к HBs-антигену вируса гепатита В (Anti-HBs, HBsAb);;Сыворотка крови;1 к.д.;725,00
87;;;HBs-антиген вируса гепатита В (HBs-антиген, поверхностный антиген вируса гепатита B, «австралийский» антиген), количественный тест (HBsAg, Hepatitis В Surface Antigen, Quantitative);;Сыворотка крови;1 к.д.;1 715,00
319СВ;;;Вирус гепатита B, определение ДНК в сыворотке крови, качественное (HBV DNA, Serum, Qualitative)*;;Сыворотка крови;1 к.д.;650,00
320СВ;;;Вирус гепатита B, определение ДНК в сыворотке крови, количественное (HBV DNA, Serum, Quantitative)*;;Сыворотка крови;1 к.д.;4 175,00
10.13. Гепатит С вирусная инфекция;;;;;;;
**При положительном результате проведение подтверждающего теста увеличивает срок на несколько дней. Уточняйте у администратора медицинского офиса.;;;;;;;
79;;;Антитела классов IgM и IgG к вирусу гепатита С, суммарно (Anti-HCV Total (IgG + IgM))*;;Сыворотка крови;до 2 к.д.;405,00
321СВ;;;Вирус гепатита С, определение РНК в сыворотке крови, качественное (HCV RNA, Serum, Qualitative)*;;Сыворотка крови;1 к.д.;940,00
324ПЛ;;;Вирус гепатита С, определение РНК в плазме, генотипирование с субтипами (типы 1 (субтипы 1a и 1b), 2, 3) (Hepatitis C Virus (HCV) RNA, Plasma, Genotyping, Subtypes (Types 1 (Subtypes 1a, 1b), 2, 3))*;;Плазма крови;до 6 р.д.;1 095,00
324;;;Вирус гепатита С, количественное определение РНК вируса и генотипирование (типы 1, 2, 3) (Hepatitis C Virus (HCV) RNA, Quantitative PCR, Genotyping (Types 1, 2, 3));;Сыворотка крови;1 к.д.;4 415,00
350СВ;;;Вирус гепатита С, определение РНК в сыворотке крови методом ПЦР, количественное  (HCV RNA, Serum, Quantitative, PCR)*;;Сыворотка крови;1 к.д.;4 045,00
3500СВ;;;Вирус гепатита С (ВГС), ультрачувствительное определение РНК ВГС (Hepatitis C Virus (HCV) RNA, Ultrasensitive PCR);;Сыворотка крови;до 5 р.д.;3 665,00
1688;;;Вирус гепатита С РНК, генотипирование 6 генотипов (1а,1b,2,3а,4,5а,6);;Плазма крови;до 6 р.д.;2 800,00
7644G1;;;Мутации лекарственной резистентности NS3, NS5A и NS5B регионов генома вируса гепатита С  (для генотипов 1а, 1b);;Кровь;до 13 р.д.;14 335,00
7644G3;;;Мутации лекарственной резистентности NS3, NS5A и NS5B регионов генома вируса гепатита С   (для генотипа 3);;Кровь;до 13 р.д.;14 335,00
1146;;;Антитела к вирусу гепатита С, IgG, иммуноблот;;Сыворотка крови;до 6 р.д.;6 570,00
1143;;;Антитела класса IgG к антигенам вируса гепатита C, выявляемые методом иммуноблоттинга (Anti-HCV IgG, Immunoblot);;Сыворотка крови;до 6 р.д.;6 570,00
10.14. Гепатит D вирусная инфекция;;;;;;;
КП - коэффициент позитивности;;;;;;;
1268;;;Антитела класса IgM к вирусу гепатита D (Аnti-HDV IgM);;Сыворотка крови;до 6 р.д.;910,00
1269;;;Антитела классов IgM и IgG к вирусу гепатита D, суммарнo (Anti-HDV Total (IgG + IgM));;Сыворотка крови;до 6 р.д.;910,00
325СВ;;;Вирус гепатита D, определение РНК в сыворотке крови (HDV RNA, Serum)*;;Сыворотка крови;1 к.д.;775,00
3255СВ;;;Вирус гепатита D, количественное определение РНК в сыворотке крови (HDV RNA, quantitative) (Hepatitis D virus, HDV RNA, quantitative);;Сыворотка крови;до 2 к.д.;775,00
10.15. Гепатит Е вирусная инфекция;;;;;;;
КП - коэффициент позитивности;;;;;;;
227;;;Антитела класса IgM к вирусу гепатита E (Anti-HEV IgM);;Сыворотка крови;до 5 к.д.;1 040,00
228;;;Антитела класса IgG к вирусу гепатита E (Anti-HEV IgG);;Сыворотка крови;до 5 к.д.;1 040,00
10.16. Гепатит G вирусная инфекция;;;;;;;
;;;;;;;
326СВ;;;Вирус гепатита G, определение РНК в сыворотке крови (HGV RNA, Serum)*;;Сыворотка крови;1 к.д.;775,00
10.17. Герпес (герпес-вирусы человека 1 и 2 типов);;;;;;;
;;;;;;;
122;;;Антитела класса IgG к вирусу простого герпеса 1 и 2 типов (Anti-HSV-1, 2 IgG);;Сыворотка крови;до 2 к.д.;650,00
1222;;;Антитела класса IgG к вирусу простого герпеса 1 типа  (Anti-HSV-1 IgG);;Сыворотка крови;до 4 р.д.;785,00
1223;;;Антитела класса IgG к вирусу простого герпеса 2 типа  (Anti-HSV-2 IgG);;Сыворотка крови;до 4 р.д.;635,00
123;;;Антитела класса IgМ к вирусу простого герпеса 1 и 2 типов (Anti-HSV-1, 2 IgМ);;Сыворотка крови;до 2 к.д.;600,00
4AVHSV;;;Авидность Anti-HSV IgG;;Сыворотка крови;до 6 р.д.;885,00
309ВПТ;;;Герпесвирус 1 и 2 типов, определение ДНК в выпоте (HSV-1, 2 DNA, Exudate)*;;Выпоты;1 р.д.;370,00
309ГЛЗ;;;Герпесвирус 1 и 2 типов, определение ДНК в соскобе эпителиальных клеток конъюнктивы (HSV-1, 2 DNA, Scrape of Conjunctiva Epithelial Cells )*;;Соскоб;1 р.д.;370,00
309КОЖ;;;Герпесвирус 1 и 2 типов, определение ДНК в соскобе эпителиальных клеток кожи (HSV-1, 2 DNA, Scrape of Skin Epithelial Cells)*;;Соскоб;1 р.д.;370,00
309КР;;;Герпесвирус 1 и 2 типов, определение ДНК в венозной крови (HSV-1, 2 DNA, Blood)*;;Цельная кровь;до 2 р.д.;510,00
309МОЧ;;;Герпесвирус 1 и 2 типов, определение ДНК в моче (HSV-1, 2 DNA, Urine)*;;Моча;1 р.д.;370,00
309НОС;;;Герпесвирус 1 и 2 типов, определение ДНК в соскобе эпителиальных клеток слизистой носа (HSV-1, 2 DNA, Scrape of Nasal Epithelial Cells)*;;Соскоб;1 р.д.;370,00
309РОТ;;;Герпесвирус 1 и 2 типов, определение ДНК в соскобе эпителиальных клеток ротоглотки (HSV-1, 2 DNA, Scrape of Faucial Epithelial Cells)*;;Соскоб;1 р.д.;370,00
309СВ;;;Герпесвирус 1 и 2 типов, определение ДНК в сыворотке крови (HSV-1, 2 DNA, Serum)*;;Сыворотка крови;до 2 р.д.;510,00
309СЛН;;;Герпесвирус 1 и 2 типов, определение ДНК в слюне (HSV-1, 2 DNA, Saliva)*;;Слюна;1 р.д.;370,00
309СМЖ;;;Герпесвирус 1 и 2 типов, определение ДНК в спинномозговой жидкости (HSV-1, 2 DNA, Cerebrospinal Fluid)*;;Спинномозговая жидкость;1 р.д.;370,00
309СП;;;Герпесвирус 1 и 2 типов, определение ДНК в секрете простаты, эякуляте (HSV-1, 2 DNA, Prostatic Fluid, Semen)*;;"Секрет простаты; Эякулят";1 р.д.;370,00
309УРО;;;Герпесвирус 1 и 2 типов, определение ДНК в соскобе эпителиальных клеток урогенитального тракта (HSV-1, 2 DNA, Scrape of Urogenital Epithelial Cells)*;;Соскоб;1 р.д.;370,00
3090ВПТ;;;Герпесвирус 1 и 2 типов, определение ДНК в выпоте, типирование  (HSV-1, 2 DNA, Exudate, Тyping)*;;Выпоты;1 к.д.;490,00
3090ГЛЗ;;;Герпесвирус 1 и 2 типов, определение ДНК в соскобе эпителиальных клеток конъюнктивы, типирование  (HSV-1, 2 DNA, Scrape of Conjunctiva Epithelial Cells, Тyping)*;;Соскоб;1 к.д.;510,00
3090КОЖ;;;Герпесвирус 1 и 2 типов, определение ДНК в соскобе эпителиальных клеток кожи, типирование (HSV-1, 2 DNA, Scrape of Skin Epithelial Cells, Тyping)*;;Соскоб;1 к.д.;510,00
3090КР;;;Герпесвирус 1 и 2 типов, определение ДНК в венозной крови, типирование  (HSV-1, 2 DNA, Blood, Тyping)*;;Цельная кровь;1 к.д.;695,00
3090МОЧ;;;Герпесвирус 1 и 2 типов, определение ДНК в моче, типирование (HSV-1, 2 DNA, Urine, Тyping)*;;Моча;1 к.д.;510,00
3090НОС;;;Герпесвирус 1 и 2 типов, определение ДНК в соскобе эпителиальных клеток слизистой носа, типирование (HSV-1, 2 DNA, Scrape of Nasal Epithelial Cells, Тyping)*;;Соскоб;1 к.д.;510,00
3090РОТ;;;Герпесвирус 1 и 2 типов, определение ДНК в соскобе эпителиальных клеток ротоглотки, типирование  (HSV-1, 2 DNA, Scrape of Faucial Epithelial Cells, Тyping)*;;Соскоб;1 к.д.;510,00
3090СВ;;;Герпесвирус 1 и 2 типов, определение ДНК в сыворотке крови, типирование  (HSV-1, 2 DNA, Serum, Тyping)*;;Сыворотка крови;1 к.д.;695,00
3090СЛН;;;Герпесвирус 1 и 2 типов, определение ДНК в слюне, типирование  (HSV-1, 2 DNA, Saliva, Тyping)*;;Слюна;1 к.д.;510,00
3090СМЖ;;;Герпесвирус 1 и 2 типов, определение ДНК в спинномозговой жидкости, типирование (HSV-1, 2 DNA, Cerebrospinal Fluid, Тyping)*;;Спинномозговая жидкость;1 к.д.;510,00
3090СП;;;Герпесвирус 1 и 2 типов, определение ДНК в секрете простаты, эякуляте, типирование (HSV-1, 2 DNA, Prostatic Fluid, Semen, Тyping)*;;"Секрет простаты; Эякулят";1 к.д.;510,00
3090УРО;;;Герпесвирус 1 и 2 типов, определение ДНК в соскобе эпителиальных клеток урогенитального тракта, типирование (HSV-1, 2 DNA, Scrape of Urogenital Epithelial Cells, Тyping)*;;Соскоб;до 4 р.д.;510,00
10.18. Герпес-вирус человека 6 типа;;;;;;;
КП - коэффициент позитивности;;;;;;;
276;;;Антитела класса IgG к герпесвирусу человека 6 типа (Anti-HHV-6 IgG);;Сыворотка крови;до 8 к.д.;795,00
352ВПТ;;;Герпесвирус 6 типа, определение ДНК в выпоте (HHV-6 DNA, Exudate)*;;Выпоты;1 к.д.;280,00
352КР;;;Герпесвирус 6 типа, определение ДНК в венозной крови (HHV-6 DNA, Blood)*;;Цельная кровь;1 к.д.;510,00
352МОЧ;;;Герпесвирус 6 типа, определение ДНК в моче (HHV-6 DNA, Urine)*;;Моча;1 к.д.;280,00
352НОС;;;Герпесвирус 6 типа, определение ДНК в соскобе эпителиальных клеток слизистой носа (HHV-6 DNA, Scrape of Nasal Epithelial Cells)*;;Соскоб;1 к.д.;280,00
352РОТ;;;Герпесвирус 6 типа, определение ДНК в соскобе эпителиальных клеток ротоглотки (HHV-6 DNA, Scrape of Faucial Epithelial Cells)*;;Соскоб;1 к.д.;414,00
352СВ;;;Герпесвирус 6 типа, определение ДНК в сыворотке крови (HHV-6 DNA, Serum)*;;Сыворотка крови;1 к.д.;510,00
352СЛН;;;Герпесвирус 6 типа, определение ДНК в слюне (HHV-6 DNA, Saliva)*;;Слюна;1 к.д.;280,00
352СМЖ;;;Герпесвирус 6 типа, определение ДНК в спинномозговой жидкости (HHV-6 DNA, Cerebrospinal Fluid)*;;Спинномозговая жидкость;1 к.д.;280,00
352СП;;;Герпесвирус 6 типа, определение ДНК в секрете простаты, эякуляте (HHV-6 DNA, Prostatic Fluid, Semen)*;;"Секрет простаты; Эякулят";1 к.д.;280,00
352УРО;;;Герпесвирус 6 типа, определение ДНК в соскобе эпителиальных клеток урогенитального тракта (HHV-6 DNA, Scrape of Urogenital Epithelial Cells)*;;Соскоб;до 4 р.д.;280,00
1236;;;Антитела к к вирусу герпеса человека 6 типа, IgМ;;Сыворотка крови;до 6 р.д.;990,00
10.19. Герпес-вирус человека 8 типа;;;;;;;
КП - коэффициент позитивности;;;;;;;
277;;;Антитела класса IgG к герпесвирусу человека 8 типа (Anti-HHV-8 IgG);;Сыворотка крови;до 5 р.д.;885,00
10.20. Гонорея (гонококк);;;;;;;
;;;;;;;
306ГЛЗ;;;Гонококк, определение ДНК в соскобе эпителиальных клеток конъюнктивы (Neisseria gonorrhoeae, DNA, Scrape of Conjunctiva Epithelial Cells )*;;Соскоб;до 2 р.д.;290,00
306МОЧ;;;Гонококк, определение ДНК в моче (Neisseria gonorrhoeae, DNA, Urine)*;;Моча;до 2 р.д.;290,00
306ПРК;;;Гонококк, определение ДНК в соскобе эпителиальных клеток слизистой прямой кишки (Neisseria gonorrhoeae, DNA, Scrape of Rectal Epithelial Cells)*;;Соскоб;до 2 р.д.;290,00
306РОТ;;;Гонококк, определение ДНК в соскобе эпителиальных клеток ротоглотки (Neisseria gonorrhoeae, DNA, Scrape of Faucial Epithelial Cells)*;;Соскоб;до 2 р.д.;290,00
306СИН;;;Гонококк, определение ДНК в синовиальной жидкости (Neisseria gonorrhoeae, DNA, Synovial Fluid)*;;Синовиальная жидкость;до 2 р.д.;540,00
306СП;;;Гонококк, определение ДНК в секрете простаты, эякуляте (Neisseria gonorrhoeae, DNA, Prostatic Fluid, Semen)*;;"Секрет простаты; Эякулят";до 2 р.д.;290,00
306УРО;;;Гонококк, определение ДНК в соскобе эпителиальных клеток урогенитального тракта (Neisseria gonorrhoeae, DNA, Scrape of Urogenital Epithelial Cells)*;;Соскоб;до 2 р.д.;295,00
449;;;Посев на гонококк (Neisseria gonorrhoeae, гонорея), определение чувствительности к антимикробным препаратам (GC, Neisseria gonorrhoeae Culture. Bacteria Identification and Antibiotic Susceptibility Testing);;"Эякулят; Отделяемое прямой кишки; Отделяемое ротоглотки; Плевральная жидкость; Секрет простаты; Содержимое полости матки; Суставная жидкость; Асцитическая жидкость; Ликвор; Отделяемое глаза; Отделяемое половых органов";до 5 к.д.;895,00
10.21. Грипп;;;;;;;
;;;;;;;
304;;;Вирус гриппа A/H1N1, качественное определение РНК (Influenza virus A/H1N1,quality,RNA).;;Мазок;до 2 к.д.;1 790,00
3317;;;Вирус гриппа А/B, качественное определение РНК (Influenza virus A/B, quality, RNA);;Мазок;1 р.д.;2 195,00
3610;;;Вирус гриппа A/H3N2 (гонконгский грипп), качественное определение РНК (Influenza virus A/H3N2, quality, RNA);;Мазок;до 2 к.д.;1 740,00
3607;;;Вирусы гриппа A/H1N1, H3N2 (свиной грипп, гонконгский грипп) качественное определение РНК (Influenza virus A/H1N1, H3N2 quality,RNA).;;Мазок;до 2 к.д.;2 470,00
3606;;;Дифференциальная диагностика ОРВИ;;Мазок;до 2 к.д.;4 495,00
10.22. Демодекоз (клещ демодекс);;;;;;;
;;;;;;;
25Д;;;Исследование на наличие клеща демодекс (Demodex folliculorum, Demodex brevis);;"Содержимое гнойника; Соскоб";1 р.д.;390,00
24Д;;;Исследование на наличие клеща демодекс (Demodex folliculorum, Demodex brevis);;"Ресницы; Смешанный материал";1 р.д.;390,00
10.23. Дизентерия амебная, амебиаз;;;;;;;
КП - коэффициент позитивности;;;;;;;
235;;;Антитела класса IgG к антигенам дизентерийной амебы (Anti-Entamoeba histolytica IgG);;Сыворотка крови;до 6 к.д.;825,00
10.24. Дизентерия бактериальная, шигеллез, шигеллы;;;;;;;
;;;;;;;
280;;;РПГА с Shigella flexneri 1-5 (Shigella flexneri 1-5, IHA);;Сыворотка крови;до 4 к.д.;565,00
281;;;РПГА с Shigella flexneri 6 (Shigella flexneri 6, IHA);;Сыворотка крови;до 4 к.д.;565,00
282;;;РПГА с Shigella sonnei (Shigella sonnei, IHA);;Сыворотка крови;до 4 к.д.;565,00
437УПМ;;;Посев на патогенную и условно-патогенную микрофлору кишечника  (Stool Culture, Pathogenic Intestinal and Conditionally Pathogenic Microflora, Bacteria Identification);;"Кал; Ректальный мазок";до 5 к.д.;1 440,00
437УПМ-А;;;Посев на патогенную и условно-патогенную микрофлору кишечника с определением чувствительности к антимикробным препаратам  (Stool Culture, Pathogenic Intestinal and Conditionally Pathogenic Microflora. Bacteria Identification and Antibiotic Susceptibility Testing);;"Кал; Ректальный мазок";до 7 к.д.;1 660,00
437УПМ-Ф;;;Посев на патогенную и условно-патогенную микрофлору кишечника с определением чувствительности к антимикробным препаратам  и бактериофагам  (Stool Culture with Bacteria Identification and Antibiotic+Bacteriophage Susceptibility Testing);;"Кал; Ректальный мазок";до 7 к.д.;1 760,00
10.25. Дифтерия (дифтерийная палочка);;;;;;;
;;;;;;;
855;;;Антитела класса IgG к дифтерийному анатоксину  (Anti-Diphtheria Toxoid IgG);;Сыворотка крови;до 5 р.д.;1 040,00
469;;;Посев на дифтерию (Corynebacterium diphtheriae Culture);;"Мазок; Отделяемое носа; Отделяемое носоглотки; Отделяемое пазухи; Отделяемое ротоглотки";до 5 к.д.;795,00
10.26. Иерсинии (иерсиниоз, псевдотуберкулез);;;;;;;
КП - коэффициент позитивности;;;;;;;
460;;;Посев кала на иерсинии (Yersinia enterocolitica, иерсиниоз, определение чувствительности к антимикробным препаратам (Yersinia enterocolitica, Stool Culture. Bacteria Identification and Antibiotic Susceptibility Testing);;Кал;до 13 р.д.;1 500,00
286;;;РПГА с Yersinia pseudotuberculosis (Yersinia pseudotuberculosis IHA);;Сыворотка крови;до 4 к.д.;565,00
284;;;РПГА с Yersinia еnterocolitica серотипа О:3  (Yersinia enterocolitica O:3, IHA);;Сыворотка крови;до 4 к.д.;565,00
285;;;РПГА с Yersinia еnterocolitica серотипа О:9 (Yersinia enterocolitica O:9, IHA);;Сыворотка крови;до 4 к.д.;565,00
2381;;;Антитела класса IgA к антигенам Yersinia Enterocolitica и Yersinia Pseudotuberculosis (anti-Yersinia Enterocolitica, anti-Yersinia Pseudotuberculosis, IgA);;Сыворотка крови;до 6 к.д.;635,00
2391;;;Антитела класса IgG к антигенам Yersinia Enterocolitica и Yersinia Pseudotuberculosis (anti-Yersinia Enterocolitica, anti-Yersinia Pseudotuberculosis, IgG);;Сыворотка крови;до 6 к.д.;635,00
238;;;Антитела класса IgA к антигенам Yersinia еnterocolitica (Аnti-Yersinia enterocolitica IgA);;Сыворотка крови;до 6 к.д.;635,00
239;;;Антитела класса IgG к антигенам Yersinia еnterocolitica (Аnti-Yersinia enterocolitica IgG);;Сыворотка крови;до 6 к.д.;705,00
1420;;;Антитела класса IgM к антигенам Yersinia еnterocolitica и Yersinia pseudotuberculosis;;Сыворотка крови;до 7 р.д.;1 290,00
10.27. Кампилобактериоз, кампилобактер;;;;;;;
;;;;;;;
461;;;Посев кала на кампилобактер (Campylobacter sрp.) (Campylobacter spp., Stool Culture. Bacterial Identification);;Кал;до 6 р.д.;1 500,00
10.28. Кандидоз, кандида;;;;;;;
КП - коэффициент позитивности;;;;;;;
254;;;Aнтитела класса IgG к Candida albicans (Anti-Candida albicans IgG );;Сыворотка крови;до 6 р.д.;910,00
6617;;;Плесень Candida albicans, IgG (M5) (M5 Candida albicans, IgG );;Сыворотка крови;до 4 р.д.;695,00
344ВПТ;;;Кандида, определение ДНК в выпоте (Candida albicans, DNA, Exudate)*;;Выпоты;1 р.д.;290,00
344КОЖ;;;Кандида, определение ДНК в соскобе эпителиальных клеток кожи (Candida albicans, DNA, Scrape of Skin Epithelial Cells)*;;Соскоб;1 р.д.;290,00
344МОЧ;;;Кандида, определение ДНК в моче (Candida albicans, DNA, Urine)*;;Моча;1 р.д.;290,00
344ПРК;;;Кандида, определение ДНК в соскобе эпителиальных клеток слизистой прямой кишки (Candida albicans, DNA, Scrape of Rectal Epithelial Cells)*;;Соскоб;1 р.д.;290,00
344РОТ;;;Кандида, определение ДНК в соскобе эпителиальных клеток ротоглотки (Candida albicans, DNA, Scrape of Faucial Epithelial Cells)*;;Соскоб;1 р.д.;290,00
344СЛН;;;Кандида, определение ДНК в слюне (Candida albicans, DNA, Saliva)*;;Слюна;1 р.д.;290,00
344СП;;;Кандида, определение ДНК в секрете простаты, эякуляте (Candida albicans, DNA, Prostatic Fluid, Semen)*;;"Секрет простаты; Эякулят";1 р.д.;290,00
344УРО;;;Кандида, определение ДНК в соскобе эпителиальных клеток урогенитального тракта (Candida albicans, DNA, Scrape of Urogenital Epithelial Cells)*;;Соскоб;1 р.д.;290,00
3021;;;Кандидоз, скрининг и типирование (Candidiasis, Screening and Typing);;Соскоб;до 5 р.д.;1 070,00
3023;;;Кандидоз, скрининг (Candidiasis, Screening );;Соскоб;до 5 р.д.;425,00
3024;;;Кандидоз, типирование (Candidiasis, Typing);;Соскоб;до 5 р.д.;765,00
442;;;Посев на дрожжеподобные грибы (родов Candida, Cryptococcus) с определением чувствительности к антимикотическим препаратам (Yeast Culture. Identification and Antimycotic Susceptibility testing);;"Асцитическая жидкость; Гной; Суставная жидкость; Транссудат; Экссудат; Эякулят; Секрет простаты; Содержимое абсцесса; Содержимое инфильтрата; Содержимое полости матки; Содержимое уха; Соскоб; Отделяемое половых органов; Отделяемое раны; Отделяемое ротоглотки; Плевральная жидкость; Промывные воды бронхов; Ректальный мазок; Моча; Назотрахеальный аспират; Отделяемое глаза; Отделяемое носа; Отделяемое носоглотки; Отделяемое пазухи; Желчь; Кал; Крайняя плоть; Ликвор; Мазок; Мокрота";до 6 к.д.;1 210,00
3802;;;Грибковые инфекции - выявление и типирование возбудителей микозов родов Candida, Malassezia, Saccharomyces и Debaryomyces;;"Бронхоальвеолярный лаваж, ПЦР; Мокрота; Моча; Смывы; Соскоб";до 6 р.д.;2 690,00
442-Р;;;Посев на дрожжеподобные грибы (родов Candida, Cryptococcus) с определением чувствительности к расширенному спектру антимикотических препаратов (Yeast Culture. Identification and Antimycotic Susceptibility testing);;"Гной; Кровь; Ликвор; Мазок; Содержимое уха; Соскоб; Суставная жидкость; Транссудат; Экссудат; Эякулят; Промывные воды бронхов; Секрет простаты; Содержимое абсцесса; Содержимое инфильтрата; Содержимое полости матки; Содержимое трахеостомической/интубационной трубки; Отделяемое носоглотки; Отделяемое пазухи; Отделяемое половых органов; Отделяемое раны; Отделяемое ротоглотки; Плевральная жидкость; Мокрота; Моча; Назотрахеальный аспират; Отделяемое глаза; Отделяемое из хирургического дренажа; Отделяемое носа";до 7 к.д.;1 590,00
1247;;;Определение маннанового антигена Candida в крови (Platelia Candida Ag);;Плазма крови;до 6 р.д.;4 990,00
1248;;;Определение антиманнановых антител Candida в крови (Platelia Candida Ab);;Плазма крови;;4 990,00
10.29. Клещевой энцефалит, вирус клещевого энцефалита;;;;;;;
;;;;;;;
267;;;Антитела класса IgG к вирусу клещевого энцефалита (Anti-Tick-borne Encephalitis Virus (TBEV) IgG);;Сыворотка крови;до 6 р.д.;565,00
268;;;Антитела класса IgM к вирусу клещевого энцефалита (Anti-Tick-borne Encephalitis Virus (TBEV) IgM);;Сыворотка крови;до 6 р.д.;795,00
1227M;;;Лабораторное исследование клеща для выявления РНК/ДНК возбудителей инфекций, передающихся иксодовыми клещами: КЛЕЩЕВОЙ ЭНЦЕФАЛИТ, БОРРЕЛИОЗ (БОЛЕЗНЬ ЛАЙМА), АНАПЛАЗМОЗ, ЭРЛИХИОЗ (Detection of pathogen DNA/RNA in ticks: Tick-borne encephalitis Virus (TBEV), Borrelia burgdorferi s. l., Anaplasma Phagocytophillum, Ehrlichia muris/chaffeеnsisб  (RNA/DNA), PCR);;Клещ;до 4 к.д.;2 390,00
34Д;;;Исследование клеща на ДНК Anaplasma phagocytophilu*;;Клещ;до 3 к.д.;790,00
35Д;;;Лабораторное исследование клеща для выявления РНК вируса клещевого энцефалита (Tick-borne encephalitis Virus, TBEV, RNA);;Клещ;до 4 к.д.;1 190,00
36Д;;;Исследование клеща на ДНК Borrelia miyamotoi методом ПЦР (Study of Tick: Borrelia miyamotoi DNA, PCR);;Клещ;до 3 к.д.;890,00
37Д;;;Исследование клеща: скрининг (лабораторное исследование клеща для выявления РНК/ДНК возбудителей инфекций, передающихся иксодовыми клещами: РНК Tick-borne encephalitis Virus (TBEV), ДНК Borrelia burgdorferi s. l.) (Study of Tick: Screening);;Клещ;до 4 р.д.;1 790,00
38Д;;;Лабораторное исследование клеща для выявления РНК/ДНК возбудителей инфекций, передаваемых иксодовыми клещами: клещевого энцефалита,  боррелиоза (болезни Лайма), анаплазмоза, эрлихиоза;;Клещ;до 4 р.д.;2 080,00
39Д;;;Исследование клеща на  Ehrlichia muris, Ehrlichia*;;Клещ;до 3 к.д.;790,00
48Д;;;Лабораторное исследование клеща для выявления РНК/ДНК возбудителей инфекций, передающихся иксодовыми клещами: КЛЕЩЕВОЙ ЭНЦЕФАЛИТ, БОРРЕЛИОЗ (БОЛЕЗНЬ ЛАЙМА), АНАПЛАЗМОЗ, ЭРЛИХИОЗ, РИККЕТСИОЗ (Detection of pathogen DNA/RNA in ticks: Tick-borne encephalitis Virus (TBEV), Borrelia burgdorferi s. l.,  Borrelia miamotoi,  Anaplasma phagocytophillum, Ehrlichia muris, Rickettsia heilongjiangensis, Rickettsia sibirica, PCR);;Клещ;до 4 к.д.;3 150,00
10.30. Клостридиоз, псевдомембранозный колит;;;;;;;
;;;;;;;
462;;;Посев на клостридии (Clostridium difficile, псевдомембранозный колит) (Clostridium difficile Culture. Bacteria Identification and Antibiotic Susceptibility Testing);;"Желчь; Кал";до 7 р.д.;1 520,00
486/479;;;Раздельное определение токсина А и токсина В Clostridium difficile в кале, антигенный тест (Toxin A and B Clostridium difficile. One step rapid immunосhromotographic assay);;Кал;до 2 к.д.;1 485,00
10.31. Коклюш;;;;;;;
КП - коэффициент позитивности;;;;;;;
247;;;Aнтитела класса IgA к Bordetella pertussis (Anti-Bordetella pertussis IgA );;Сыворотка крови;до 5 р.д.;1 040,00
245;;;Aнтитела класса IgG к Bordetella pertussis (Anti-Bordetella pertussis IgG);;Сыворотка крови;до 5 р.д.;1 040,00
246;;;Aнтитела класса IgM к Bordetella pertussis (Anti-Bordetella pertussis IgM);;Сыворотка крови;до 5 р.д.;1 040,00
470;;;Посев отделяемого ротоглотки на бордетеллы (Bordetella pertussis/parapertussis, коклюш/паракоклюш) (Bordetella pertussis/parapertussis, Nasopharyngeal Culture. Bacteria Identification);;Отделяемое ротоглотки;до 6 р.д.;1 735,00
3319;;;Дифференцированное выявление ДНК Bordetella species: Bordetella pertussis (возбудитель коклюша) и Bordetella bronchiseptica (возбудитель бронхосептикоза) в соскобе эпителиальных клеток слизистой ротоглотки и/или носоглотки (Differentiated detection of DNA Bordetella spp.: Bordetella pertussis (pertussis pathogen) and Bordetella bronchiseptica (bronchosepticosis pathogen) in a scraping of the oropharynx and or nasopharynx);;Соскоб;до 3 р.д.;1 000,00
2107;;;Определение антител к возбудителю коклюша и паракоклюша;;Сыворотка крови;до 8 р.д.;1 140,00
10.32. Коронавирусная инфекция;;;;;;;
;;;;;;;
1641;;;Антитела к коронавирусу SARS-CoV-2, IgM (anti-SARS-CoV-2, IgM);;Сыворотка крови;до 5 р.д.;935,00
1652;;;Антитела к спайковому (S) белку SARS-CoV-2, IgG, качественное определение. Оценка иммунитета ДО и ПОСЛЕ вакцинации (anti-SARS-CoV-2 S (spike) protein antibody, IgG, qualitative. Assessment of immunity before and after vaccination);;Сыворотка крови;до 7 к.д.;1 105,00
1658;;;Антитела к SARS CoV-2 (S-белку, включая RBD), IgG, количественный;;Сыворотка крови;до 4 р.д.;1 300,00
1659;;;Антитела, количественные, к спайковому (S) белку (RBD) SARS-CoV-2, IgG (Anti-SARS-CoV-2, spike (S) protein (RBD),  IgG, quantitative).;;Сыворотка крови;1 к.д.;1 565,00
1663;;;Антитела, количественные, к спайковому (S) белку (RBD) SARS-CoV-2, IgG (с выдачей специального бланка результата для выезжающих в Израиль) Anti-SARS-CoV-2, spike (S) protein, IgG, quantitative (special result form for those traveling to Israel).;;Сыворотка крови;1 к.д.;1 565,00
1641/58;;;Антитела к коронавирусу SARS-CoV-2, IgM (качественное определение) и IgG (количественное определение) (Anti-SARS-CoV-2, IgM/IgG);;Сыворотка крови;до 4 р.д.;1 775,00
1641/59;;;Антитела к коронавирусу SARS-CoV-2, IgM (качественное определение) и IgG (количественное определение) (Anti-SARS-CoV-2, IgM/IgG);;Сыворотка крови;до 5 р.д.;2 195,00
3320;;;Коронавирус SARS-CoV-2, определение РНК в мазке со слизистой носоглотки и ротоглотки (Coronavirus SARS-CoV-2 RNA detection in nasopharyngeal and oropharyngeal smear);;Мазок;1 к.д.;1 100,00
2646;;;Экспресс-тест для выявления антигена вируса гриппа типов А/В и антигена коронавируса SARS-CoV-2 методом иммунохроматографического анализа в мазке из рото- или носоглотки, качественный (Influenza A/B, SARS-CoV-2 antigen express test, nasopharyngeal or oropharyngeal smear, qualitative);;Мазок;1 к.д.;890,00
2646COV;;;Антиген вируса SARS-COV-2 (COVID-19) (SARS-CoV-2 antigen);;Мазок;1 к.д.;296,00
2646INFA;;;Антиген вируса гриппа типа А (Influenza A antigen);;Мазок;1 к.д.;296,00
2646INFB;;;Антиген вируса гриппа типа В (Influenza B antigen);;Мазок;1 к.д.;296,00
10.33. Корь;;;;;;;
;;;;;;;
2500;;;Антитела класса IgG к вирусу кори (Аnti-Measles IgG);;Сыворотка крови;до 4 р.д.;745,00
10.34. Краснуха;;;;;;;
;;;;;;;
84;;;Антитела класса IgG к вирусу краснухи (Аnti-Rubella IgG);;Сыворотка крови;1 к.д.;465,00
85;;;Антитела класса IgМ к вирусу краснухи (Аnti-Rubella IgМ);;Сыворотка крови;1 к.д.;635,00
1142;;;Антитела класса IgG к антигенам вируса краснухи, выявляемые методом иммуноблоттинга (Аnti-Rubella IgG, Immunoblot );;Сыворотка крови;до 7 р.д.;6 570,00
3AVRUB;;;Авидность Anti-Rubella IgG;;Сыворотка крови;до 6 р.д.;1 240,00
338СВ;;;Определение РНК (Rubella virus, RNA) в сыворотке крови;;Сыворотка крови;1 к.д.;765,00
10.35. Криптоспоридиоз, водянистая диарея (криптоспоридии парвум);;;;;;;
;;;;;;;
482;;;Криптоспоридии парвум (Cryptosporidium parvum), диарейный синдром, антигенный тест (Cryptosporidium parvum. One Step Rapid Immunосhromotographic Assay);;Кал;1 к.д.;1 010,00
10.36. Лактобактерии, лактобациллы;;;;;;;
;;;;;;;
345УРО;;;Лактобактерии, определение ДНК в соскобе эпителиальных клеток урогенитального тракта (Lactobаcillus spp., DNA, Scrape of Urogenital Epithelial Cells)*;;Соскоб;до 5 р.д.;400,00
10.37. Листериоз, листерии;;;;;;;
;;;;;;;
3114МОЧ;;;Листерии, определение ДНК в моче (Listeria monocytogenes, DNA, Urine)*;;Моча;до 6 р.д.;290,00
3114НОС;;;Листерии, определение ДНК в соскобе эпителиальных клеток слизистой носа (Listeria monocytogenes, DNA, Scrape of Nasal Epithelial Cells)*;;Соскоб;до 6 р.д.;280,00
3114ПЛ;;;Листерии, определение ДНК в плазме крови (Listeria monocytogenes, DNA, Plasma)*;;Плазма крови;до 6 р.д.;280,00
3114РОТ;;;Листерии, определение ДНК в соскобе эпителиальных клеток ротоглотки (Listeria monocytogenes, DNA, Scrape of Faucial Epithelial Cells)*;;Соскоб;до 6 р.д.;280,00
3114СИН;;;Листерии, определение ДНК в синовиальной жидкости (Listeria monocytogenes, DNA, Synovial Fluid)*;;Синовиальная жидкость;до 6 р.д.;540,00
3114СМЖ;;;Листерии, определение ДНК в спинномозговой жидкости (Listeria monocytogenes, DNA, Cerebrospinal Fluid)*;;Спинномозговая жидкость;до 6 р.д.;290,00
453;;;Посев на листерии (Listeria monocytogenes) с определением чувствительности к антимикробным препаратам (Listeria monocytogenes Culture. Bacteria Identification and Antibiotic Susceptibility testing);;"Отделяемое глаза; Отделяемое половых органов; Отделяемое ротоглотки; Секрет простаты; Содержимое полости матки; Эякулят";до 5 к.д.;840,00
10.38. Лямблиоз, лямблии;;;;;;;
КП - коэффициент позитивности;;;;;;;
234;;;Антитела классов IgM, IgG, IgA к антигенам лямблий, суммарно (Аnti-Giardia lamblia IgM, IgG, IgA, Total);;Сыворотка крови;до 5 к.д.;725,00
483;;;Лямблии (Giardia liamblia), диарейный синдром, антигенный тест (Giardia liamblia. One Step Rapid Immunосhromotographic Assay);;Кал;до 2 к.д.;1 010,00
10.39. Менингит, менингококк;;;;;;;
;;;;;;;
471;;;Посев на менингококки, определение чувствительности к антимикробным препаратам (Neisseria meningitidis Culture. Bacteria Identification and Antibiotic Susceptibility Testing);;"Ликвор; Отделяемое носоглотки";до 5 к.д.;910,00
3005;;;Нейроинфекции. Выявление ДНК и дифференциация N. meningitidis, H. influenzae, S. Pneumoniae;;"Мазок; Спинномозговая жидкость";до 4 р.д.;2 390,00
3038;;;Менингококк (Neisseria meningitidis), кач. определение ДНК;;"Соскоб; Спинномозговая жидкость";до 2 к.д.;990,00
10.40. Микозы (паразитарные грибы – дерматофиты);;;;;;;
;;;;;;;
995;;;Микроскопическое исследование на патогенные грибы (Microscopic examination for pathogenic fungi);;"Кожа; Кожа и волосы; Ногти";до 3 р.д.;985,00
1277;;;Микроскопическое исследование и посев на патогенные грибы (Microscopic examination and Culture for pathogenic fungi);;"Кожа; Кожа и волосы; Ногти";до 24 р.д.;1 885,00
1277КЖНГ;;;Посев на патогенные грибы;;"Кожа; Кожа и волосы; Ногти";до 24 р.д.;1 885,00
3014;;;Дерматофиты (Trichophyton, Epidermophyton, Microsporum), определение ДНК в образцах кожи, волос, ногтей;;"Волосы; Кожа; Ногти";до 7 р.д.;1 090,00
10.41. Микоплазменная инфекция, микоплазмоз;;;;;;;
КП - коэффициент позитивности;;;;;;;
302МОЧ;;;Микоплазма (Mycoplasma hominis), определение ДНК в моче (Mycoplasma hominis, DNA, Urine)*;;Моча;1 р.д.;290,00
302СП;;;Микоплазма (Mycoplasma hominis), определение ДНК в секрете простаты, эякуляте (Mycoplasma hominis, DNA, Prostatic Fluid, Semen)*;;"Секрет простаты; Эякулят";1 р.д.;290,00
302УРО;;;Микоплазма (Mycoplasma hominis), определение ДНК в соскобе эпителиальных клеток урогенитального тракта (Mycoplasma hominis, DNA, Scrape of Urogenital Epithelial Cells)*;;Соскоб;1 р.д.;290,00
308МОЧ;;;Микоплазма (Mycoplasma genitalium), определение ДНК в моче (Mycoplasma genitalium, DNA, Urine)*;;Моча;1 р.д.;290,00
308СП;;;Микоплазма (Mycoplasma genitalium), определение ДНК в секрете простаты, эякуляте (Mycoplasma genitalium, DNA, Prostatic Fluid, Semen)*;;"Секрет простаты; Эякулят";1 р.д.;290,00
308УРО;;;Микоплазма (Mycoplasma genitalium), определение ДНК в соскобе эпителиальных клеток урогенитального тракта (Mycoplasma genitalium, DNA, Scrape of Urogenital Epithelial Cells)*;;Соскоб;1 р.д.;300,00
347МК;;;Микоплазма (Mycoplasma pneumoniae), определение ДНК в мокроте (Mycoplasma pneumoniae, DNA, Sputum)*;;"Бронхоальвеолярный лаваж, ПЦР; Мокрота; Смывы";до 3 р.д.;735,00
347ПЛ;;;Микоплазма (Mycoplasma pneumoniae), определение ДНК в плазме крови (Mycoplasma pneumoniae, DNA, Plasma)*;;Плазма крови;до 3 р.д.;510,00
347РОТ;;;Микоплазма (Mycoplasma pneumoniae), определение ДНК в соскобе эпителиальных клеток ротоглотки (Mycoplasma pneumoniae, DNA, Scrape of Faucial Epithelial Cells)*;;Соскоб;до 3 р.д.;390,00
347СЛН;;;Микоплазма (Mycoplasma pneumoniae), определение ДНК в слюне (Mycoplasma pneumoniae, DNA, Saliva)*;;Слюна;до 4 р.д.;280,00
179/80;;;Антитела классов IgМ и IgG к Mycoplasma hominis (Аnti-Mycoplasma hominis IgМ, IgG);;Сыворотка крови;до 5 р.д.;1 120,00
179;;;Антитела класса IgМ к Mycoplasma hominis (Аnti-Mycoplasma hominis IgМ);;Сыворотка крови;до 5 р.д.;565,00
180;;;Антитела класса IgG к Mycoplasma hominis (Аnti-Mycoplasma hominis IgG);;Сыворотка крови;до 5 р.д.;565,00
260;;;Антитела класса IgA к Mycoplasma hominis (Аnti-Mycoplasma hominis IgA);;Сыворотка крови;до 6 р.д.;795,00
181/82;;;Aнтитела классов IgM и IgG к Mycoplasma pneumoniae (Anti-Mycoplasma pneumoniae IgM, IgG);;Сыворотка крови;до 5 р.д.;1 345,00
181;;;Aнтитела класса IgM к Mycoplasma pneumoniae (Anti-Mycoplasma pneumoniae IgM);;Сыворотка крови;до 5 р.д.;675,00
182;;;Aнтитела класса IgG к Mycoplasma pneumoniae (Anti-Mycoplasma pneumoniae IgG);;Сыворотка крови;до 5 р.д.;675,00
1367;;;Антитела класса IgА к Mycoplasma pneumoniae (Anti-Mycoplasma pneumoniae IgA);;Сыворотка крови;до 5 р.д.;725,00
10.42. Микробиоценоз урогенитального тракта;;;;;;;
;;;;;;;
345УРО;;;Лактобактерии, определение ДНК в соскобе эпителиальных клеток урогенитального тракта (Lactobаcillus spp., DNA, Scrape of Urogenital Epithelial Cells)*;;Соскоб;до 5 р.д.;400,00
396УРО;;;Бактероиды, определение ДНК в соскобе эпителиальных клеток урогенитального тракта (Bacteroides spp., DNA, Scrape of Urogenital Epithelial Cells)*;;Соскоб;до 5 р.д.;280,00
397УРО;;;Мобилункус, определение ДНК в соскобе эпителиальных клеток урогенитального тракта (Mobiluncus curtisii, DNA, Scrape of Urogenital Epithelial Cells);;Соскоб;до 4 р.д.;280,00
380;;;Скрининг микрофлоры урогенитального тракта. Фемофлор Скрин. (UROGENITAL TRACT MICROBIOCENOSIS, Screening ( PCR Panel Femoflor Screen));;Соскоб;до 6 р.д.;2 190,00
383;;;Выявление возбудителей ИППП (7 + КВМ), соскоб эпителиальных клеток урогенитального тракта (Identification of Sexually Transmitted Infections (STI) Pathogens, Scrape of Urogenital Epithelial Cells)*;;Соскоб;до 5 р.д.;1 670,00
386;;;Исследование биоценоза урогенитального тракта. Фемофлор 8. (UROGENITAL TRACT MICROBIOCENOSIS (PCR Panel Femoflor 8));;Соскоб;до 6 р.д.;1 755,00
372;;;Исследование биоценоза урогенитального тракта. Фемофлор 16. (UROGENITAL TRACT MICROBIOCENOSIS (PCR Panel Femoflor 16));;Соскоб;до 6 р.д.;2 380,00
3020;;;ИНБИОФЛОР − комплексное исследование микрофлоры урогенитального тракта (INBIOFLOR − Comprehensive Study of Microflora Composition of Urogenital Tract (UGT));;Соскоб;до 5 р.д.;3 310,00
3025СМР;;;Выявление возбудителей ИППП (4 + КВМ): определение ДНК Chlamydia trachomatis, Neisseria gonorrhoeae, Trichomonas vaginalis, Mycoplasma genitalium, ДНК человека  (Identification of Sexually Transmitted Infections (STI) Pathogens, Chlamydia trachomatis DNA, Neisseria gonorrhoeae DNA, Trichomonas vaginalis DNA, Mycoplasma genitalium DNA, Human DNA );;Соскоб;1 р.д.;1 095,00
3022;;;Бактериальный вагиноз  (Bacterial Vaginosis, BV);;Соскоб;до 5 р.д.;1 845,00
3026СМР;;;ИНБИОФЛОР − условно-патогенные микоплазмы человека (урогенитальный скрининг)  (INBIOFLOR − Mycoplasma, Urogenital Screening);;Соскоб;1 р.д.;565,00
3027СМР;;;Условно-патогенные микоплазмы, мониторинг эффективности лечения (Ureaplasma urеalyticum) (Ureaplasma urеalyticum, Effectiveness Monitoring of Treatments);;Соскоб;1 р.д.;425,00
3028СМР;;;Условно-патогенные микоплазмы, мониторинг эффективности лечения (Ureaplasma parvum) (Ureaplasma parvum, Effectiveness Monitoring of Treatments);;Соскоб;1 р.д.;425,00
3029СМР;;;Условно-патогенные микоплазмы, мониторинг эффективности лечения (Mycoplasma hominis) (Mycoplasma hominis, Effectiveness Monitoring of Treatments);;Соскоб;1 р.д.;425,00
3150УРО;;;Андрофлор, исследование микрофлоры урогенитального тракта мужчин в соскобе эпителиальных клеток урогенитального тракта (Androflor®REAL-TIME PCR Detection Kit, the study of men’s urogenital tract microbiocenosis in the epithelial scrapes from the balanus, urethra);;Соскоб;до 6 р.д.;3 095,00
3250УРО;;;Андрофлор Скрин, исследование микрофлоры урогенитального тракта мужчин в соскобе эпителиальных клеток урогенитального тракта (Androflor® Screen REAL-TIME PCR Detection Kit, the study of men’s urogenital tract microbiocenosis in the epithelial scrapes from the balanus, urethra);;Соскоб;до 6 р.д.;2 180,00
3152;;;Андрофлор, исследование микрофлоры урогенитального тракта мужчин в эякуляте;;Эякулят;до 6 р.д.;2 710,00
3153;;;Андрофлор, исследование микрофлоры урогенитального тракта мужчин в секрете предстательной железы;;Секрет простаты;до 6 р.д.;2 710,00
3252;;;Андрофлор Скрин, исследование микрофлоры урогенитального тракта мужчин в эякуляте;;Эякулят;до 6 р.д.;2 710,00
3253;;;Андрофлор Скрин, исследование микрофлоры урогенитального тракта мужчин в секрете предстательной железы;;Секрет простаты;до 5 р.д.;1 860,00
ИППП-М;;;Неинвазивная диагностика ИППП по моче;;Моча;до 2 р.д.;2 005,00
3032;;;ИНБИОФЛОР-ЭКСПЕРТ. Расширенное исследование микрофлоры урогенитального тракта.;;Соскоб;до 5 р.д.;2 190,00
3033;;;Инбиофлор Скрин. Скрининговое исследование микрофлоры урогенитального тракта;;Соскоб;до 5 р.д.;1 865,00
3034;;;Инбиофлор Макси;;Соскоб;до 5 р.д.;4 520,00
3036;;;Биофлор;;Соскоб;до 5 р.д.;1 425,00
380(3058);;;Скрининг микрофлоры урогенитального тракта. Фемофлор Скрин. (UROGENITAL TRACT MICROBIOCENOSIS, Screening ( PCR Panel Femoflor Screen));;Соскоб;до 5 р.д.;1 264,00
10.43. Мобилункус;;;;;;;
;;;;;;;
397УРО;;;Мобилункус, определение ДНК в соскобе эпителиальных клеток урогенитального тракта (Mobiluncus curtisii, DNA, Scrape of Urogenital Epithelial Cells);;Соскоб;до 4 р.д.;280,00
10.44. Описторхоз (кошачья двуустка);;;;;;;
КП - коэффициент позитивности;;;;;;;
230;;;Антитела класса IgG к антигенам описторхиса (Anti-Opisthorchis felineus IgG);;Сыворотка крови;до 5 к.д.;585,00
10.45. Острые кишечные инфекции;;;;;;;
;;;;;;;
33111КАЛ;;;Энтеровирусы, определение РНК в кале (Enterovirus, RNA, Fecal);;Кал;до 5 р.д.;675,00
496NOR;;;НОРОВИРУС (Norwalk virus) - диарейный синдром, выявление норовируса геногрупп I и II в кале, иммунохроматография (Norwalk virus GI , GII, One step rapid immunосhromotographic assay, antigen, stool);;Кал;до 2 к.д.;2 160,00
33111СМЕШ;;;Enterovirus (кач.), РНК;;Соскоб;до 5 р.д.;890,00
10.46. Парвовирус В19;;;;;;;
;;;;;;;
3324СВ;;;Парвовирус В19, определение ДНК;;Сыворотка крови;до 3 р.д.;490,00
3324РОТ;;;Парвовирус В19, определение ДНК;;Соскоб;до 3 р.д.;490,00
3324СЛН;;;Парвовирус В19, определение ДНК;;Слюна;до 3 р.д.;490,00
85219;;;Антитела к парвовирусу В19,IgG;;Сыворотка крови;до 9 к.д.;950,00
85319;;;Антитела к парвовирусу В19,IgM;;Сыворотка крови;до 9 к.д.;1 050,00
10.47. Паротит эпидемический;;;;;;;
КП - коэффициент позитивности;;;;;;;
252;;;Aнтитела класса IgG к вирусу эпидемического паротита (Anti-Mumps IgG);;Сыворотка крови;до 4 р.д.;910,00
253;;;Aнтитела класса IgM к вирусу эпидемического паротита (Anti-Mumps IgM);;Сыворотка крови;до 6 р.д.;910,00
10.48. Протозойные инфекции;;;;;;;
;;;;;;;
3349;;;Скрининговое исследование на выявление возбудителей кишечных паразитозов (лямблиоза, амебиаза, бластоцистной инвазии, криптоспоридиоза, изоспороза) методом ПЦР, тест-система Прото-скрин (Screening  of intestinal parasitoses. PROTO-screen assay);;Кал;до 5 р.д.;2 510,00
10.49. Респираторно-синцитиальная инфекция (респираторно-синцитиальный вирус);;;;;;;
;;;;;;;
248;;;Aнтитела класса IgG к респираторно-синцитиальному вирусу (Anti-Respiratory Syncytial Virus (RSV) IgG);;Сыворотка крови;до 6 р.д.;910,00
249;;;Aнтитела класса IgM к респираторно-синцитиальному вирусу (Anti-Respiratory Syncytial Virus (RSV) IgM);;Сыворотка крови;до 6 р.д.;910,00
3318;;;Определение возбудителей острых респираторных вирусных инфекций человека (ОРВИ): РНК респираторно-синцитиального вируса (human Respiratory Syncytial virus, hRSv), метапневмовируса (human Metapneumovirus, hMpv), вирусов парагриппа 1, 2, 3 и 4-го типов (human Parainfluenza virus 1-4, hPiv), коронавирусов (human Coronavirus, hCov), риновирусов (human Rhinovirus, hRv), ДНК аденовирусов групп B, C и E (human Adenovirus B, C, E, hAdv) и бокавируса (human Bocavirus, hBov) в соскобе эпителиальных клеток ротоглотки и носоглотки;;Мазок;1 к.д.;1 790,00
10.50. Риккетсиоз, тиф сыпной (риккетсии);;;;;;;
;;;;;;;
283;;;РПГА с сыпнотифозным диагностикумом риккетсий Провачека (Rickettsia prowazekii, IHA);;Сыворотка крови;до 6 р.д.;565,00
10.51. Ротавирусная инфекция (ротавирус);;;;;;;
;;;;;;;
463;;;Ротавирус (Rotavirus), диарейный синдром, антигенный тест (Rotavirus Direct Detection by Latex Agglutination);;Кал;до 2 к.д.;825,00
10.52. Сальмонеллы (тиф брюшной, паратиф, сальмонеллез);;;;;;;
;;;;;;;
273;;;Антитела к Salmonella typhi, РПГА (Salmonella typhi Antibodies, IHA);;Сыворотка крови;до 4 к.д.;695,00
288;;;РПГА с Salmonella gr.A  (Salmonella gr.A, IHA);;Сыворотка крови;до 4 к.д.;565,00
289;;;РПГА с Salmonella gr.B (Salmonella gr.B, IHA);;Сыворотка крови;до 4 к.д.;565,00
290;;;РПГА с Salmonella gr.С  (Salmonella gr.C, IHA);;Сыворотка крови;до 4 к.д.;565,00
292;;;РПГА с Salmonella gr.D (Salmonella gr.D, IHA);;Сыворотка крови;до 4 к.д.;565,00
293;;;Антитела к Salmonella gr.E, РПГА (Salmonella gr.E Antibodies, IHA);;Сыворотка крови;до 4 к.д.;565,00
287;;;РПГА с Salmonella O-комплекс  (Salmonella O-antigens, IHA);;Сыворотка крови;до 4 к.д.;565,00
457-П;;;Посев на патогенную кишечную флору (Stool Culture (Salmonella spp., Shigella spp.). Bacteria Identification);;"Ректальный мазок; Кал";до 7 к.д.;900,00
457-А;;;Посев на патогенную кишечную флору, определение чувствительности к антимикробным препаратам (Stool Culture (Salmonella spp., Shigella spp.). Bacteria Identification and Antibiotic Susceptibility Testing);;"Кал; Ректальный мазок";до 8 к.д.;1 120,00
457-Ф;;;Посев на патогенную кишечную флору, определение чувствительности к антимикробным препаратам и бактериофагам (Stool Culture, Salmonella sрp., Shigella sрp. Bacteria Identification, Antibiotic Susceptibility and Bacteriophage Efficiency Testing);;"Кал; Ректальный мазок";до 8 к.д.;1 345,00
10.53. Сифилис;;;;;;;
;;;;;;;
69;;;Сифилис RPR – антикардиолипиновый тест (Syphilis RPR (Rapid Plasma Reagins), Аnticardiolipin Тest);;Сыворотка крови;1 к.д.;260,00
70;;;Aнтитела классов IgM и IgG к Treponema pallidum, суммарно (Anti-Treponema pallidum IgM, IgG, Total);;Сыворотка крови;1 к.д.;510,00
221;;;Aнтитела класса IgM к Treponema pallidum  (Anti-Treponema pallidum IgM );;Сыворотка крови;до 6 р.д.;1 040,00
1206;;;Aнтитела класса IgM к Treponema pallidum, выявляемые методом иммуноблоттинга (Anti-Treponema pallidum IgM, Immunoblot );;Сыворотка крови;до 7 р.д.;2 095,00
1205;;;Aнтитела класса IgG к Treponema pallidum, выявляемые методом иммуноблоттинга (Anti-Treponema pallidum IgG, Immunoblot );;Сыворотка крови;до 7 р.д.;2 095,00
346ГЛЗ;;;Бледная трепонема, определение ДНК в соскобе эпителиальных клеток конъюнктивы (Treponema pallidum, DNA, Scrape of Conjunctiva Epithelial Cells )*;;Соскоб;до 2 р.д.;280,00
346КОЖ;;;Бледная трепонема, определение ДНК в соскобе эпителиальных клеток кожи (Treponema pallidum, DNA, Scrape of Skin Epithelial Cells)*;;Соскоб;до 2 р.д.;280,00
346МОЧ;;;Бледная трепонема, определение ДНК в моче (Treponema pallidum, DNA, Urine)*;;Моча;до 2 р.д.;280,00
346ОТД;;;Бледная трепонема, определение ДНК в отделяемом (Treponema pallidum, DNA, Secretion)*;;Отделяемое;до 2 р.д.;280,00
346РОТ;;;Бледная трепонема, определение ДНК в соскобе эпителиальных клеток ротоглотки (Treponema pallidum, DNA, Scrape of Faucial Epithelial Cells)*;;Соскоб;до 2 р.д.;280,00
346СВ;;;Бледная трепонема, определение ДНК в сыворотке крови (Treponema pallidum, DNA, Serum)*;;Сыворотка крови;до 2 р.д.;510,00
346СМЖ;;;Бледная трепонема, определение ДНК в спинномозговой жидкости (Treponema pallidum, DNA, Cerebrospinal Fluid)*;;Спинномозговая жидкость;до 2 р.д.;280,00
346СП;;;Бледная трепонема, определение ДНК в секрете простаты, эякуляте (Treponema pallidum, DNA, Prostatic Fluid, Semen)*;;"Секрет простаты; Эякулят";до 2 р.д.;280,00
346УРО;;;Бледная трепонема, определение ДНК в соскобе эпителиальных клеток урогенитального тракта (Treponema pallidum, DNA, Scrape of Urogenital Epithelial Cells)*;;Соскоб;до 4 р.д.;280,00
10.54. Стафилококковая инфекция (стафилококк золотистый);;;;;;;
;;;;;;;
468-П;;;Посев на золотистый стафилококк (метициллин-резистентный золотистый стафилококк, МРЗС) (Staphylococcus aureus) (Staphylococcus aureus (Methicillin-Resistant Staphylococcus aureus – MRSA) Culture. Bacteria Identification);;"Мазок; Отделяемое носа; Отделяемое носоглотки; Отделяемое пазухи; Отделяемое ротоглотки";до 5 к.д.;765,00
468-А;;;Посев на золотистый стафилококк (метициллин-резистентный золотистый стафилококк, МРЗС) (Staphylococcus aureus), определение чувствительности к антимикробным препаратам (Staphylococcus aureus (Methicillin-Resistant Staphylococcus aureus – MRSA) Culture. Bacteria Identification and Antibiotic Susceptibility Testing);;"Мазок; Отделяемое носа; Отделяемое носоглотки; Отделяемое пазухи; Отделяемое ротоглотки";до 6 к.д.;920,00
468-Р;;;Посев на золотистый стафилококк (метициллин-резистентный золотистый стафилококк, МРЗС) (Staphylococcus aureus), определение чувствительности к расширенному спектру антимикробных препаратов (Staphylococcus aureus (Methicillin-Resistant Staphylococcus aureus – MRSA) Culture. Bacteria Identification, Antibiotic Susceptibility, Enlarged Testing);;"Мазок; Отделяемое носа; Отделяемое носоглотки; Отделяемое пазухи; Отделяемое ротоглотки";до 7 р.д.;1 490,00
468-Ф;;;Посев на золотистый стафилококк (метициллин-резистентный золотистый стафилококк, МРЗС) (Staphylococcus aureus), определение чувствительности к антимикробным препаратам и бактериофагам (Staphylococcus aureus (Methicillin-Resistant Staphylococcus aureus – MRSA) Culture. Bacteria Identification, Antibiotic Susceptibility and Bacteriophage Efficiency Testing);;"Мазок; Отделяемое носа; Отделяемое носоглотки; Отделяемое пазухи; Отделяемое ротоглотки";до 6 к.д.;1 130,00
459-П;;;Посев на золотистый стафилококк (Staphylococcus aureus) (Staphylococcus aureus Culture. Bacteria Identification);;"Отделяемое носа; Отделяемое носоглотки; Отделяемое пазухи; Отделяемое ротоглотки";до 4 к.д.;850,00
459-А;;;Посев на золотистый стафилококк (Staphylococcus aureus), определение чувствительности к антимикробным препаратам (Staphylococcus aureus Culture. Bacteria Identification and Antibiotic Susceptibility Testing);;"Гной; Грудное молоко; Кал; Ректальный мазок; Содержимое абсцесса; Содержимое инфильтрата; Транссудат; Экссудат; Отделяемое носа; Отделяемое носоглотки; Отделяемое пазухи; Отделяемое половых органов; Отделяемое раны; Отделяемое ротоглотки";до 5 к.д.;920,00
459-Р;;;Посев на золотистый стафилококк (Staphylococcus aureus), определение чувствительности к расширенному спектру антимикробных препаратов (Staphylococcus aureus Culture. Bacteria Identification, Antibiotic Susceptibility, Enlarged Testing);;"Гной; Отделяемое ротоглотки; Ректальный мазок; Содержимое абсцесса; Содержимое инфильтрата; Транссудат; Экссудат; Грудное молоко; Кал; Отделяемое носа; Отделяемое носоглотки; Отделяемое пазухи; Отделяемое раны";до 7 р.д.;1 590,00
459-Ф;;;Посев на золотистый стафилококк (Staphylococcus aureus, определение чувствительности к антимикробным препаратам и бактериофагам (Staphylococcus aureus Culture. Bacteria Identification, Antibiotic Susceptibility and Bacteriophage Efficiency Testing);;"Гной; Грудное молоко; Кал; Отделяемое носа; Отделяемое носоглотки; Отделяемое пазухи; Транссудат; Экссудат; Отделяемое половых органов; Отделяемое раны; Отделяемое ротоглотки; Ректальный мазок; Содержимое абсцесса; Содержимое инфильтрата";до 5 к.д.;1 130,00
10.55. Столбняк;;;;;;;
;;;;;;;
876;;;Антитела класса IgG к столбнячному анатоксину  (Аnti-Tetanus toxoid IgG);;Сыворотка крови;до 5 р.д.;1 040,00
10.56. Стрептококковая инфекция (стрептококки групп A и B);;;;;;;
;;;;;;;
348МК;;;Стрептококк, определение ДНК в мокроте (Streptococcus spp., DNA, Sputum)*;;"Бронхоальвеолярный лаваж, ПЦР; Мокрота; Смывы";до 4 р.д.;1 000,00
348ПЛ;;;Стрептококк, определение ДНК в плазме крови (Streptococcus spp., DNA, Plasma)*;;Плазма крови;до 4 р.д.;745,00
348РОТ;;;Стрептококк, определение ДНК в соскобе эпителиальных клеток ротоглотки (Streptococcus spp., DNA, Scrape of Faucial Epithelial Cells)*;;Соскоб;до 4 р.д.;510,00
348СЛН;;;Стрептококк, определение ДНК в слюне (Streptococcus spp., DNA, Saliva)*;;Слюна;до 4 р.д.;510,00
466;;;Посев на бета-гемолитический стрептококк группы А (Streptococcus group A, Streptococcus pyogenes) (Streptococcus pyogenes Culture. Bacteria Identification);;"Кожа; Мазок; Отделяемое ротоглотки; Содержимое уха";до 5 к.д.;735,00
466-А;;;Посев на бета-гемолитический стрептококк группы А (Streptococcus group A, Streptococcus pyogenes), определение чувствительности к антимикробным препаратам (Streptococcus pyogenes Culture. Bacteria Identification and Antibiotic Susceptibility Testing);;"Кожа; Мазок; Отделяемое ротоглотки; Содержимое уха";до 6 к.д.;945,00
454-П;;;Посев на бета-гемолитический стрептококк группы В (Streptococcus group B, Streptococcus agalactiae) (Streptococcus agalactiae Culture. Bacteria Identification);;Отделяемое половых органов;до 5 к.д.;795,00
454-А;;;Посев на бета-гемолитический стрептококк группы В (Streptococcus group B, Streptococcus agalactiae), определение чувствительности к антимикробным препаратам (Streptococcus agalactiae Culture. Bacteria Identification and Antibiotic Susceptibility Testing);;Отделяемое половых органов;до 6 к.д.;1 030,00
33103ПЛ;;;Пневмококк, определение ДНК в плазме крови (Streptococcus pneumoniae, DNA);;Плазма крови;до 3 р.д.;900,00
33103СЛН;;;Пневмококк, определение ДНК в слюне (Streptococcus pneumoniae, DNA);;Слюна;до 3 р.д.;900,00
33103РОТ;;;Пневмококк, определение ДНК в соскобе эпителиальных клеток ротоглотки (Streptococcus pneumoniae);;Соскоб;до 3 р.д.;900,00
33103МК;;;Пневмококк, определение ДНК в мокроте (Streptococcus pneumoniae, DNA);;"Бронхоальвеолярный лаваж, ПЦР; Мокрота; Смывы";до 3 р.д.;900,00
354КОЖ;;;Стрептококк группы В, определение ДНК (Streptococcus agalactiae DNA) в соскобе эпителиальных клеток кожи;;Соскоб;до 3 р.д.;640,00
354МОЧ;;;Стрептококк группы В, определение ДНК (Streptococcus agalactiae DNA) в моче;;Моча;до 3 р.д.;685,00
354РОТ;;;Стрептококк группы В, определение ДНК (Streptococcus agalactiae DNA) в соскобе эпителиальных клеток ротоглотки;;Соскоб;до 3 р.д.;640,00
354УРО;;;Стрептококк группы В, определение ДНК (Streptococcus agalactiae DNA) в соскобе эпителиальных клеток урогенитального тракта;;"Отделяемое половых органов; Соскоб";до 5 р.д.;685,00
354ПРК;;;Стрептококк группы В, определение ДНК (Streptococcus agalactiae DNA) в соскобе эпителиальных клеток слизистой прямой кишки;;Соскоб;до 3 р.д.;640,00
10.57. Стронгилоидоз;;;;;;;
;;;;;;;
1372;;;Антитела класса IgG к антигенам стронгилоидоза (Anti-Strongyloides stercoralis IgG);;Сыворотка крови;до 6 к.д.;1 040,00
10.58. Т-лимфотропный вирус;;;;;;;
;;;;;;;
1208;;;Антитела класса IgG к Т-лимфотропному вирусу человека типа 1 и 2 типов (Anti-HTLV-1, 2 IgG );;Сыворотка крови;до 7 к.д.;910,00
10.59. Токсокароз (токсокара);;;;;;;
КП - коэффициент позитивности;;;;;;;
232;;;Антитела класса IgG к антигенам токсокар (Anti-Toxocara IgG);;Сыворотка крови;до 5 к.д.;520,00
10.60. Токсоплазмоз (токсоплазма);;;;;;;
;;;;;;;
80;;;Антитела класса IgG к Тoxoplasma gondii (Аnti-Toxoplasma gondii IgG);;Сыворотка крови;1 к.д.;480,00
81;;;Антитела класса IgМ к Тoxoplasma gondii (Аnti-Toxoplasma gondii IgМ);;Сыворотка крови;1 к.д.;650,00
1AVTOXO;;;Авидность Anti-Toxopl gondii IgG;;Сыворотка крови;1 к.д.;1 195,00
335ВПТ;;;Токсоплазма, определение ДНК в выпоте (Toxoplasma gondii, DNA, Exudate)*;;Выпоты;до 5 р.д.;325,00
335СВ;;;Токсоплазма, определение ДНК в сыворотке крови (Toxoplasma gondii, DNA, Serum)*;;Сыворотка крови;до 5 р.д.;510,00
335СМЖ;;;Токсоплазма, определение ДНК в спинномозговой жидкости (Toxoplasma gondii, DNA, Cerebrospinal Fluid)*;;Спинномозговая жидкость;до 5 р.д.;325,00
10.61. Трихинеллез (трихинелла);;;;;;;
КП - коэффициент позитивности;;;;;;;
233;;;Антитела класса IgG к антигенам трихинелл (Аnti-Trichinella IgG);;Сыворотка крови;до 5 к.д.;520,00
10.62. Трихомониаз (трихомонада);;;;;;;
КП - коэффициент позитивности;;;;;;;
261;;;Антитела класса IgG к Trichomonas vaginalis (Аnti-Trichomonas vaginalis IgG);;Сыворотка крови;до 6 р.д.;795,00
307МОЧ;;;Трихомонада, определение ДНК в моче (Trichomonas vaginalis, DNA, Urine)*;;Моча;1 р.д.;290,00
307СП;;;Трихомонада, определение ДНК в секрете простаты, эякуляте (Trichomonas vaginalis, DNA, Prostatic Fluid, Semen)*;;"Секрет простаты; Эякулят";1 р.д.;290,00
307УРО;;;Трихомонада, определение ДНК в соскобе эпителиальных клеток урогенитального тракта (Trichomonas vaginalis, DNA, Scrape of Urogenital Epithelial Cells)*;;Соскоб;1 р.д.;310,00
10.63. Туберкулез (микобактерии туберкулеза);;;;;;;
КП - коэффициент позитивности;;;;;;;
1266;;;Антитела классов IgM, IgA, IgG к Mycobacterium tuberculosis, суммарно (Аnti-Mycobacterium tuberculosis IgM, IgA, IgG, Тotal);;Сыворотка крови;до 6 к.д.;2 095,00
341ВПТ;;;Микобактерии туберкулеза, определение ДНК в выпоте (Mycobacterium tuberculosis, DNA, Exudate)*;;Выпоты;1 к.д.;280,00
341МК;;;Микобактерии туберкулеза, определение ДНК в мокроте (Mycobacterium tuberculosis, DNA, Sputum)*;;"Бронхоальвеолярный лаваж, ПЦР; Мокрота; Смывы";1 к.д.;695,00
341МНС;;;Микобактерии туберкулеза, определение ДНК в менструальной крови (Mycobacterium tuberculosis, DNA, Menstrual Blood)*;;Клетки эндометрия;1 к.д.;280,00
341МОЧ;;;Микобактерии туберкулеза, определение ДНК в моче (Mycobacterium tuberculosis, DNA, Urine)*;;Моча;1 к.д.;280,00
341СВ;;;Микобактерии туберкулеза, определение ДНК в сыворотке крови (Mycobacterium tuberculosis, DNA, Serum)*;;Сыворотка крови;1 к.д.;540,00
341СИН;;;Микобактерии туберкулеза, определение ДНК в синовиальной жидкости (Mycobacterium tuberculosis, DNA, Synovial Fluid)*;;Синовиальная жидкость;1 к.д.;540,00
341СМЖ;;;Микобактерии туберкулеза, определение ДНК в спинномозговой жидкости (Mycobacterium tuberculosis, DNA, Cerebrospinal Fluid)*;;Спинномозговая жидкость;1 к.д.;280,00
341СП;;;Микобактерии туберкулеза, определение ДНК в секрете простаты, эякуляте (Mycobacterium tuberculosis, DNA, Prostatic Fluid, Semen)*;;"Секрет простаты; Эякулят";1 к.д.;280,00
1547;;;Бруцелла-IgM (Brucella, IgM);;Сыворотка крови;до 9 к.д.;725,00
1548;;;Бруцелла-IgG (Brucella, IgG);;Сыворотка крови;до 9 к.д.;725,00
1546;;;Бруцелла-IgA (Brucella, IgA);;Сыворотка крови;до 9 к.д.;590,00
10.64. Уреаплазмоз (уреаплазмы);;;;;;;
КП - коэффициент позитивности;;;;;;;
264;;;Антитела класса IgG к Ureaplasma urealyticum (Аnti-Ureaplasma urealyticum IgG);;Сыворотка крови;до 6 р.д.;795,00
265;;;Антитела класса IgA к Ureaplasma urealyticum (Аnti-Ureaplasma urealyticum IgA);;Сыворотка крови;до 6 р.д.;795,00
303МОЧ;;;Уреаплазма (Ureaplasma urealyticum) (биовар Т-960), определение ДНК в моче (Ureaplasma urealyticum (T-960), DNA, Urine)*;;Моча;1 р.д.;290,00
303СП;;;Уреаплазма (Ureaplasma urealyticum) (биовар Т-960), определение ДНК в секрете простаты, эякуляте (Ureaplasma urealyticum (T-960), DNA, Prostatic Fluid, Semen)*;;"Секрет простаты; Эякулят";1 р.д.;290,00
303УРО;;;Уреаплазма (Ureaplasma urealyticum) (биовар Т-960), определение ДНК в соскобе эпителиальных клеток урогенитального тракта (Ureaplasma urealyticum (T-960), DNA, Scrape of Urogenital Epithelial Cells)*;;Соскоб;до 2 к.д.;290,00
342МОЧ;;;Уреаплазма (Ureaplasma parvum), определение ДНК в моче (Ureaplasma parvum, DNA, Urine)*;;Моча;1 р.д.;290,00
342СП;;;Уреаплазма (Ureaplasma рarvum), определение ДНК в секрете простаты, эякуляте (Ureaplasma parvum, DNA, Prostatic Fluid, Semen)*;;"Секрет простаты; Эякулят";1 р.д.;290,00
342УРО;;;Уреаплазма (Ureaplasma рarvum), определение ДНК в соскобе эпителиальных клеток урогенитального тракта (Ureaplasma parvum, DNA, Scrape of Urogenital Epithelial Cells)*;;Соскоб;до 2 к.д.;290,00
343МОЧ;;;Уреаплазма (Ureaplasma urealyticum + Ureaplasma рarvum), определение ДНК в моче (Ureaplasma urealyticum + Ureaplasma рarvum, DNA, Urine)*;;Моча;1 р.д.;290,00
343СП;;;Уреаплазма (Ureaplasma urealyticum + Ureaplasma рarvum), определение ДНК в секрете простаты, эякуляте (Ureaplasma urealyticum + Ureaplasma рarvum, DNA, Prostatic Fluid, Semen)*;;"Секрет простаты; Эякулят";1 р.д.;290,00
343УРО;;;Уреаплазма (Ureaplasma urealyticum + Ureaplasma рarvum), определение ДНК в соскобе эпителиальных клеток урогенитального тракта (Ureaplasma urealyticum + Ureaplasma рarvum, DNA, Scrape of Urogenital Epithelial Cells)*;;Соскоб;1 р.д.;335,00
10.65. Хеликобактерная инфекция (хеликобактер);;;;;;;
КП - коэффициент позитивности;;;;;;;
133;;;Aнтитела класса IgG к Helicobacter рylori (Anti-Helicobacter pylori IgG);;Сыворотка крови;до 2 к.д.;565,00
176;;;Aнтитела класса IgM к Helicobacter рylori (Anti-Helicobacter pylori IgM);;Сыворотка крови;до 5 р.д.;825,00
177;;;Aнтитела класса IgA к Helicobacter рylori (Anti-Helicobacter pylori IgA);;Сыворотка крови;до 5 р.д.;825,00
258;;;Aнтитела класса IgG к Helicobacter pylori, выявляемые методом иммуноблоттинга (Anti-Helicobacter pylori IgG, Immunoblot);;Сыворотка крови;до 7 р.д.;3 605,00
259;;;Aнтитела класса IgA к Helicobacter pylori, выявляемые методом иммуноблоттинга (Anti-Helicobacter pylori IgA, Immunoblot);;Сыворотка крови;до 7 р.д.;3 605,00
1303HEL;;;1303HEL ¹³С-уреазный дыхательный тест (¹³С-УДТ, 13C-Urea Breath test, UBT). Выявление инфекции Helicobacter pylori;;Пробы выдыхаемого воздуха;до 5 р.д.;2 890,00
3158ХЕЛ;;;Хеликобактер пилори, определение ДНК в биоптате слизистой желудка и/или двенадцатиперстной кишки (Helicobacter pylori, DNA, Bioptates of Gastric Mucosa and/or Duodenum, PCR);;Биоптат;до 5 р.д.;695,00
1789;;;Суммарные антитела к антигену CagA Helicobacter pylori;;Сыворотка крови;до 3 к.д.;490,00
10.66. Хламидийная инфекция, хламидиоз (хламидии);;;;;;;
КП - коэффициент позитивности;;;;;;;
105;;;Aнтитела класса IgA к Chlamydia trachomatis (Anti-Chlamydia trachomatis IgA);;Сыворотка крови;до 4 р.д.;650,00
106;;;Aнтитела класса IgG к Chlamydia trachomatis (Anti-Chlamydia trachomatis IgG);;Сыворотка крови;до 4 р.д.;650,00
105/6;;;Aнтитела классов IgA и IgG к Chlamydia trachomatis, раздельно  (Anti-Chlamydia trachomatis IgA, IgG);;Сыворотка крови;до 3 р.д.;1 295,00
188;;;Антитела класса IgM к Chlamydia trachomatis (Anti-Chlamydia trachomatis IgM);;Сыворотка крови;до 5 р.д.;675,00
1495;;;Антитела класса IgG к белку теплового шока (БТШ) Chlamydia trachomatis (Anti-cHSP60 IgG);;Сыворотка крови;до 4 р.д.;635,00
301ВПТ;;;Хламидия (Chlamydia trachomatis), определение ДНК в выпоте (Chlamydia trachomatis, DNA, Exudate)*;;Выпоты;1 р.д.;290,00
301ГЛЗ;;;Хламидия (Chlamydia trachomatis), определение ДНК в соскобе эпителиальных клеток конъюнктивы (Chlamydia trachomatis, DNA, Scrape of Conjunctiva Epithelial Cells )*;;Соскоб;1 р.д.;290,00
301МОЧ;;;Хламидия (Chlamydia trachomatis), определение ДНК в моче (Chlamydia trachomatis, DNA, Urine)*;;Моча;1 р.д.;290,00
301ПРК;;;Хламидия (Chlamydia trachomatis), определение ДНК в соскобе эпителиальных клеток слизистой прямой кишки (Chlamydia trachomatis, DNA, Scrape of Rectal Epithelial Cells)*;;Соскоб;1 р.д.;290,00
301РОТ;;;Хламидия (Chlamydia trachomatis), определение ДНК в соскобе эпителиальных клеток ротоглотки (Chlamydia trachomatis, DNA, Scrape of Faucial Epithelial Cells)*;;Соскоб;1 р.д.;290,00
301СИН;;;Хламидия (Chlamydia trachomatis), определение ДНК в синовиальной жидкости (Chlamydia trachomatis, DNA, Synovial Fluid)*;;Синовиальная жидкость;1 р.д.;540,00
301СМЖ;;;Хламидия (Chlamydia trachomatis), определение ДНК в спинномозговой жидкости (Chlamydia trachomatis, DNA, Cerebrospinal Fluid)*;;Спинномозговая жидкость;1 р.д.;290,00
301СП;;;Хламидия (Chlamydia trachomatis), определение ДНК в секрете простаты, эякуляте (Chlamydia trachomatis, DNA, Prostatic Fluid, Semen)*;;"Секрет простаты; Эякулят";1 р.д.;290,00
301УРО;;;Хламидия (Chlamydia trachomatis), определение ДНК в соскобе эпителиальных клеток урогенитального тракта (Chlamydia trachomatis, DNA, Scrape of Urogenital Epithelial Cells)*;;Соскоб;1 р.д.;310,00
183;;;Aнтитела класса IgA к Chlamydophila pneumoniae (Anti-Chlamydophila pneumoniae IgA);;Сыворотка крови;до 5 р.д.;795,00
184;;;Aнтитела класса IgM к Chlamydophila pneumoniae (Anti-Chlamydophila pneumoniae IgM);;Сыворотка крови;до 5 р.д.;695,00
185;;;Aнтитела класса IgG к Chlamydophila pneumoniae (Anti-Chlamydophila pneumoniae IgG );;Сыворотка крови;до 5 р.д.;695,00
349МК;;;Хламидия (Chlamydia pneumoniae), определение ДНК в мокроте (Chlamydophila pneumoniae, DNA, Sputum)*;;"Бронхоальвеолярный лаваж, ПЦР; Мокрота; Смывы";до 3 р.д.;945,00
349ПЛ;;;Хламидия (Chlamydia pneumoniae), определение ДНК в плазме крови (Chlamydophila pneumoniae, DNA, Plasma)*;;Плазма крови;до 3 р.д.;765,00
349РОТ;;;Хламидия (Chlamydia pneumoniae), определение ДНК в соскобе эпителиальных клеток ротоглотки (Chlamydophila pneumoniae, DNA, Scrape of Faucial Epithelial Cells)*;;Соскоб;до 3 р.д.;510,00
349СЛН;;;Хламидия (Chlamydia pneumoniae), определение ДНК в слюне (Chlamydophila pneumoniae, DNA, Saliva)*;;Слюна;до 3 р.д.;510,00
1379;;;Антитела класса IgG к главному белку наружной мембраны МОМР и  Антитела класса IgG Pgp3 (мембраноассоциированный плазмидный белок) Chlamydia trachomatis;;Сыворотка крови;до 5 р.д.;610,00
10.67. Цитомегаловирусная инфекция: вирус герпеса человека 5 типа (цитомегаловирус, ЦМВ);;;;;;;
;;;;;;;
82;;;Aнтитела класса IgG к цитомегаловирусу (Anti-CMV IgG);;Сыворотка крови;1 к.д.;465,00
83;;;Aнтитела класса IgM к цитомегаловирусу (Anti-CMV IgM);;Сыворотка крови;1 к.д.;635,00
2AVCMV;;;Авидность Anti-CMV IgG;;Сыворотка крови;до 2 к.д.;1 345,00
310ВПТ;;;Цитомегаловирус, определение ДНК в выпоте (CMV DNA, Exudate)*;;Выпоты;1 р.д.;390,00
310ГЛЗ;;;Цитомегаловирус, определение ДНК в соскобе эпителиальных клеток конъюнктивы (CMV DNA, Scrape of Conjunctiva Epithelial Cells )*;;Соскоб;1 р.д.;390,00
310КОЖ;;;Цитомегаловирус, определение ДНК в соскобе эпителиальных клеток кожи (CMV DNA, Scrape of Skin Epithelial Cells)*;;Соскоб;1 р.д.;390,00
310КР;;;Цитомегаловирус, определение ДНК в венозной крови (CMV DNA, Blood)*;;Цельная кровь;до 2 р.д.;510,00
310МОЧ;;;Цитомегаловирус, определение ДНК в моче (CMV DNA, Urine)*;;Моча;1 р.д.;390,00
310НОС;;;Цитомегаловирус, определение ДНК в соскобе эпителиальных клеток слизистой носа (CMV DNA, Scrape of Nasal Epithelial Cells)*;;Соскоб;1 р.д.;390,00
310РОТ;;;Цитомегаловирус, определение ДНК в соскобе эпителиальных клеток ротоглотки (CMV DNA, Scrape of Faucial Epithelial Cells)*;;Соскоб;1 р.д.;390,00
310СВ;;;Цитомегаловирус,качественное определение ДНК в сыворотке крови (CMV DNA, Serum)*;;Сыворотка крови;до 2 р.д.;510,00
310СЛН;;;Цитомегаловирус, определение ДНК в слюне (CMV DNA, Saliva)*;;Слюна;1 р.д.;390,00
310СМЖ;;;Цитомегаловирус, определение ДНК в спинномозговой жидкости (CMV DNA, Cerebrospinal Fluid)*;;Спинномозговая жидкость;1 р.д.;390,00
310СП;;;Цитомегаловирус, определение ДНК в секрете простаты, эякуляте (CMV DNA, Prostatic Fluid, Semen)*;;"Секрет простаты; Эякулят";1 р.д.;390,00
310УРО;;;Цитомегаловирус, определение ДНК в соскобе эпителиальных клеток урогенитального тракта (CMV DNA, Scrape of Urogenital Epithelial Cells)*;;Соскоб;1 р.д.;390,00
3156;;;Цитомегаловирус, количественное определение ДНК (Cytomegalovirus, DNA) в сыворотке крови;;Сыворотка крови;до 3 р.д.;435,00
10.68. Энтеробиоз (острицы);;;;;;;
;;;;;;;
10.69. Эпштейна-Барр вирусная инфекция: вирус герпеса человека 4 типа (вирус Эпштейна-Барр);;;;;;;
КП - коэффициент позитивности;;;;;;;
351ВПТ;;;Вирус Эпштейна-Барр, определение ДНК в выпоте (EBV DNA, Exudate)*;;Выпоты;1 к.д.;280,00
351КР;;;Вирус Эпштейна-Барр, определение ДНК в венозной крови (EBV DNA, Blood)*;;Цельная кровь;1 к.д.;510,00
351МОЧ;;;Вирус Эпштейна-Барр, определение ДНК в моче (EBV DNA, Urine)*;;Моча;1 к.д.;280,00
351НОС;;;Вирус Эпштейна-Барр, определение ДНК в соскобе эпителиальных клеток слизистой носа (EBV DNA, Scrape of Nasal Epithelial Cells)*;;Соскоб;1 к.д.;280,00
351РОТ;;;Вирус Эпштейна-Барр, определение ДНК в соскобе эпителиальных клеток ротоглотки (EBV DNA, Scrape of Faucial Epithelial Cells)*;;Соскоб;1 к.д.;280,00
351СВ;;;Вирус Эпштейна-Барр, качественное определение ДНК в сыворотке крови (EBV DNA, Serum)*;;Сыворотка крови;1 к.д.;510,00
351СЛН;;;Вирус Эпштейна-Барр, определение ДНК в слюне (EBV DNA, Saliva)*;;Слюна;1 к.д.;280,00
351СМЖ;;;Вирус Эпштейна-Барр, определение ДНК в спинномозговой жидкости (EBV DNA, Cerebrospinal Fluid)*;;Спинномозговая жидкость;1 к.д.;280,00
351СП;;;Вирус Эпштейна-Барр, определение ДНК в секрете простаты, эякуляте (EBV DNA, Prostatic Fluid, Semen)*;;"Секрет простаты; Эякулят";1 к.д.;280,00
351УРО;;;Вирус Эпштейна-Барр, определение ДНК в соскобе эпителиальных клеток урогенитального тракта (EBV DNA, Scrape of Urogenital Epithelial Cells)*;;Соскоб;до 4 р.д.;280,00
186;;;Антитела класса IgМ к капсидному антигену вируса Эпштейна-Барр (Аnti-EBV Viral Capsid Antigens (VCA) IgМ );;Сыворотка крови;до 4 р.д.;610,00
187;;;Антитела класса IgG к нуклеарному антигену вируса Эпштейна-Барр (ВЭБ NA IgG, Epstein-Barr Virus Nuclear Antigen IgG, EBNA IgG);;Сыворотка крови;до 4 р.д.;620,00
255;;;Антитела класса IgG к раннему антигену вируса Эпштейна-Барр (Аnti-EBV Early Antigen (EA) IgG );;Сыворотка крови;до 4 р.д.;735,00
275;;;Антитела класса IgG к капсидному антигену вируса Эпштейна-Барр (Аnti-EBV Viral Capsid Antigens (VCA) IgG  );;Сыворотка крови;до 4 р.д.;885,00
3511;;;Вирус Эпштейна-Барр, количественное определение ДНК в сыворотке крови (EBV DNA, Serum)*;;Сыворотка крови;1 к.д.;435,00
1630;;;Определение индекса авидности иммуноглобулинов класса G к капсидным антигенам VCА вируса Эпштейна-Барр в сыворотке крови.;;Сыворотка крови;до 9 к.д.;1 250,00
10.70. Эхинококкоз (эхинококки);;;;;;;
КП - коэффициент позитивности;;;;;;;
229;;;Антитела класса IgG к антигенам эхинококка (Anti-Echinococcus IgG);;Сыворотка крови;до 5 к.д.;640,00
10.71. Эшерихиоз (кишечная палочка, эшерихия);;;;;;;
;;;;;;;
485;;;Исследование на кишечную палочку (Escherichia coli O157:H7, эшерихиоз), диарейный синдром, антигенный тест (Escherichia coli O157:H7. One Step Rapid Immunосhromotographic Assay);;Кал;до 2 к.д.;1 070,00
458-А;;;Посев на кишечную палочку (Escherichia coli O157:H7, эшерихиоз), определение чувствительности к антимикробным препаратам (Escherichia coli O157:H7 Culture. Bacteria Identification and Antibiotic Susceptibility Testing);;"Кал; Ректальный мазок";до 6 к.д.;1 070,00
458-Ф;;;Посев на кишечную палочку (Escherichia coli O157:H7, эшерихиоз), определение чувствительности к антимикробным препаратам и бактериофагам (Escherichia coli O157:H7 Culture. Bacteria Identification, Antibiotic Susceptibility and Bacteriophage Efficiency Testing);;"Кал; Ректальный мазок";до 6 к.д.;1 255,00
10.72. Скрининговые исследования микрофлоры;;;;;;;
;;;;;;;
3388;;;БакРезиста. Выявление генов резистентности к гликопептидным и бета-лактамным антибиотикам у бактерий;;"Бронхоальвеолярный лаваж, ПЦР; Мокрота; Моча; Смывы; Соскоб";до 7 р.д.;2 490,00
3389;;;БакСкринУПМ. Выявление условно-патогенных микроорганизмов методом ПЦР в режиме реального времени.;;"Моча; Отделяемое верхних дыхательных путей; Соскоб";до 6 р.д.;6 390,00
10.73. Синдром избыточного бактериального роста;;;;;;;
;;;;;;;
1304СИБР;;;Водородно-метановый дыхательный тест с лактулозой, диагностика синдрома избыточного бактериального роста (СИБР) (Hydrogen/Methane Breath Test with lactulose, assessment of SIBO);;Пробы выдыхаемого воздуха;до 4 р.д.;3 090,00
10.74. Эрлихиоз;;;;;;;
;;;;;;;
3380;;;Эрлихия, определение ДНК в цельной крови (Ehrlichia chaffeensis, DNA);;Кровь;до 5 р.д.;590,00
10.75. Хантавирусная инфекция (ГЛПС);;;;;;;
;;;;;;;
1279;;;Антитела lgG к хантавирусам (ГЛПС);;Сыворотка крови;до 8 р.д.;990,00
10.76. Пневмоцистоз, пневмоцисты;;;;;;;
;;;;;;;
3216;;;Pneumocystis jirovecii (carinii) ДНК (кач);;"Бронхоальвеолярный лаваж, ПЦР; Мокрота; Соскоб";до 4 р.д.;1 890,00
10.77. Крипкококкоз, криптококки;;;;;;;
;;;;;;;
370;;;Выявление ДНК Cryptococcus neoformans;;Мокрота;до 4 р.д.;1 890,00
10.78. Исследования иксодовых клещей с животных;;;;;;;
;;;;;;;
AN302КЛЩ;;;Анаплазма (Anaplasma platys, Anaplasma phagocytophilum)(клещ с животного);;Клещ;до 2 к.д.;1 000,00
AN303КЛЩ;;;Бабезия (Babesia spp.)(клещ с животного);;Клещ;до 2 к.д.;1 000,00
AN304КЛЩ;;;Боррелия (Borrelia burgdorferi sensu lato)(клещ с животного);;Клещ;до 2 к.д.;1 000,00
AN324КЛЩ;;;Эрлихия (Ehrlichia canis)(клещ с животного);;Клещ;до 2 к.д.;1 000,00
AN1227КЛ;;;Исследование клеща c животного (анаплазма (Anaplasma phagocytophilum, Anaplasma platys), бабезия (Babesia spp.), эрлихия (Ehrlichia canis), боррелия (Borrelia burgdorferi sensu lato));;Клещ;до 2 к.д.;3 800,00
10.79. Легионеллез;;;;;;;
;;;;;;;
3015;;;Legionella pneumophila (кач.) ДНК, соскоб эпителиальных клеток слизистой носа;;Соскоб;до 4 р.д.;690,00
3016;;;Legionella pneumophila (кач.) ДНК, соскоб эпителиальных клеток слизистой ротоглотки;;Соскоб;до 4 р.д.;690,00
3017;;;Legionella pneumophila (кач.) ДНК, мокрота и промывные воды бронхов;;Мокрота;до 4 р.д.;690,00
11. МИКРОБИОЛОГИЧЕСКИЕ ИССЛЕДОВАНИЯ: НЕСПЕЦИФИЧЕСКИЕ ВОСПАЛИТЕЛЬНЫЕ ЗАБОЛЕВАНИЯ РАЗЛИЧНЫХ ЛОКАЛИЗАЦИЙ;;;;;;;
*В случаях обнаружения нормальной, сопутствующей, условно-патогенной в низком титре (≤10*4 кое/тамп., мл., грам.) или не имеющей диагностического значения флоры, определение чувствительности к антимикробным препаратам и бактериофагам не проводится. У пациентов до 16 лет гинекологические анализы берутся только в присутствии родителей. Имеются ограничения по взятию некоторых видов биоматериала в регионах. Уточняйте у администратора медицинского офиса.;;;;;;;
11.1. Микробиологические исследования: неспецифические воспалительные заболевания различных локализаций;;;;;;;
*Для тестов 440,444, 440/444  в случае взятия биоматериала в МО в заказ будет включена ПРОБОПОДГОТОВКА (МИК);;;;;;;
МИКТС;;;Пробоподготовка (МИК);;;;195,00
447;;;Исследование на биоценоз влагалища, определение чувствительности к антимикробным и антимикотическим препаратам (с микроскопией нативного препарата, окрашенного по Граму) (Vaginal Biocenosis: Bacteriophage and Antimycotic Susceptibility Testing (Gram Stain, Bacterioscopic Examination of Smear))*;;Отделяемое половых органов;до 5 к.д.;1 715,00
445;;;Микроскопическое (бактериоскопическое) исследование мазка, окрашенного по Граму (Gram Stain. Bacterioscopic Examination of Smear);;"Асцитическая жидкость; Гной; Ликвор; Мазок; Мокрота; Экссудат; Эякулят; Секрет простаты; Содержимое абсцесса; Содержимое инфильтрата; Содержимое полости матки; Суставная жидкость; Транссудат; Отделяемое раны; Отделяемое ротоглотки; Отделяемое уретры (жен.); Отделяемое уретры (муж.); Плевральная жидкость; Промывные воды бронхов; Назотрахеальный аспират; Отделяемое носа; Отделяемое носоглотки; Отделяемое пазухи; Отделяемое половых органов; Отделяемое прямой кишки";до 3 к.д.;510,00
440;;;Посев на микоплазмы, определение чувствительности к антимикробным препаратам (Mycoplasma hominis Culture. Bacteria Identification and Antibiotic Susceptibility Testing)*;;"Моча; Отделяемое половых органов; Секрет простаты; Содержимое полости матки; Эякулят";до 6 к.д.;1 146,00
444;;;Посев на уреаплазмы, определение чувствительности к антимикробным препаратам (Ureaplasma spp. Culture. Bacteria Identification and Antibiotic Susceptibility Testing)*;;"Моча; Отделяемое половых органов; Секрет простаты; Содержимое полости матки; Эякулят";до 6 к.д.;1 220,00
440/444;;;Посев на микоплазму и уреаплазмы, определение чувствительности к антимикробным препаратам (Mycoplasma hominis Culture, Ureaplasma spp. Culture. Bacteria Identification and Antibiotic Susceptibility Testing)*;;"Моча; Отделяемое половых органов; Секрет простаты; Содержимое полости матки; Эякулят";до 6 к.д.;1 630,00
452;;;Посев на анаэробную микрофлору, определение чувствительности к антимикробным препаратам (Anaerobic Culture. Bacteria Identification and Antibiotic Susceptibility Testing);;"Асцитическая жидкость; Гной; Ликвор; Отделяемое половых органов; Отделяемое раны; Транссудат; Экссудат; Эякулят; Плевральная жидкость; Секрет простаты; Содержимое абсцесса; Содержимое инфильтрата; Содержимое полости матки; Суставная жидкость";до 10 к.д.;1 750,00
474-А;;;Посев раневого отделяемого и тканей на микрофлору, определение чувствительности к антимикробным препаратам (Wound/Pus/Aspirate/Tissue Culture. Bacteria Identification and Antibiotic Susceptibility Testing)*;;"Гной; Мазок; Отделяемое из хирургического дренажа; Отделяемое раны; Содержимое абсцесса; Содержимое инфильтрата; Транссудат; Экссудат";до 7 к.д.;920,00
474-Р;;;Посев раневого отделяемого и тканей на микрофлору, определение чувствительности к расширенному спектру антимикробных препаратов (Wound/Pus/Aspirate/Tissue Culture. Bacteria Identification, Antibiotic Susceptibility, Enlarged Testing)*;;"Гной; Мазок; Отделяемое из хирургического дренажа; Отделяемое раны; Содержимое абсцесса; Содержимое инфильтрата; Транссудат; Экссудат";до 8 р.д.;1 390,00
474-Ф;;;Посев раневого отделяемого и тканей на микрофлору, определение чувствительности к антимикробным препаратам и бактериофагам (Wound/Pus/Aspirate/Tissue Culture. Bacteria Identification, Antibiotic Susceptibility and Bacteriophage Efficiency Testing)*;;"Гной; Мазок; Отделяемое из хирургического дренажа; Отделяемое раны; Содержимое абсцесса; Содержимое инфильтрата; Транссудат; Экссудат";до 7 к.д.;1 130,00
464-П;;;Посев грудного молока на микрофлору (Breast Milk Culture. Bacteria Identification);;Грудное молоко;до 5 к.д.;765,00
464-А;;;Посев грудного молока на микрофлору, определение чувствительности к антимикробным препаратам (Breast Milk Culture. Bacteria Identification and Antibiotic Susceptibility Testing)*;;Грудное молоко;до 6 к.д.;935,00
464-Р;;;Посев грудного молока на микрофлору, определение чувствительности к расширенному спектру антимикробных препаратов (Breast Milk Culture. Bacteria Identification, Antibiotic Susceptibility, Enlarged Testing)*;;Грудное молоко;до 7 р.д.;1 490,00
464-Ф;;;Посев грудного молока на микрофлору, определение чувствительности к антимикробным препаратам и бактериофагам (Breast Milk Culture. Bacteria Identification, Antibiotic Susceptibility and Bacteriophage Efficiency Testing)*;;Грудное молоко;до 6 к.д.;1 130,00
475-А;;;Посев желчи на микрофлору, определение чувствительности к антимикробным препаратам (Bile Culture. Bacteria Identification and Antibiotic Susceptibility Testing)*;;Желчь;до 6 к.д.;1 205,00
475-Р;;;Посев желчи на микрофлору, определение чувствительности к расширенному спектру антимикробных препаратов (Bile Culture. Bacteria Identification, Antibiotic Susceptibility, Enlarged Testing)*;;Желчь;до 7 р.д.;2 090,00
467-А;;;Посев отделяемого верхних дыхательных путей на микрофлору, определение чувствительности к антимикробным препаратам (одна локализация) (Upper Respiratory Culture. Bacteria Identification and Antibiotic Susceptibility Testing)*;;"Мазок; Отделяемое носа; Отделяемое носоглотки; Отделяемое пазухи; Отделяемое ротоглотки";до 6 к.д.;1 190,00
467-Р;;;Посев отделяемого верхних дыхательных путей на микрофлору, определение чувствительности к расширенному спектру антимикробных препаратов (Upper Respiratory Culture. Bacteria Identification, Antibiotic Susceptibility, Enlarged Testing)*;;"Мазок; Отделяемое носа; Отделяемое носоглотки; Отделяемое пазухи; Отделяемое ротоглотки";до 7 р.д.;1 390,00
467-Ф;;;Посев отделяемого верхних дыхательных путей на микрофлору, определение чувствительности к антимикробным препаратам и бактериофагам (Upper Respiratory Culture. Bacteria Identification, Antibiotic Susceptibility and Bacteriophage Efficiency Testing)*;;"Мазок; Отделяемое носа; Отделяемое носоглотки; Отделяемое пазухи; Отделяемое ротоглотки";до 6 к.д.;1 340,00
441-А;;;Посев мочи на микрофлору, определение чувствительности к антимикробным препаратам (Urine Culture. Bacteria Identification and Antibiotic Susceptibility Testing)*;;Моча;до 6 к.д.;1 115,00
441-Р;;;Посев мочи на микрофлору, определение чувствительности к расширенному спектру антимикробных препаратов (Urine Culture. Bacteria Identification, Antibiotic Susceptibility, Enlarged Testing)*;;Моча;до 7 р.д.;1 790,00
441-Ф;;;Посев мочи на микрофлору, определение чувствительности к антимикробным препаратам и бактериофагам (Urine Culture. Bacteria Identification, Antibiotic susceptibility and Bacteriophage Efficiency Testing)*;;Моча;до 6 к.д.;1 460,00
465-А;;;Посев отделяемого глаз на микрофлору, определение чувствительности к антимикробным препаратам (Eye Culture. Bacteria Identification and Antibiotic Susceptibility Testing)*;;Отделяемое глаза;до 6 к.д.;1 345,00
465-Р;;;Посев отделяемого глаз на микрофлору, определение чувствительности к расширенному спектру антимикробных препаратов (Eye Culture. Bacteria Identification, Antibiotic Susceptibility, Enlarged Testing)*;;Отделяемое глаза;до 7 р.д.;2 190,00
465-Ф;;;Посев отделяемого глаз на микрофлору, определение чувствительности к антимикробным препаратам и бактериофагам (Eye Culture. Bacteria Identification, Antibiotic Susceptibility and Bacteriophage Efficiency Testing)*;;Отделяемое глаза;до 6 к.д.;1 560,00
446-А;;;Посев на микрофлору отделяемого половых органов, определение чувствительности к антимикробным препаратам (Genitourinary Tract Culture. Bacteria Identification and Antibiotic Susceptibility Testing)*;;"Отделяемое половых органов; Секрет простаты; Содержимое полости матки; Соскоб; Эякулят";до 6 к.д.;1 345,00
446-Р;;;Посев отделяемого половых органов на микрофлору, определение чувствительности к расширенному спектру антимикробных препаратов (Genitourinary Tract Culture. Bacteria Identification, Antibiotic Susceptibility, Enlarged Testing)*;;"Отделяемое половых органов; Секрет простаты; Содержимое полости матки; Соскоб; Эякулят";до 7 р.д.;1 790,00
446-Ф;;;Посев отделяемого половых органов на микрофлору, определение чувствительности к антимикробным препаратам и бактериофагам (Genitourinary Tract Culture. Bacteria Identification, Antibiotic Susceptibility and Bacteriophage Efficiency Testing)*;;"Отделяемое половых органов; Секрет простаты; Содержимое полости матки; Соскоб; Эякулят";до 6 к.д.;1 560,00
473-А;;;Посев отделяемого ушей на микрофлору, определение чувствительности к антимикробным препаратам (Ear Culture. Bacteria Identification and Antibiotic Susceptibility Testing)*;;Содержимое уха;до 6 к.д.;1 365,00
473-Р;;;Посев отделяемого ушей на микрофлору, определение чувствительности к расширенному спектру антимикробных препаратов (Ear Culture. Bacteria Identification, Antibiotic Susceptibility, Enlarged Ttesting)*;;Содержимое уха;до 7 р.д.;1 390,00
473-Ф;;;Посев отделяемого ушей на микрофлору, определение чувствительности к антимикробным препаратам и бактериофагам (Ear Culture. Bacteria Identification, Antibiotic Susceptibility and Bacteriophage Efficiency Testing)*;;Содержимое уха;до 6 к.д.;1 560,00
477-А;;;Посев пункционного материала на микрофлору, определение чувствительности к антимикробным препаратам (Punctate Fluid Culture. Bacteria Identification and Antibiotic Susceptibility Testing);;"Асцитическая жидкость; Ликвор; Плевральная жидкость; Содержимое трахеостомической/интубационной трубки; Суставная жидкость";до 6 к.д.;965,00
477-Р;;;Посев пункционного материала на микрофлору, определение чувствительности к расширенному спектру антимикробных препаратов (Punctate Fluid Culture. Bacteria Identification, Antibiotic Susceptibility, Enlarged Testing)*;;"Ликвор; Плевральная жидкость; Содержимое трахеостомической/интубационной трубки; Суставная жидкость";до 7 к.д.;2 090,00
472-А;;;Посев мокроты и трахеобронхиальных смывов на микрофлору, определение чувствительности к антимикробным препаратам и микроскопией мазка (Sputum and Tracheobronchial washings Culture. Bacteria Identification and Antibiotic Susceptibility Testing, Microscopy)*;;"Мокрота; Назотрахеальный аспират; Промывные воды бронхов";до 6 к.д.;1 240,00
472-Р;;;Посев мокроты и трахеобронхиальных смывов на микрофлору, определение чувствительности к расширенному спектру антимикробных препаратов и микроскопией мазка (Sputum and Tracheobronchial washings Culture. Bacteria Identification, Antibiotic Susceptibility, Enlarged Testing, Microscopy)*;;"Мокрота; Назотрахеальный аспират; Промывные воды бронхов";до 7 р.д.;1 990,00
481;;;Аденовирус (Adenovirus), диарейный синдром, антигенный тест (Adenovirus. One Step Rapid Immunосhromotographic Assay);;Кал;до 2 к.д.;1 010,00
484;;;Хеликобактер пилори (Helicobacter pylori), антигенный тест (Helicobacter pylori. One Step Rapid Immunосhromotographic Assay);;Кал;до 2 к.д.;1 130,00
402;;;Кампилобактер, диарейный синдром, выявление антигена в кале, иммунохроматография (Campylobacter spp., One step rapid immunосhromotographic  assay, antigen, stool);;Кал;до 2 к.д.;1 230,00
403;;;Гонорея, выявление антигена, иммунохроматография (Neisseria gonorrhoeae test, One step rapid immunосhromotographic assay);;"Отделяемое половых органов; Отделяемое ротоглотки; Пункционная жидкость; Ректальный мазок";1 к.д.;1 010,00
405;;;Легионелла, выявление антигена в моче, иммунохроматография (Legionella pneumophila, One step rapid immunосhromotographic assay, antigen, urinae);;Моча;1 к.д.;1 700,00
408;;;Пневмококк, выявление антигена в моче, иммунохроматография (Streptococcus pneumoniae, One step rapid immunосhromotographic assay, antigen, urinae);;Моча;1 к.д.;1 700,00
409;;;Энтеровирус, выявление антигена в кале, иммунохроматография (Enterovirus, One step rapid immunосhromotographic assay, antigen,  stool);;Кал;до 2 к.д.;1 280,00
411;;;Респираторно-синцитиальный вирус (РС-инфекция), выявление антигена, иммунохроматография (Respiratory Syncytial Virus, RSV, One step rapid  immunосhromotographic assay, antigen);;"Мазок; Смывы";до 2 к.д.;1 095,00
Э441-Ф;;;Ускоренное исследование мочи на микрофлору с определением чувствительности к антимикробным препаратам и бактериофагам (Fast urine culture, antibiotic & bacteriophage susceptibility testing);;Моча;до 4 к.д.;1 675,00
Э441-А;;;Ускоренное исследование мочи на микрофлору с определением чувствительности к антимикробным препаратам (Fast urine culture & AST);;Моча;до 4 к.д.;1 545,00
472МИК;;;Посев отделяемого нижних дыхательных путей на микрофлору с определением чувствительности к расширенному спектру антимикробных препаратов и минимальных ингибирущих концентраций;;"Мокрота; Назотрахеальный аспират; Промывные воды бронхов";до 7 к.д.;1 390,00
446МИК;;;Посев отделяемого половых органов на микрофлору с определением чувствительности к расширенному спектру антимикробных препаратов и минимальных ингибирующих концентраций;;"Отделяемое половых органов; Секрет простаты; Содержимое полости матки; Соскоб; Эякулят";до 7 к.д.;1 490,00
477МИК;;;Посев пункционного материала на микрофлору с определением чувствительности к расширенному спектру антимикробных препаратов и минимальных ингибирующих концентраций;;"Ликвор; Плевральная жидкость; Содержимое трахеостомической/интубационной трубки; Суставная жидкость";до 8 к.д.;1 990,00
474МИК;;;Посев отделяемого раны на микрофлору с определением чувствительности к расширенному спектру антимикробных препаратов и минимальных ингибирующих концентраций;;"Гной; Мазок; Отделяемое из хирургического дренажа; Отделяемое раны; Содержимое абсцесса; Содержимое инфильтрата; Транссудат; Экссудат";до 8 к.д.;1 590,00
467МИК;;;Посев отделяемого верхних дыхательный путей на микрофлору с определением чувствительности к расширенному спектру антимикробных препаратов и минимальных ингибирующих концентраций;;"Мазок; Отделяемое носа; Отделяемое носоглотки; Отделяемое пазухи; Отделяемое ротоглотки";до 7 к.д.;1 690,00
441МИК;;;Посев мочи на микрофлору с определением чувствительности к расширенному спектру антимикробных препаратов и минимальных ингибирующих концентраций;;Моча;до 7 к.д.;1 490,00
473МИК;;;Посев отделяемого из уха на микрофлору с определением чувствительности к расширенному спектру антимикробных препаратов и минимальных ингибирующих концентраций;;Содержимое уха;до 7 к.д.;1 590,00
475МИК;;;Посев желчи на микрофлору с определением чувствительности к расширенному спектру антимикробных препаратов и минимальных ингибирующих концентраций;;Желчь;до 8 к.д.;1 590,00
491;;;Анализ микробиоты по Осипову;;"Кал; Капиллярная кровь; Кожа; Кровь; Мокрота; Моча; Содержимое полости матки; Соскоб; Эякулят + моча; Ногти; Отделяемое носоглотки; Отделяемое половых органов; Отделяемое раны; Отделяемое ротоглотки; Секрет простаты";до 5 р.д.;4 990,00
455Н-Ф;;;Бактериологическое исследование микробиоценоза кишечника (дисбактериоз) с определением чувствительности к бактериофагам;;Кал;до 7 р.д.;2 015,00
455Н;;;Бактериологическое исследование микробиоценоза кишечника (дисбактериоз);;Кал;до 7 р.д.;1 885,00
12. ИММУНОЛОГИЧЕСКИЕ ИССЛЕДОВАНИЯ;;;;;;;
* Тест №ИМЗАК выполняется в комплексе с тестами №№ 31401, 31402,31403,31404,31414. Тест №ИМЗАК нельзя заказать отдельно от перечисленных тестов.;;;;;;;
12.1. Комплексные иммунологические исследования;;;;;;;
;;;;;;;
1310;;;Фагоцитарная активность лейкоцитов (Phagocytic Activity of Leucocytes);;Кровь;до 3 р.д.;1 085,00
4192;;;Фенотипирование лимфоцитов (основные субпопуляции) – CD3, CD4, CD8, CD19, CD16, CD56 (Lymphocyte Phenotyping: CD3, CD4, CD8, CD19, CD16, CD56);;Кровь;до 3 р.д.;4 045,00
4193;;;CD4+ Т-лимфоциты, % и абсолютное количество (Т-хелперы, CD4+ T-cells, Percent and Absolute);;Кровь;1 к.д.;1 650,00
4194;;;В-лимфоциты, % и абсолютное количество (CD19+ лимфоциты, B-cells, Percent and Absolute);;Кровь;1 к.д.;1 650,00
1311;;;Активированные лимфоциты (CD3+HLA-DR+, CD3-HLA DR+) (Activated Lymphocyte: CD3+HLA-DR+, CD3-HLA DR+)*;;Кровь;до 3 р.д.;1 650,00
1235;;;Циркулирующие иммунные комплексы (ЦИК) общие (Circulating Immune Complexes (CIC) Total);;Сыворотка крови;до 5 р.д.;1 240,00
12.2. Иммуноглобулины общие;;;;;;;
;;;;;;;
45;;;Иммуноглобулины класса А (Immunoglobulin A, IgA);;Сыворотка крови;1 к.д.;350,00
46;;;Иммуноглобулины класса М (Immunoglobulin М, IgМ);;Сыворотка крови;1 к.д.;350,00
47;;;Иммуноглобулины класса G  (Immunoglobulin G, IgG);;Сыворотка крови;1 к.д.;350,00
67;;;Иммуноглобулины класса E (общий IgE, иммуноглобулин Е общий) (Immunoglobulin Е Total, IgE Total);;Сыворотка крови;1 к.д.;575,00
4048;;;Иммуноглобулины G (подклассы IgG1, IgG2, IgG3, IgG4);;Сыворотка крови;до 8 р.д.;14 440,00
12.3. Специфические белки;;;;;;;
;;;;;;;
948;;;Эозинофильный катионный белок (Eosinophil Cationic Protein, ECP);;Сыворотка крови;до 2 к.д.;1 010,00
6948;;;Эозинофильный катионный белок, ImmunoCAP® (Eosinophil Cationic Protein, ImmunoCAP® ECP);;Сыворотка крови;до 5 р.д.;1 490,00
1251;;;Кальпротектин ( S100A8/A9) в крови (Calprotectin (S100A8/A9));;Сыворотка крови;до 7 р.д.;2 990,00
1252;;;Исследование концентрации преальбумина (транстиретина - TTR) (Prealbumin (Transthyretin - TTR));;Сыворотка крови;до 7 р.д.;2 490,00
1253;;;Исследование концентрации ретинол-связывающего белок (RBP) (Retinol binding protein (RBP));;Сыворотка крови;до 7 р.д.;2 490,00
12.4. Компоненты комплемента;;;;;;;
;;;;;;;
193;;;Компоненты системы комплемента С3, С4 (Complement components C3, C4);;Сыворотка крови;1 к.д.;965,00
1315C3;;;С3 Компонент системы комплемента (Complement Component C3);;Сыворотка крови;1 к.д.;490,00
1316C4;;;С4 Компонент системы комплемента (Complement Component C4);;Сыворотка крови;1 к.д.;490,00
1534;;;Система комплемента: оценка функциональной активности (CH50) (Functionality Test of Complement (CH50));;Сыворотка крови;до 7 р.д.;1 615,00
836;;;Ингибитор С1-эстеразы, активность (C1-Esterase Inhibitor, С1-INH);;Плазма крови;до 7 р.д.;2 355,00
850;;;"Ингибитор С1-эстеразы, концентрация (C1-Esterase Inhibitor, concentration; С1-INH)";;Сыворотка крови;до 8 р.д.;3 245,00
1259;;;Исследование концентрации фактора Н системы комплемента;;Сыворотка крови;до 7 р.д.;3 490,00
1427;;;Исследование концентрации С5а (анафилотоксина)  компонента системы комплемента;;Сыворотка крови;до 7 р.д.;1 990,00
12.5. Цитокины;;;;;;;
;;;;;;;
210;;;Интерлейкин-1β (ИЛ-1β) (Interleukin 1 Beta, IL-1);;Сыворотка крови;до 6 р.д.;2 235,00
211;;;Интерлейкин-6 (ИЛ-6) (Interleukin 6, IL-6);;Сыворотка крови;до 5 р.д.;2 235,00
212;;;Интерлейкин-8 (ИЛ-8) (Interleukin 8, IL-8);;Сыворотка крови;до 6 р.д.;2 235,00
213;;;Интерлейкин-10 (ИЛ-10) (Interleukin 10, IL-10);;Сыворотка крови;до 6 р.д.;2 235,00
214;;;Фактор некроза опухоли-α (ФНО-α) (Tumor Necrosis Factor Alpha, TNF-α, Cachectin);;Сыворотка крови;до 5 р.д.;2 235,00
1250;;;Интерлейкин 18 (ИЛ-18, Interleukin 18, IL-18);;Сыворотка крови;до 7 р.д.;1 890,00
13. ИНТЕРФЕРОНОВЫЙ СТАТУС;;;;;;;
;;;;;;;
13.1. Интерфероновый статус;;;;;;;
;;;;;;;
13.2. Интерфероновый статус (4 показателя) с определением чувствительности к препаратам интерферона;;;;;;;
* Тесты выполняются в комплексе с тестом № 1043;;;;;;;
13.3. Интерфероновый статус (4 показателя) с определением чувствительности к индукторам интерферона;;;;;;;
* Тесты выполняются в комплексе с тестом № 1043;;;;;;;
13.4. Интерфероновый статус (4 показателя) с определением чувствительности к иммуномодуляторам;;;;;;;
* Тесты выполняются в комплексе с тестом № 1043;;;;;;;
14. ДИАГНОСТИКА АУТОИММУННЫХ ЗАБОЛЕВАНИЙ;;;;;;;
;;;;;;;
14.1. Системные заболевания соединительной ткани;;;;;;;
;;;;;;;
125;;;Антиядерные антитела (АЯА, антинуклеарные антитела), скрининг (Anti-Nuclear Antibodies, ANA, Screening);;Сыворотка крови;до 4 р.д.;1 290,00
126;;;Антитела класса IgG к двуспиральной нативной ДНК (анти-дсДНК IgG, анти-ДНК) (Double-Stranded (Native) DNA IgG Antibodies, Аnti-dsDNA IgG);;Сыворотка крови;до 4 р.д.;980,00
1267;;;Антинуклеарный фактор (ANA IIFT, HEp-2);;Сыворотка крови;до 9 р.д.;1 355,00
1586ADN;;;Антитела к дсДНК в сыворотке крови, подтверждающий тест с использованием субстрата Crithidia luciliae, IgG, методом непрямой иммунофлюоресценции (Crithidia luciliae indirect fluorescent  test (CLIFT));;Сыворотка крови;до 9 р.д.;1 355,00
1588;;;Антитела к лимфоцитам, класса IgG;;Сыворотка крови;до 8 р.д.;1 820,00
825;;;Антитела класса IgG к экстрагируемому нуклеарному антигену (ЭНА) (Extractable Nuclear Antigen, ENA, Anti-Ribonucleoprotein Antibodies, Anti-RNP);;Сыворотка крови;до 4 р.д.;1 345,00
826;;;Панель антинуклеарных антител при склеродермии (раздельное описание антител к антигенам Scl-70, СENP-A, CENP-B, RP11, RP155, фибриллярин, NOR90, Th/To, PM-Sc100, PM-Scl75, Ku, PDGFR, Ro-52), иммуноблот (Scleroderma (Systemic Sclerosis) Antibody Panel: Anti-Scl-70, СENP-A, CENP-B, RP11, RP155, фибриллярин, NOR90, Th/To, PM-Sc100, PM-Scl75, Ku, PDGFR, Ro-52, Immunoblotting);;Сыворотка крови;до 9 р.д.;4 675,00
827;;;Антинуклеарные антитела (раздельно Sm, RNP/Sm, SS-A (60 кДа), SS-A (52 кДа), SS-B, Scl-70, PM-Scl, PCNA, CENT-B, dsDNA, Histone, Nucleosome, Rib P, AMA-M2, Jo-1 антигену), иммуноблот (ANA: Anti-Sm, RNP/Sm, SS-A (60 kDа), SS-A (52 kDа), SS-B, Scl-70, PM-Scl, PCNA, CENT-B, dsDNA, Histone, Nucleosome, Rib P, AMA-M2, Anti-Jo-1, Immunoblotting);;Сыворотка крови;до 9 р.д.;3 715,00
956;;;Антитела класса IgG к нуклеосомам (aнтиядерные антитела), скрининг  (Anti-Nuclear Antibodies, ANA, IgG, Screening);;Сыворотка крови;до 12 р.д.;1 345,00
4059;;;Скрининг болезней соединительной ткани (АТ к ЭНА, антинуклеарный фактор (АНФ));;Сыворотка крови;до 9 р.д.;2 565,00
4060;;;"Системная красная волчанка, обследование (АТ к нуклеосомам, АТ к кардиолипину, IgG; АТ к кардиолипину, IgМ; антинуклеарный фактор (АНФ))";;Сыворотка крови;до 17 р.д.;4 735,00
4061;;;Дифференциальная диагностика СКВ и других ревматических заболеваний (АТ к нуклеосомам, антинуклеарный фактор (АНФ));;Сыворотка крови;до 12 р.д.;2 565,00
4069;;;Профиль «Системная красная волчанка (СКВ), мониторинг активности (анти-дс-ДНК IgG, С3, С4 компоненты комплемента)»  (Systemic lupus erythematosus (SLE) profile, activity monitoring (anti-double-stranded DNA IgG, C3 and C4 complement components) );;Сыворотка крови;1 к.д.;1 615,00
1215;;;Антитела к цитоплазматическим антигенам SS-A  (Ro) ((SS-A (52кДа)/ SS-A (60 кДа), IgG (Anti –SS-A, IgG  (Anti-SS-A-52 and anti-SS-A-60 autoantibodies));;Сыворотка крови;до 5 р.д.;1 480,00
1216;;;Антитела к к цитоплазматическим антигенам  SS-A  (52кДа), IgG (Anti-SS-A-52 autoantibodies, IgG);;Сыворотка крови;до 5 р.д.;1 480,00
1217;;;Антицентромерные антитела CENT-B, IgG (Anti-Centromere B autoantibodies, IgG);;Сыворотка крови;до 5 р.д.;1 480,00
1218;;;Антитела к экстрагируемому ядерному антигену Sm, IgG (Anti-Sm autoantibodies, IgG);;Сыворотка крови;до 5 р.д.;1 480,00
1219;;;Антитела к экстрагируемым ядерным антигена RNP/Sm, IgG (Anti-RNP/Sm autoantibodies, IgG);;Сыворотка крови;до 5 р.д.;1 480,00
1220;;;Антитела к гистонам (Histone), IgG (Anti-Histone autoantibodies, IgG);;Сыворотка крови;до 5 р.д.;1 480,00
1221;;;Антитела к митохондриям (AMA-M2), IgG (Anti-AMA-M2 autoantibodies, IgG);;Сыворотка крови;до 5 р.д.;1 655,00
1224;;;Антитела к цитоплазматическим антигенам  SS-A  (60кДа), IgG (Anti-SS-A-60 autoantibodies, IgG);;Сыворотка крови;до 5 р.д.;1 480,00
1225;;;Антитела к цитоплазматическому антигену Jo-1, IgG (Anti-Jo-1 autoantibodies, IgG);;Сыворотка крови;до 5 р.д.;1 480,00
1226;;;Антитела к цитоплазматическим антигенам SS-B (La), IgG  (Anti-SS-B autoantibodies, IgG);;Сыворотка крови;до 5 р.д.;1 480,00
1228;;;Антитела к антигену Scl-70, IgG (Anti-Scl-70 autoantibodies, IgG);;Сыворотка крови;до 5 р.д.;1 480,00
1229;;;Антитела к рибосомальному белку Р (Rib-P), IgG (Anti-Rib-P autoantibodies, IgG);;Сыворотка крови;до 5 р.д.;1 480,00
1232;;;Антинуклеарные антитела RNP-70 (Anti-RNP-70 autoantibodies);;Сыворотка крови;до 5 р.д.;1 480,00
ОБС299;;;Обследование при системной красной волчанке, иммунологические критерии (Examination of systemic lupus erythematosus, immunological criteria);;"Плазма крови; Сыворотка крови";до 9 р.д.;9 990,00
14.2. Антифосфолипидный синдром;;;;;;;
;;;;;;;
137/138;;;Антитела классов IgM и IgG к фосфолипидам (Аnti-Phospholipid Antibodies, APA, IgM, IgG);;Сыворотка крови;до 5 р.д.;945,00
966/74;;;Антитела классов IgG и IgM к фосфатидилсерину  (Anti-Рhosphatidylserine, IgG, IgM);;Сыворотка крови;до 6 р.д.;2 160,00
967;;;Антитела классов IgA, IgM, IgG к кардиолипину, скрининг (Сardiolipin Antibodies IgA, IgM, IgG, aCL, Screening);;Сыворотка крови;до 5 р.д.;1 345,00
968;;;Антитела класса IgA к кардиолипину (Anticardiolipin IgA, aCL IgA);;Сыворотка крови;до 6 р.д.;985,00
969;;;Антитела класса IgG к кардиолипину (Anticardiolipin IgG, aCL IgG);;Сыворотка крови;до 5 р.д.;1 055,00
997;;;Антитела класса IgM к кардиолипину  (Anticardiolipin IgM, aCL IgM);;Сыворотка крови;до 5 р.д.;1 240,00
1284;;;Антитела классов IgG, IgA, IgM к бета-2-гликопротеину 1, суммарно (Аnti-β2-Glycoprotein 1 Antibodies, anti-β2-GР1, IgG, IgA, IgM, Total);;Сыворотка крови;до 5 р.д.;1 345,00
1340;;;Антитела классов IgG и IgM к фосфатидилсерин-протромбиновому комплексу, суммарно (Anti-Рhosphatidylserine/Рrothrombin Аntibodies, Anti-PS/PT, IgG, IgM, Total);;Сыворотка крови;до 7 р.д.;1 440,00
1341;;;Антитела класса IgG к аннексину V (Annexin V Аntibodies, aAnV, IgG);;Сыворотка крови;до 12 р.д.;1 405,00
1342;;;Антитела класса IgМ к аннексину V (Annexin V Аntibodies, aAnV, IgМ);;Сыворотка крови;до 12 р.д.;1 405,00
1378;;;Панель антифосфолипидных антител, IgG, IgM методом дот-иммуноанализ, качественный тест в сыворотке крови (Anti-Phospholipid Antibodies Panel);;Сыворотка крови;до 9 р.д.;9 645,00
4062;;;АТ к кардиолипину, IgG, IgM;;Сыворотка крови;до 10 р.д.;2 180,00
4063;;;Диагностика вторичного антифосфолипидного синдрома (АНФ, АТ к кардиолипину, IgG, IgM);;Сыворотка крови;до 14 р.д.;3 465,00
4064;;;"Антифосфолипидный синдром, развернутое серологическое исследование (АНФ; АТ к кардиолипину, IgG, IgM; АТ к бета-2-гликопротеину 1)";;Сыворотка крови;до 14 р.д.;4 735,00
1669;;;АТ к протромбину, скрининг;;Сыворотка крови;до 7 р.д.;1 145,00
1670;;;Антитела к бета2гликопротеину IgG;;Сыворотка крови;до 7 р.д.;1 260,00
1671AB2M;;;Антитела к бета2гликопротеину IgM;;Сыворотка крови;до 7 р.д.;1 260,00
1672;;;Антитела к бета2гликопротеину IgA;;Сыворотка крови;до 7 р.д.;1 260,00
1340AF;;;Антитела к фосфатидилсерин-протромбиновому комплексу, суммарные IgG, IgM, IgА;;Сыворотка крови;до 8 р.д.;1 390,00
4064NEW;;;Антифосфолипидный синдром, лабораторные критерии (Antiphospholipid syndrome, laboratory criteria);;"Плазма крови; Сыворотка крови";до 8 р.д.;6 880,00
14.3. Иммунные факторы бесплодия;;;;;;;
;;;;;;;
223;;;Антитела антиспермальные в сыворотке крови (Anti-Spermatozoa Antibodies, ASA, Serum);;Сыворотка крови;до 5 р.д.;1 195,00
14.4. Ревматоидный артрит, поражения суставов;;;;;;;
;;;;;;;
1204;;;Антитела к циклическому цитруллинированному пептиду (АЦЦП) (Anti-Сyclic Citrullinated Peptide, anti-CCP);;Сыворотка крови;до 2 к.д.;1 715,00
965;;;Антитела класса IgG к кератину (Антикератиновые антитела, АКА, Антифилаггриновые антитела, АФА) (Anti-Кeratin Аntibodies, AKA, Anti-Filaggrin Аntibodies, AFA, IgG);;Сыворотка крови;до 9 р.д.;2 635,00
1332;;;Антитела класса IgG к модицифированному цитруллинированному виментину (анти-MЦВ) (Anti-Mutated Citrullinated Vimentin Antibodies, Anti-MCV, Anti-Modified Citrullinated Vimentin Antibodies, Anti-Sa Antibodies, IgG);;Сыворотка крови;до 9 р.д.;1 790,00
1333;;;"Ревматоидный фактор, IgA (РФ IgA; Rheumatoid Factor, RF, IgA)";;Сыворотка крови;до 12 р.д.;1 315,00
808;;;Кристаллы в мазке синовиальной жидкости (моноурат натрия, пирофосфат кальция) (Synovial Fluid Smear, Crystals);;Синовиальная жидкость;до 8 р.д.;1 815,00
1536;;;Олигомерный матриксный белок хряща (Human Cartilage Oligomeric Protein, COMP);;Сыворотка крови;до 7 р.д.;2 945,00
14.5. Васкулиты и поражения почек;;;;;;;
;;;;;;;
807;;;Антитела класса IgG к базальной мембране клубочков почек (анти-БМК) (Glomerular Basement Membrane Аntibodies, Аnti-GBM, IgG);;Сыворотка крови;до 10 р.д.;2 035,00
970;;;Антитела класса IgG к цитоплазме нейтрофилов (АНЦА) (Anti-Neutrophil Сytoplasmic Аntibodies, ANCA, IgG);;Сыворотка крови;до 10 р.д.;1 440,00
812;;;Антитела классов IgG, IgA, IgM к клеткам сосудистого эндотелия (HUVEC), суммарно (Anti-Endothelial Cell Antibodies, AECA, IgG, IgA, IgM, Total);;Сыворотка крови;до 9 р.д.;1 815,00
822;;;Антитела к рецептору фосфолипазы А2 (Anti-Phospholipase A2 Receptor Antibody, PLA2R Antibodies), IgG;;Сыворотка крови;до 12 р.д.;2 885,00
823;;;Антитела класса IgG к миелопероксидазе (анти-МPO) (Myeloperoxidase Antibody, MPO);;Сыворотка крови;до 9 р.д.;1 315,00
837;;;Антитела класса IgG к C1q фактору комплемента (Anti-Complement 1q Antibodies, Anti-C1q, IgG);;Сыворотка крови;до 12 р.д.;1 315,00
955;;;Антитела класса IgG к протеиназе-3 (анти-PR-3) (Anti-Рroteinase-3 Аntibodies, PR-3-Аntibodies, PR-3 ANCA, IgG);;Сыворотка крови;до 12 р.д.;1 315,00
821;;;Панель антител к антигенам антинейтрофильных антител (панель антигенов АНЦА), IgG (Anti-Neutrophil Cytoplasmic Antibodies, ANCA, IgG, Panel);;Сыворотка крови;до 9 р.д.;3 615,00
4065;;;Диагностика гранулематозных васкулитов (антинуклеарный фактор (АНФ), АТ к цитоплазме нейтрофилов (АНЦА/pANCA, cANCA), IgG);;Сыворотка крови;до 9 р.д.;2 645,00
4066;;;Диагностика быстропрогрессирующего гломерулонефрита (АТ к базальной мембране клубочков почек, АТ к цитоплазме нейтрофилов (АНЦА/pANCA, cANCA), IgG);;Сыворотка крови;до 9 р.д.;3 295,00
4067;;;Диагностика аутоиммунного поражения почек (антинуклеарный фактор (АНФ), АТ к базальной мембране клубочков почек, АТ к цитоплазме нейтрофилов (АНЦА/pANCA, cANCA), IgG);;Сыворотка крови;до 9 р.д.;4 580,00
14.6. Аутоиммунные эндокринопатии: сахарный диабет 1-го типа;;;;;;;
;;;;;;;
201;;;Антитела класса IgG к бета-клеткам поджелудочной железы (Anti-Islet Cell Antibodies, Islet Cell Autoantibodies, ICA);;Сыворотка крови;до 12 р.д.;1 820,00
202;;;Антитела класса IgG к глутаматдекарбоксилазе (анти-GAD) (Anti-GAD Antibodies, Glutamate Decarboxylase Antibodies, AT-GAD, IgG);;Сыворотка крови;до 12 р.д.;1 860,00
202СМЖ;;;Антитела к GAD (глутаматдекарбоксилазе), IgG, ликвор (Anti-GAD (glutamic acid decarboxylase), IgG, CSF);;Ликвор;до 9 р.д.;2 235,00
200;;;Антитела класса IgG к инсулину (Insulin Autoantibodies, IAA, IgG);;Сыворотка крови;до 12 р.д.;795,00
1285;;;Антитела к тирозинфосфатазе (IA-2) (Islet Antigen 2 Antibodies, Anti-IA2 Аntibodies, IA-2 Ab, Tyrosine Phosphatase Antibodies);;Сыворотка крови;до 12 р.д.;1 815,00
1286;;;Антитела к антигенам клеток поджелудочной железы GAD/IA-2, суммарно  (Anti-GAD/IA2 Antibodies Pool, Glutamic Acid Decarboxylase-65, GAD and Insulinoma Antigen 2 (Tyrosine Phosphatase, IA2, ICA-512) Autoantibodies, Total);;Сыворотка крови;до 12 р.д.;1 815,00
14.7. Аутоиммунные эндокринопатии: поражение надпочечников, аутоиммунная патология гонад;;;;;;;
;;;;;;;
1209;;;Антитела классов IgA, IgM, IgG к ткани яичника (антиовариальные антитела), суммарно (Anti-Ovarian Antibodies, AOA, IgA, IgM, IgG, Тotal);;Сыворотка крови;до 9 р.д.;1 650,00
1287;;;Антитела классов IgA, IgM, IgG к стероидпродуцирующим клеткам надпочечника (АСПК), суммарно (Anti-Steroidal Cell Antibodies, StCAb, Steroidal Cell Autoantibodies, SCA, IgA, IgM, IgG, Total);;Сыворотка крови;до 9 р.д.;1 315,00
1290;;;Антитела классов IgA, IgM, IgG к стероидпродуцирующим клеткам яичка, суммарно (Anti-Testicular Steroid-Сell Antibodies, Testicular Anti-Steroidal Cell Antibodies, Testicular StCAb, Steroidal Cell Autoantibodies, SCA against Testis, IgA, IgM, IgG, Total);;Сыворотка крови;до 9 р.д.;1 815,00
1291;;;Антитела к стероидпродуцирующим клеткам репродуктивных тканей (Reproductive tissue steroid-producing cells Antibodies);;Сыворотка крови;до 9 р.д.;3 285,00
14.8. Аутоиммунные заболевания кожи;;;;;;;
;;;;;;;
809;;;Антитела к базальной мембране кожи, IgG (Basement membrane zone antibodies, IgG);;Сыворотка крови;до 9 р.д.;2 600,00
813;;;Антитела класса IgG к десмосомам эпидермиса (Desmoglein Antibodies, Desmoglein 1, DSG1 and Desmoglein 3, DSG3 Antibodies, IgG);;Сыворотка крови;до 9 р.д.;2 525,00
1298;;;Антитела класса IgG к десмоглеину-1 (Desmoglein 1, DSG1 Antibodies, IgG);;Сыворотка крови;до 9 р.д.;2 525,00
1299;;;Антитела класса IgG к десмоглеину-3 (Desmoglein 3, DSG3 Antibodies, IgG);;Сыворотка крови;до 9 р.д.;2 525,00
1330;;;Антитела класса IgG к белку BP180 (Anti-Bp180 Аntibodies, Bullous Pemphigoid (180 kDa) Antibodies, Antibodies to BP Antigen 2, IgG);;Сыворотка крови;до 9 р.д.;2 525,00
1331;;;Антитела класса IgG к белку BP230 (Anti-Bp230 Аntibodies, Bullous Pemphigoid (230 kDa) Antibodies, Antibodies to BP Antigen 1, IgG);;Сыворотка крови;до 9 р.д.;2 525,00
4054;;;Профиль «Диагностика буллезных дерматозов (АТ к десмосомам эпидермиса, АТ к базальной мембране кожи)» (Bullous Dermatosis Diagnostics profile (antibodies to epidermis desmosomes, antibodies to skin basal membrane));;Сыворотка крови;до 9 р.д.;4 880,00
14.9. Аутоиммунные поражения желудочно-кишечного тракта. Целиакия;;;;;;;
;;;;;;;
972;;;Антитела к эндомизию, IgG (Anti-Endomisial Antibodies, IgG, EMA);;Сыворотка крови;до 10 р.д.;1 530,00
810;;;Антитела класса IgА к эндомизию (антиэндомизийные антитела, АЭМА) (Anti-Еndomysial Аntibodies, Anti-EMA, IgА);;Сыворотка крови;до 9 р.д.;1 530,00
805;;;Антитела к париетальным клеткам желудка, IgG (Parietal Cell Antibodies, PCA, Ig G);;Сыворотка крови;до 9 р.д.;1 775,00
971;;;Антитела классов IgA и IgG к ретикулину (Anti-Reticulin Antibodies, ARA, IgA, IgG);;Сыворотка крови;до 9 р.д.;1 530,00
270;;;Антитела класса IgG к деамидированным пептидам глиадина (Anti-Deaminated Gliadin Peptide, Anti-DGP, IgG);;Сыворотка крови;до 5 р.д.;910,00
271;;;Антитела класса IgА к деамидированным пептидам глиадина (Anti-Deaminated Gliadin Peptide, Anti-DGP, IgA);;Сыворотка крови;до 5 р.д.;910,00
1282;;;Антитела класса IgА к тканевой трансглютаминазе (Anti-Tissue Transglutaminase Antibodies, Anti-tTG, tTGA, IgA);;Сыворотка крови;до 5 р.д.;1 200,00
1283;;;Антитела класса IgG к тканевой трансглютаминазе (Anti-Tissue Transglutaminase Antibodies, Anti-tTG, tTGA, IgG);;Сыворотка крови;до 5 р.д.;1 170,00
817;;;Антитела класса IgG к внутреннему фактору Кастла (Anti-Intrinsic Factor, IFAb, Intrinsic Factor Antibodies, IgG);;Сыворотка крови;до 12 р.д.;1 735,00
1335;;;Антитела класса IgG к сахаромицетам (диагностика болезни Крона) (Anti-Sacchаromyces Cerevisiae Antibodies, ASCA, IgG );;Сыворотка крови;до 9 р.д.;1 315,00
1336;;;Антитела класса IgА к сахаромицетам (диагностика болезни Крона) (Anti-Sacchаromyces Cerevisiae Antibodies, ASCA, IgA );;Сыворотка крови;до 9 р.д.;1 315,00
1337;;;Антитела класса IgА к цитоплазме нейтрофилов (АНЦА) (Anti-Neutrophil Cytoplasmic Antibodies, ANCA, IgA);;Сыворотка крови;до 9 р.д.;1 315,00
944;;;Диагностика аутоиммунного панкреатита и других IgG4-ассоциированных заболеваний (Diagnosis of Autoimmune Pancreatitis and other IgG4-Related Diseases);;Сыворотка крови;до 9 р.д.;1 960,00
4055;;;"Серодиагностика аутоиммунного гастрита и пернициозной анемии (АТ к париетальным клеткам желудка; АТ к внутреннему фактору Кастла)";;Сыворотка крови;до 12 р.д.;3 330,00
4056;;;"Серодиагностика болезни Крона и неспецифического язвенного колита (НЯК) (АНЦА/pANCA, cANCA, IgG; АНЦА/ANCA, IgA; ASCA, IgG, IgA)";;Сыворотка крови;до 9 р.д.;5 110,00
4057;;;"Целиакия, серологический скрининг (АТ к эндомизию, IgA; АТ к деамидированным пептидам глиадина, IgG; IgA общ.)";;Сыворотка крови;до 9 р.д.;2 445,00
4058;;;"Целиакия, серологическая диагностика (АТ к эндомизию, IgA; АТ к тканевой трансглутаминазе, IgA, IgG; IgA общ.)";;Сыворотка крови;до 9 р.д.;3 785,00
1530БКК;;;Антитела классов IgA и IgG к бокаловидным клеткам кишечника, суммарно (Anti-Intestinal Goblet Cells Antibodies, GAB, IgA, IgG, Total);;Сыворотка крови;до 8 р.д.;1 315,00
1531ААЦК;;;Антитела классов IgG и IgA к GP2 антигену центроацинарных клеток поджелудочной железы (Anti-GP2);;Сыворотка крови;до 8 р.д.;2 170,00
1532АПЖ;;;Антитела к ацинарным клеткам поджелудочной железы, IgG и IgA суммарно (антитела к экзокринной части поджелудочной железы, Autoantibodies against Exocrine Pancreas, Pancreatic Antibodies, PAB);;Сыворотка крови;до 8 р.д.;1 315,00
1617;;;Антитела к энтероцитам, класса IgG;;Сыворотка крови;до 8 р.д.;2 300,00
4057NEW;;;Серологический скрининг целиакии (Serological screening of celiac disease);;Сыворотка крови;до 5 р.д.;1 475,00
14.10. Аутоиммунные поражения печени;;;;;;;
;;;;;;;
804;;;Антитела к митохондриям, IgG (Mitochondrial Antibodies, AMA, IgG);;Сыворотка крови;до 9 р.д.;1 615,00
806;;;Антитела к гладкой мускулатуре, IgG (Smooth Muscle Antibodies, SMA, ASMA, IgG);;Сыворотка крови;до 9 р.д.;1 615,00
819;;;Антитела к микросомам печени и почек, IgG (anti-liver kidney microsomal antibody, anti-LKM, IgG);;Сыворотка крови;до 9 р.д.;1 835,00
1288;;;Панель антител класса IgG при аутоиммунных заболеваниях печени (АТ к антигенам АМА-М2, М2-3Е, Sp100, PML, gp210, LKM-1, LC-1, SLA/LP, SSA/Ro-52), иммуноблот (Autoimmune Disease Liver Panel: AMA-M2, M2-3E (BPO), Sp100, PML, gp210, LKM-1, LC-1, SLA/LP, SSA/Ro-52, IgG, Immunoblotting);;Сыворотка крови;до 9 р.д.;3 885,00
1289;;;Антитела класса IgG к асиалогликопротеиновому рецептору (анти-ASGPR) (Autoantibodies Against Asialoglycoprotein Receptor, Anti-ASGPR, IgG);;Сыворотка крови;до 9 р.д.;1 815,00
14.11. Аутоиммунные неврологические заболевания;;;;;;;
;;;;;;;
936;;;Антитела к аквапорину 4 (NMO), IgG;;Сыворотка крови;до 12 р.д.;3 035,00
937;;;Антитела класса IgG к скелетным мышцам (АСМ) (Anti-Skeletal Muscle Antibodies, AStMA, IgG);;Сыворотка крови;до 10 р.д.;1 345,00
938;;;"Антитела классов IgG и IgM к ганглиозидам (лайн-блот: GM1; GM2-GM3-GM4; GD1a, GD1b, GD2-GD3, GT1a, GT1b, GQ1b, сульфатиды), суммарно (Anti-GM1 Antibodies, Anti-GQ1b Antibodies, Anti-Gangliosideantibodies, Ganglioside Antibodies Panel, Total)";;Сыворотка крови;до 9 р.д.;6 060,00
939;;;"Миозит-специфичные антитела класса IgG (лайн-блот: Mi-2, Ku, PM-Scl 100/75; Jo1 PL-7 PL-12 EJ OJ; SRP, SSA (Ro52)) (Myositis-Specific Panel)";;Сыворотка крови;до 9 р.д.;4 285,00
803;;;Антитела к ацетилхолиновому рецептору (АхР, диагностика миастении), суммарнo (Acetylcholine Receptor Antibodies, Anti-AChR, Total);;Сыворотка крови;до 12 р.д.;6 060,00
953;;;Антинейрональные антитела класса IgG (лайн-блот: Hu (ANNA1), Yo-1 (PCA1), CV2, Ма2, Ri (ANNA2), амфифизин) (Anti-Neuronal Antibodies, Blot-Line (Hu (ANNA1), Yo-1 (PCA1), CV2, Ма2, Ri (ANNA2), Amphiphysin));;Сыворотка крови;до 9 р.д.;6 060,00
954;;;Антитела класса IgG NMDA (N-метил-D-аспартат) глутаматному рецептору в сыворотке(N-Methyl-D-Aspartate Receptor Antibodies IgG);;Сыворотка крови;до 9 р.д.;4 615,00
954СМЖ;;;Антитела к NMDA глутаматному рецептору, IgG, определение в ликворе (анти-NMDAR IgG, N-methyl-D-Aspartate Receptor Antibodies, CSF);;Ликвор;до 9 р.д.;3 245,00
4049;;;Олигоклональный IgG в ликворе (цереброспинальной жидкости) и сыворотке крови (Oligoclonal IgG, Cerebrospinal Fluid (CSF), Serum);;Cыворотка+СМЖ;до 8 р.д.;4 615,00
1541;;;Свободные легкие цепи иммуноглобулинов каппа и лямбда в ликворе  (Cerebrospinal Fluid Concentration of Immunoglobulin Free Light Chains);;Ликвор;до 9 р.д.;1 895,00
1538;;;Антитела к миелину IgG, метод непрямой иммунофлюоресценции (Anti-myelin antibody, IgG, IF);;Сыворотка крови;до 7 р.д.;1 615,00
1581СВ;;;Антитела к LGI1 и CASPR2 (компоненты комплекса калиевых каналов), IgG, сыворотка крови (VGKC-associated proteins LGI1 and CASPR2 antibodies, serum);;Сыворотка крови;до 9 р.д.;6 595,00
1581СМЖ;;;Антитела к LGI1 и CASPR2 (компоненты комплекса калиевых каналов), IgG, ликвор (VGKC-associated proteins LGI1 and CASPR2 antibodies, CSF);;Ликвор;до 9 р.д.;6 595,00
1582СВ;;;Антитела к рецепторам нейронов типов NMDA,CASPR, LGI, AMPA1, AMPA2, GABAR1 класса IgG, раздельно, определение в сыворотке;;Сыворотка крови;до 9 р.д.;14 565,00
1582;;;Антитела к рецепторам нейронов типов NMDA,CASPR, LGI, AMPA1, AMPA2, GABAR1 класса IgG, раздельно, определение в ликворе;;Ликвор;до 9 р.д.;14 710,00
1584AN;;;Антинейрональные антитела, IgG, метод непрямой иммунофлуоресценции (Neuronal antibodies, IgG, Indirect immunofluorescence (IIF));;Сыворотка крови;до 9 р.д.;3 545,00
1585MUSK;;;Антитела к мышечно-специфической тирозинкиназе (анти-MuSK) в сыворотке крови, (Muscle-specific tyrosine kinase (MuSK) antibody);;Сыворотка крови;до 9 р.д.;5 865,00
1537;;;Комплексное исследование для использования в диагностике рассеянного склероза: определение олигоклонального IgG (ликвор, сыворотка) и свободных легких цепей иммуноглобулинов (ликвор);;"Cыворотка+СМЖ; Ликвор; Сыворотка крови";до 9 р.д.;6 170,00
1257;;;Исследование концентрации фактор роста эндотелия сосудов (VEGF);;Сыворотка крови;до 7 р.д.;2 590,00
1343;;;Антитела к миелин-ассоциированному гликопротеину (MAG);;Сыворотка крови;до 7 р.д.;4 590,00
1554;;;Антитела к GM1 ганглиозиду классов IgG и IgM;;Сыворотка крови;до 7 р.д.;3 490,00
14.12. Аутоиммунные заболевания легких и сердца;;;;;;;
;;;;;;;
815;;;Антитела класса IgG к сердечной мускулатуре (миокарду), антимиокардиальные антитела (Anti-Heart Antibodies, IgG);;Сыворотка крови;до 10 р.д.;1 440,00
844;;;Активность ангиотензин-превращающего фермента (АПФ) сыворотки крови (Angiotensin Converting Enzyme, ACE, Serum);;Сыворотка крови;до 4 р.д.;2 580,00
923;;;Неоптерин (НП) в сыворотке крови (Neopterin, Serum);;Сыворотка крови;до 9 р.д.;1 815,00
4068;;;Воспалительные миокардиопатии (АТ к митохондриям (АМА), АТ к сердечной мускулатуре);;Сыворотка крови;до 12 р.д.;2 900,00
14.13. Иммунные тромбоцитопении;;;;;;;
;;;;;;;
973;;;Антитела класса к IgG тромбоцитам, непрямой тест (Platelet Аntibodies IgG, Indirect);;Сыворотка крови;до 12 р.д.;3 785,00
15. АЛЛЕРГОЛОГИЧЕСКИЕ ИССЛЕДОВАНИЯ;;;;;;;
По панели  - результат по каждому аллергену  отдельно. По смеси аллергенов -  результат общий.;;;;;;;
15.1. Аллергологические исследования, технология ImmunoCAP;;;;;;;
;;;;;;;
6830M6;;;Плесень Alternaria alternata (m6) IgE, ImmunoCAP;;Сыворотка крови;до 5 к.д.;1 090,00
6846M229;;;Alternaria alternata, rAlt a 1 (m229) IgE, ImmunoCAP;;Сыворотка крови;до 5 к.д.;2 500,00
6831M3;;;Плесень Aspergillus fumigatus (m3) IgE, ImmunoCAP;;Сыворотка крови;до 5 к.д.;990,00
6833M5;;;Candida albicans (m5) IgE, ImmunoCAP;;Сыворотка крови;до 5 к.д.;860,00
6834M2;;;Cladosporium herbarum (m2) IgE, ImmunoCAP;;Сыворотка крови;до 5 к.д.;860,00
6863M227;;;Malassezia spp. (m227) IgE, ImmunoCAP;;Сыворотка крови;до 5 к.д.;1 290,00
6832M1;;;Penicillium notatum (P.chrysogenum) (m1) IgE, ImmunoCAP;;Сыворотка крови;до 5 к.д.;860,00
6801PI;;;Phadiatop Infant ImmunoCAP, IgE;;Сыворотка крови;до 5 к.д.;2 880,00
66632;;;Абрикос (f237), IgE, ImmunoCAP (Apricot, Prunus armeniaca, IgE, ImmunoCAP);;Сыворотка крови;до 5 к.д.;1 290,00
66605;;;Авокадо (f96), IgE, ImmunoCAP (Avocado, Persea americana, IgE, ImmunoCAP);;Сыворотка крови;до 5 к.д.;1 290,00
6806F76;;;Альфа-лактальбумин (nBos d4) (f76) IgE, ImmunoCAP;;Сыворотка крови;до 5 к.д.;2 500,00
6814W230;;;Амброзия высокая, полынолистная, nAmb a1 (w230) IgE, ImmunoCAP;;Сыворотка крови;до 5 к.д.;2 500,00
6903F210;;;Ананас (f210) IgE, ImmunoCAP;;Сыворотка крови;до 5 к.д.;860,00
6882F33;;;Апельсин (f33) IgE, ImmunoCAP;;Сыворотка крови;до 5 к.д.;860,00
6872F13;;;Арахис (f13) IgE, ImmunoCAP;;Сыворотка крови;до 5 к.д.;890,00
66606;;;Арбуз (f329), IgE, ImmunoCAP (Watermelon, Citrullus lanatus, IgE, ImmunoCAP);;Сыворотка крови;до 5 к.д.;1 290,00
66638;;;Баклажан (f262), IgE, ImmunoCAP (Eggplant, Solanum melongena, IgE, ImmunoCAP);;Сыворотка крови;до 9 р.д.;1 290,00
6877F92;;;Банан (f92) IgE, ImmunoCAP;;Сыворотка крови;до 5 к.д.;860,00
6901F88;;;Баранина (f88) IgE, ImmunoCAP;;Сыворотка крови;до 5 к.д.;1 290,00
6809T3;;;Береза (t3) IgE, ImmunoCAP;;Сыворотка крови;до 5 к.д.;690,00
6810T215;;;Береза бородавчатая, rBet v1/PR-10 белок (t215) IgE, ImmunoCAP;;Сыворотка крови;до 5 к.д.;2 500,00
6811T221;;;Береза бородавчатая, rBet v2, rBet v4 (t221) IgE, ImmunoCAP;;Сыворотка крови;до 5 к.д.;1 790,00
6808F77;;;Бета-лактоглобулин, (nBos d5) (f77) IgE,  ImmunoCAP;;Сыворотка крови;до 5 к.д.;2 500,00
66639;;;Брокколи (f260), IgE, ImmunoCAP (Broccoli, Brassica oleracea (f260), IgE, ImmunoCAP);;Сыворотка крови;до 9 р.д.;1 290,00
66633;;;Вишня (f242), IgE, ImmunoCAP (Cherry, Prunus avium, IgE, ImmunoCAP);;Сыворотка крови;до 5 к.д.;860,00
6878F27;;;Говядина (f27) IgE, ImmunoCAP;;Сыворотка крови;до 5 к.д.;860,00
66630;;;Горох (f12), IgE, ImmunoCAP (Pea, Pisum sativum, IgE, ImmunoCAP);;Сыворотка крови;до 5 к.д.;1 290,00
6900F209;;;Грейпфрут (f209) IgE, ImmunoCAP;;Сыворотка крови;до 5 к.д.;1 290,00
6886F11;;;Гречиха (f11), IgE, ImmunoCAP;;Сыворотка крови;до 5 к.д.;990,00
66643;;;Грибы (шампиньоны) (f212), IgE, ImmunoCAP (Mushrooms, Agaricus hortensis, IgE, ImmunoCAP);;Сыворотка крови;до 9 р.д.;860,00
66634;;;Груша (f94), IgE, ImmunoCAP (Pear, Pyrus communis, IgE, ImmunoCAP);;Сыворотка крови;до 5 к.д.;990,00
6819H1;;;Домашняя пыль (Greer Labs.) (h1) IgE, ImmunoCAP;;Сыворотка крови;до 5 к.д.;860,00
6825H2;;;Домашняя пыль (Hollister –Stier) (h2) IgE, ImmunoCAP;;Сыворотка крови;до 5 к.д.;860,00
6879F45;;;Дрожжи пекарские (Saccharomyces cerevisiae) (f45) IgE, ImmunoCAP;;Сыворотка крови;до 5 к.д.;860,00
6890F44;;;Земляника, Клубника (f44) IgE, ImmunoCAP;;Сыворотка крови;до 5 к.д.;860,00
6807F78;;;Казеин, молоко (nBos d8) (f78) IgE,  ImmunoCAP;;Сыворотка крови;до 5 к.д.;2 500,00
6870F93;;;Какао (f93) IgE, ImmunoCAP;;Сыворотка крови;до 5 к.д.;860,00
6895F216;;;Капуста белокочанная (f216) IgE, ImmunoCAP;;Сыворотка крови;до 9 р.д.;1 290,00
6887F35;;;Картофель (f35) IgE, ImmunoCAP;;Сыворотка крови;до 5 к.д.;860,00
6898F84;;;Киви (f84) IgE, ImmunoCAP;;Сыворотка крови;до 5 к.д.;860,00
6818D2;;;Клещ домашней пыли / D. farina (d2) IgE, ImmunoCAP;;Сыворотка крови;до 5 к.д.;860,00
6817D1;;;Клещ домашней пыли / D. pterоnyssinus (d1) IgE, ImmunoCAP;;Сыворотка крови;до 5 к.д.;890,00
6908I71;;;Комар (i71) IgE, ImmunoCAP;;Сыворотка крови;до 5 к.д.;990,00
66627;;;Кофе (f221), IgE, ImmunoCAP (Coffee, Coffea spp., IgE, ImmunoCAP);;Сыворотка крови;до 5 к.д.;860,00
6841Е94;;;Кошка, rFel d1 (e94) IgE, ImmunoCAP;;Сыворотка крови;до 5 к.д.;1 790,00
6804E1;;;Кошка, перхоть (e1) IgE, ImmunoCAP;;Сыворотка крови;до 5 к.д.;890,00
6902F23;;;Краб (f23) IgE, ImmunoCAP;;Сыворотка крови;до 5 к.д.;1 290,00
6894F24;;;Креветка (f24) IgE, ImmunoCAP;;Сыворотка крови;до 5 к.д.;890,00
6861Е85;;;Курица, перо (e85) IgE, ImmunoCAP;;Сыворотка крови;до 5 к.д.;860,00
6917K82;;;Латекc (k82) IgE, ImmunoCAP;;Сыворотка крови;до 5 к.д.;860,00
6889F208;;;Лимон (f208) IgE, ImmunoCAP;;Сыворотка крови;до 5 к.д.;860,00
66607;;;Лошадь, перхоть (e3) IgE, ImmunoCAP;;Сыворотка крови;до 5 к.д.;1 290,00
66640;;;Лук (f48), IgE, ImmunoCAP (Onion, Allium cepa, IgE, ImmunoCAP);;Сыворотка крови;до 9 р.д.;1 290,00
66635;;;Малина (f343), IgE, ImmunoCAP (Raspberry, Rubus idaeus, IgE, ImmunoCAP);;Сыворотка крови;до 5 к.д.;860,00
66636;;;Мандарин (f302) IgE, ImmunoCAP;;Сыворотка крови;до 5 к.д.;860,00
66631;;;Миндаль (f20) IgE, ImmunoCAP;;Сыворотка крови;до 5 к.д.;860,00
66618;;;Молоко козье (f300) IgE, ImmunoCAP;;Сыворотка крови;до 5 к.д.;860,00
6805F2;;;Молоко коровье (f2) IgE, ImmunoCAP;;Сыворотка крови;до 5 к.д.;860,00
6891F31;;;Морковь (f31) IgE, ImmunoCAP;;Сыворотка крови;до 5 к.д.;860,00
6862Е6;;;Морская свинка, эпителий (e6) IgE,  ImmunoCAP;;Сыворотка крови;до 5 к.д.;1 290,00
6873F83;;;Мясо курицы (f83) IgE, ImmunoCAP;;Сыворотка крови;до 5 к.д.;860,00
6848F232;;;Овальбумин, альбумин яичный, nGal d2 (f232) IgE, ImmunoCAP;;Сыворотка крови;до 5 к.д.;1 490,00
6884F7;;;Овес (f7) IgE, ImmunoCAP;;Сыворотка крови;до 5 к.д.;860,00
6849F233;;;Овомукоид, nGal d1 (f233) IgE, ImmunoCAP;;Сыворотка крови;до 5 к.д.;2 500,00
66603;;;Овсяница луговая (g4) IgE, ImmunoCAP;;Сыворотка крови;до 5 к.д.;860,00
66604;;;Огурец (f244) IgE, ImmunoCAP;;Сыворотка крови;до 5 к.д.;860,00
66646;;;Одуванчик обыкновенный (w8) IgE, ImmunoCAP;;Сыворотка крови;до 5 к.д.;860,00
6911C1;;;Пенициллин G (c1) IgE, ImmunoCAP;;Сыворотка крови;до 5 к.д.;990,00
6912C2;;;Пенициллин V (c2) IgE, ImmunoCAP;;Сыворотка крови;до 5 к.д.;1 290,00
6876F95;;;Персик (f95) IgE, ImmunoCAP;;Сыворотка крови;до 5 к.д.;1 290,00
66647;;;Подсолнечник (w204) IgE, ImmunoCAP;;Сыворотка крови;до 5 к.д.;1 290,00
6874W6;;;Полынь обыкновенная (w6) IgE, ImmunoCAP;;Сыворотка крови;до 5 к.д.;790,00
6815W231;;;Полынь обыкновенная, nArtv1 (w231) IgE, ImmunoCAP;;Сыворотка крови;до 5 к.д.;1 790,00
6816W233;;;Полынь обыкновенная, nArtv3 (w233) IgE, ImmunoCAP;;Сыворотка крови;до 5 к.д.;2 500,00
6881F25;;;Помидор (f25) IgE, ImmunoCAP;;Сыворотка крови;до 5 к.д.;860,00
6824Е213;;;Попугай, перо (e213) IgE,  ImmunoCAP;;Сыворотка крови;до 5 р.д.;990,00
6904F55;;;Просо посевное (пшено) (f55) IgE, ImmunoCAP;;Сыворотка крови;до 5 к.д.;1 290,00
6869F4;;;Пшеница (f4) IgE, ImmunoCAP;;Сыворотка крови;до 5 к.д.;890,00
6892F9;;;Рис (f9) IgE, ImmunoCAP;;Сыворотка крови;до 5 к.д.;860,00
66601;;;Рожь (f5) IgE, ImmunoCAP;;Сыворотка крови;до 5 к.д.;1 290,00
66648;;;Ромашка (w206) IgE, ImmunoCAP;;Сыворотка крови;до 5 к.д.;1 290,00
6893F26;;;Свинина (f26) IgE, ImmunoCAP;;Сыворотка крови;до 5 к.д.;860,00
6885F85;;;Сельдерей (f85) IgE, ImmunoCAP;;Сыворотка крови;до 5 к.д.;1 290,00
6820HS;;;Смесь аллергенов домашней пыли (Hollister-Stier) (hx2) IgE, ImmunoCAP;;Сыворотка крови;до 5 к.д.;1 390,00
6822MX2;;;Смесь аллергенов плесени (mx2) IgE, ImmunoCAP;;Сыворотка крови;до 5 к.д.;1 390,00
6821TX9;;;Смесь аллергенов пыльцы деревьев (tx9) IgE, ImmunoCAP;;"Сыворотка крови; Сыворотка крови";до 5 к.д.;1 090,00
6838WX1;;;Смесь аллергенов пыльцы сорных трав (wx1) IgE, ImmunoCAP;;Сыворотка крови;до 5 к.д.;1 390,00
6914FX5;;;Смесь детских пищевых  аллергенов (fx5) IgE, ImmunoCAP;;Сыворотка крови;до 5 к.д.;1 390,00
6883CF;;;Смесь пищевых аллергенов (fx15) IgE, ImmunoCAP;;Сыворотка крови;до 5 к.д.;1 390,00
6897FX21;;;Смесь пищевых аллергенов (fx21) IgE, ImmunoCAP;;Сыворотка крови;до 9 р.д.;1 590,00
6868GX1;;;Смесь пыльцы раннецветущих луговых трав (gx1) IgE, ImmunoCAP;;Сыворотка крови;до 5 к.д.;1 190,00
66651;;;Смородина красная (f322) IgE, ImmunoCAP;;Сыворотка крови;до 5 р.д.;1 290,00
6843Е101;;;Собака, rCan f 1 (e101) IgE, ImmunoCAP;;Сыворотка крови;до 5 к.д.;2 500,00
6803E5;;;Собака, перхоть (e5) IgE, ImmunoCAP;;Сыворотка крови;до 5 к.д.;890,00
6871F14;;;Соевые бобы (f14) IgE, ImmunoCAP;;Сыворотка крови;до 5 к.д.;890,00
6909I6;;;Таракан рыжий (прусак) (i6)  IgE, ImmunoCAP;;Сыворотка крови;до 9 р.д.;1 290,00
6835G6;;;Тимофеевка луговая (g6) IgE, ImmunoCAP;;Сыворотка крови;до 5 к.д.;990,00
6812G213;;;Тимофеевка луговая, rPhl p1, rPhl p5 (g213) IgE, ImmunoCAP;;Сыворотка крови;до 5 к.д.;1 990,00
6813G214;;;Тимофеевка луговая, rPhl p7, rPhl p12 (g214) IgE, ImmunoCAP;;Сыворотка крови;до 5 к.д.;1 990,00
6880F3;;;Треска атлантическая (f3) IgE, ImmunoCAP;;Сыворотка крови;до 5 к.д.;890,00
6829TP;;;Триптаза, ImmunoCAP;;Сыворотка крови;до 6 р.д.;2 600,00
6888F225;;;Тыква (f225) IgE, ImmunoCAP;;Сыворотка крови;до 5 к.д.;860,00
6915K80;;;Формальдегид / формалин (k80) IgE, ImmunoCAP;;Сыворотка крови;до 9 р.д.;1 290,00
6896F17;;;Фундук (f17) IgE, ImmunoCAP;;Сыворотка крови;до 5 к.д.;860,00
6916C8;;;Хлоргексидин (c8) IgE, ImmunoCAP;;Сыворотка крови;до 6 р.д.;1 290,00
66628;;;Чай листовой (f222) IgE, ImmunoCAP;;Сыворотка крови;до 5 к.д.;860,00
66641;;;Чеснок (f47) IgE, ImmunoCAP;;;до 9 р.д.;1 290,00
6875F49;;;Яблоко (f49) IgE, ImmunoCAP;;Сыворотка крови;до 5 к.д.;860,00
6907I3;;;Яд осы обыкновенной (i3) IgE, ImmunoCAP;;Сыворотка крови;до 5 к.д.;1 290,00
6906I2;;;Яд осы пятнистой (i2) IgE, ImmunoCAP;;Сыворотка крови;до 5 к.д.;1 090,00
6905I1;;;Яд пчелы медоносной (i1) IgE, ImmunoCAP;;Сыворотка крови;до 5 к.д.;1 090,00
6836F1;;;Яичный белок (f1) IgE, ImmunoCAP;;Сыворотка крови;до 5 к.д.;1 090,00
6837F75;;;Яичный желток (f75) IgE, ImmunoCAP;;Сыворотка крови;до 5 к.д.;860,00
66629;;;Ячмень (f6) IgE, ImmunoCAP;;Сыворотка крови;до 5 к.д.;1 290,00
6802PH;;;Phadiatop ImmunoCAP, IgE;;Сыворотка крови;до 5 к.д.;3 395,00
6920W5;;;Полынь горькая (w5) IgE, ImmunoCAP;;Сыворотка крови;до 5 к.д.;860,00
6844Е102;;;Собака, rCan f 2 (e102) IgE, ImmunoCAP;;Сыворотка крови;до 5 к.д.;2 500,00
6851K208;;;Лизоцим яйца, nGal d4 (k208) IgE, ImmunoCAP;;Сыворотка крови;до 5 к.д.;2 500,00
6855F353;;;Соя, rGly m 4/PR-10 (f353) IgE, ImmunoCAP;;Сыворотка крови;до 5 к.д.;2 500,00
6847Е204;;;Бычий сывороточный альбумин, nBos d6 BSA (e204) IgE, ImmunoCAP;;Сыворотка крови;до 5 к.д.;2 500,00
6919E81;;;Овца, эпителий (e81) IgE, ImmunoCAP;;Сыворотка крови;до 5 к.д.;860,00
6005;;;Стафилококковый энтеротоксин А, IgE (Enterotoxin A (Staphylococcus aureus), IgE, m80);;Сыворотка крови;до 3 к.д.;860,00
6006;;;Стафилококковый энтеротоксин В, IgE (Enterotoxin B (Staphylococcus aureus), IgE, m81);;Сыворотка крови;до 3 к.д.;860,00
6922;;;Общий Ig E ImmunoCAP;;Сыворотка крови;до 5 к.д.;1 010,00
6823MX1;;;Смесь  аллергенов плесневых грибков (mx1) IgE, ImmunoCAP;;Сыворотка крови;до 5 к.д.;1 390,00
6931F245;;;Яйцо куриное (f245), IgE, ImmunoCAP (Whole egg (f245), IgE, ImmunoCAP);;Сыворотка крови;до 5 к.д.;1 090,00
6932F79;;;Глютен (f79), IgE, ImmunoCAP (Gluten (f79), IgE, ImmunoCAP);;Сыворотка крови;до 5 к.д.;1 090,00
6312EX1;;;Смесь аллергенов эпителия домашних животных, Ig E (mix ex1), IMMUNOCAP;;Сыворотка крови;до 5 к.д.;1 690,00
6839;;;Кошка (альбумин сыворотки), rFel d2 (e220) IgE, ImmunoCAP (Cat (serum albumin) rFel d2 (e220) IgE, ImmunoCAP);;Сыворотка крови;до 5 к.д.;1 990,00
6315;;;Смесь аллергенов пыльцы сорных трав, Ig E (mix wx2), ImmunoCAP (Allergen mix of weed pollen, IgE (mix wx2), ImmunoCAP);;Сыворотка крови;до 5 к.д.;1 990,00
6828IM;;;"Панель ""Экзема"" IgE, ImmunoCAP (Panel ""Eczema""IgE, ImmunoCAP)";;Сыворотка крови;до 5 к.д.;6 990,00
6850F323;;;Кональбумин яйца, nGal d3 (f323) IgE, ImmunoCAP;;Сыворотка крови;до 5 к.д.;2 590,00
6918FX73;;;Смесь аллергенов мяса (fx73) IgE, ImmunoCAP;;Сыворотка крови;до 9 р.д.;1 590,00
6865M81;;;Стафилококковый энтеротоксин B (m81) IgE,  ImmunoCAP;;Сыворотка крови;до 5 к.д.;1 290,00
6864M80;;;Стафилококковый энтеротоксин А (m80) IgE,  ImmunoCAP;;Сыворотка крови;до 5 к.д.;1 290,00
66652;;;Тропомиозин клещей домашней пыли, аллергокомпонент IgE (ImmunoCAP), d205 rDer p10 (Dust  mite tropomyosin, IgE allergen component (ImmunoCAP), d205 rDer p10);;Сыворотка крови;до 6 р.д.;3 490,00
66653;;;Аллергокомпонент d203 - Клещ домашней пыли rDer p 2, IgE  (ImmunoCAP) (Allergen component d203 - Dust mite rDer p 2, IgE (ImmunoCAP));;Сыворотка крови;до 5 к.д.;3 490,00
66654;;;Аллергокомпонент d202 - Клещ домашней пыли nDer p 1, IgE (ImmunoCAP) (Allergen component d202 - Dust mite nDer p 1, IgE (ImmunoCAP));;Сыворотка крови;до 5 к.д.;3 490,00
6857;;;Определение аллергии к эпителию, белкам сыворотки и мочи мыши (e88), IgE, ImmunoCap;;Сыворотка крови;до 5 к.д.;1 990,00
6827IM;;;"Панель ""Астма/ринит взрослые"" IgE, ImmunoCAP";;Сыворотка крови;до 5 к.д.;5 990,00
6572;;;Амброзия высокая, w1, IgE, ImmunoCAP (Common ragweed (Ambrosia artemisiifolia), IgE, ImmunoCAP);;Сыворотка крови;до 5 к.д.;1 290,00
6826IM;;;"Панель ""Астма/ринит дети"" IgE, ImmunoCAP";;Сыворотка крови;до 5 к.д.;7 490,00
6552;;;Определение аллергии к тополю трехрегранному t14, IgE, ImmunoCap;;Сыворотка крови;до 5 к.д.;1 290,00
6553;;;Определение аллергии к тимофеевке луговой rPhl p1 (g205), IgE, ImmunoCap;;Сыворотка крови;до 5 к.д.;1 990,00
6554;;;Определение аллергии к ржи посевной g12, IgE, ImmunoCap;;Сыворотка крови;до 5 к.д.;1 290,00
6555;;;Определение аллергии к лебеде (w15), IgE, ImmunoCap;;Сыворотка крови;до 5 к.д.;1 290,00
6556;;;Определение аллергии к аскариде (р1) IgE, ImmunoCAP;;Сыворотка крови;до 5 к.д.;1 290,00
6557;;;Определение аллергии к смеси пыльцы деревьев tx6, IgE, ImmunoCAP (Tree pollen (tx6), IgE, ImmunoCAP);;Сыворотка крови;до 5 к.д.;1 490,00
6558;;;Определение аллергии к смеси эпителия животных ex70, IgE, ImmunoCAP (Rodents (ex70), IgE, ImmunoCAP);;Сыворотка крови;до 5 к.д.;1 490,00
6560;;;Определение аллергии к смеси пыльцы трав wx7, IgE, ImmunoCap (Weed pollen (wx7), IgE, ImmunoCap);;Сыворотка крови;до 5 к.д.;1 490,00
6561;;;Определение аллергии к плесневым грибкам m228, IgE, ImmunoCAP (Aspergillus flavus (m228), IgE, ImmunoCAP);;Сыворотка крови;до 5 к.д.;1 490,00
6562;;;Определение аллергии к кипяченому молоку f231, IgE, ImmunoCAP;;Сыворотка крови;до 5 к.д.;1 490,00
6563;;;Определение аллергии к Амброзии обыкновенной (голомельчатая) w2, IgE, ImmunoCAP;;Сыворотка крови;до 5 к.д.;1 290,00
6564;;;Определение аллергии к еже сборной, g3, IgE, ImmunoCAP;;Сыворотка крови;до 5 к.д.;1 290,00
6565;;;Определение аллергии к березе бородавчатой, rBet v2 (t216), IgE, ImmunoCAP;;Сыворотка крови;до 5 к.д.;1 990,00
6566;;;Определение аллергии к эпителию хомяка е84, IgE, ImmunoCAP;;Сыворотка крови;до 5 к.д.;1 490,00
6567;;;Определение аллергии к клещу домашней пыли (d3), IgE, ImmunoCap (Dermatophagoides microceras (House dust mite) (d3), IgE, ImmunoCap);;Сыворотка крови;до 5 к.д.;1 290,00
6568;;;Определение аллергии к березе t220, rBet v4, IgE, ImmunoCap (Birch (t220), IgE, ImmunoCap);;Сыворотка крови;до 5 к.д.;1 990,00
6569;;;Определение аллергии к грецкому ореху (f256), IgE, ImmunoCap (Determination of allergy to Walnut (f256), IgE, ImmunoCap);;Сыворотка крови;до 5 к.д.;1 490,00
6570;;;Определение аллергии к смеси пыльцы злаковых трав gx4, IgE, ImmunoCAP (Grass pollen (gx4), IgE, ImmunoCAP);;Сыворотка крови;до 5 к.д.;1 490,00
6571;;;Определение аллергии к клещу домашней пыли d74, IgE, ImmunoCAP (Euroglyphus maynei (House dust mite) (d74), IgE, ImmunoCAP);;Сыворотка крови;до 5 к.д.;1 490,00
6573;;;Определение аллергии к плевелу (g5), IgE, ImmunoCap (Rye grass (g5), IgE, ImmunoCap);;Сыворотка крови;до 5 к.д.;1 290,00
6574;;;Определение аллергии к плесневым грибам Aspergillus niger (m207), IgE, ImmunoCap (Aspergillus niger (m207), IgE, ImmunoCap);;Сыворотка крови;до 5 к.д.;1 990,00
6575;;;Определение аллергии к фисташкам (f203), IgE, ImmunoCap (Pistachio (f203) , IgE, ImmunoCap);;Сыворотка крови;до 5 к.д.;1 990,00
6576;;;Определение аллергии к чечевице (f235), IgE, ImmunoCap (Lentil (f235), IgE, ImmunoCap);;Сыворотка крови;до 5 к.д.;1 490,00
6577;;;Определение аллергии к свинорою пальчатому (g2), IgE, ImmunoCap (Bermuda grass (g2), IgE, ImmunoCap);;Сыворотка крови;до 5 к.д.;1 290,00
6583;;;Определение аллергии к поташнику (w11), IgE, ImmunoCap;;Сыворотка крови;до 5 к.д.;1 290,00
6584;;;Определение аллергии к акации (t19), IgE, ImmunoCap;;Сыворотка крови;до 5 к.д.;1 290,00
6585;;;Определение аллергии к инсулину человеческому (c73), IgE, ImmunoCap;;Сыворотка крови;до 5 к.д.;1 490,00
6586;;;Определение аллергии к бразильскому ореху (f18), IgE, ImmunoCap;;Сыворотка крови;до 5 к.д.;1 290,00
6587;;;Определение аллергии к подорожнику ланцетовидному (w9), IgE, ImmunoCap;;Сыворотка крови;до 5 к.д.;1 290,00
6578;;;Определение аллергии к нуту бараньему (f309), IgE, ImmunoCap;;Сыворотка крови;до 5 к.д.;1 490,00
6580;;;Определение аллергии к перхоти коровы (e4), IgE, ImmunoCap;;Сыворотка крови;до 5 к.д.;1 290,00
6581;;;Определение аллергии к семени подсолнечника (k84), IgE, ImmunoCap;;Сыворотка крови;до 5 к.д.;1 290,00
6582;;;Определение аллергии к ореху кешью (f202), IgE, ImmunoCap;;Сыворотка крови;до 5 к.д.;1 290,00
6588;;;Определение аллергии к кукурузе (f8), IgE, ImmunoCap;;Сыворотка крови;до 5 к.д.;1 290,00
6589;;;Определение аллергии к анизакиде (p4), IgE, ImmunoCap;;Сыворотка крови;до 5 к.д.;1 290,00
6591;;;Определение аллергии к винограду (f259), IgE, ImmunoCap;;Сыворотка крови;до 5 к.д.;1 290,00
6592;;;Определение аллергии к клену ясенелистному (t1), IgE, ImmunoCap;;Сыворотка крови;до 5 к.д.;1 290,00
6593;;;Определение аллергии к смеси бобовых и овощей (fx13), IgE, ImmunoCap;;Сыворотка крови;до 5 к.д.;1 290,00
6400;;;Определение аллергии к лисохвосту луговому (g16), IgE, ImmunoCap;;Сыворотка крови;до 5 к.д.;1 290,00
6401;;;Определение аллергии к кукурузе (g202), IgE, ImmunoCap;;Сыворотка крови;до 5 р.д.;1 290,00
6402;;;Аллерген i8, Моль, IgE, ImmunoCap;;Сыворотка крови;до 5 к.д.;1 290,00
6403;;;Аллерген e201, Канарейка домашняя, IgE, ImmunoCap;;Сыворотка крови;до 5 к.д.;1 290,00
6404;;;Определение аллергии к мари белой (w10), IgE, ImmunoCap;;Сыворотка крови;до 5 к.д.;1 290,00
6405;;;Аллерген f214, Шпинат, IgE, ImmunoCap;;Сыворотка крови;до 5 к.д.;1 290,00
6406;;;Определение аллергии к хлопку (o1), IgE, ImmunoCap;;Сыворотка крови;до 5 к.д.;1 290,00
6407;;;Определение аллергии к хурме (f301), IgE, ImmunoCap;;Сыворотка крови;до 5 к.д.;1 290,00
6425;;;Аллерген t205, Бузина черная, IgE, ImmunoCap (Elder (t205), IgE, ImmunoCap);;Сыворотка крови;до 5 к.д.;1 290,00
6426;;;Определение аллергии к тимофеевке Phl p 5b (g215), IgE, ImmunoCap (Timothy grass Phl p 5b (g215), IgE, ImmunoCap);;Сыворотка крови;до 5 к.д.;2 490,00
6427;;;Определение аллергии к дыне (f87), IgE, ImmunoCap (Melon (f87), IgE, ImmunoCap);;Сыворотка крови;до 5 к.д.;1 290,00
6428;;;Определение аллергии к иве козьей (t12), IgE, ImmunoCap (Willow (t12), IgE, ImmunoCap);;Сыворотка крови;до 5 к.д.;1 290,00
6429;;;Аллерген c6, Амоксициллин, IgE, ImmunoCap (Amoxicillin (c6), IgE, ImmunoCap);;Сыворотка крови;до 5 к.д.;1 290,00
6597;;;Определение аллергии к смеси пыльцы злаковых трав (gx4), IgE, ImmunoCAP;;Сыворотка крови;до 5 р.д.;1 290,00
6596;;;Определение аллергии к клещу домашней пыли (d201), IgE, ImmunoCap;;Сыворотка крови;до 5 к.д.;1 290,00
6598;;;Определение аллергии к смеси рыбы (fx74), IgE, ImmunoCAP;;Сыворотка крови;до 5 к.д.;1 290,00
6599;;;Определение аллергии к региональной смеси (rx6), IgE, ImmunoCap;;Сыворотка крови;до 5 к.д.;1 290,00
6595;;;Определение аллергии к кипарису вечнозеленому (t23), IgE, ImmunoCap;;Сыворотка крови;до 5 к.д.;1 290,00
66659;;;Определение аллергии к постеннице (w19), IgE, ImmunoCap;;Сыворотка крови;до 5 к.д.;1 290,00
66656;;;Определение аллергии к перьям голубя (e215), IgE, ImmunoCap;;Сыворотка крови;до 5 к.д.;1 290,00
66657;;;Определение аллергии к финикам (f289), IgE, ImmunoCap;;Сыворотка крови;до 5 к.д.;1 290,00
66658;;;Определение аллергии к ширице колосистой (w14), IgE, ImmunoCap;;Сыворотка крови;до 5 к.д.;1 290,00
6424;;;Определение аллергии к гусю (перо) (e70), IgE, ImmunoCap (Goose feathers (e70), IgE, ImmunoCap);;Сыворотка крови;до 5 к.д.;1 290,00
6412;;;Определение аллергии к смеси перья птиц (ex72), IgE, ImmunoCap (Allergen ex72, Cagebirds, IgE, ImmunoCap);;Сыворотка крови;до 5 к.д.;1 290,00
6408;;;Определение аллергии к форели (f204), IgE, ImmunoCap (Trout, Rainbow trout (f204), IgE, ImmunoCap);;Сыворотка крови;до 5 к.д.;1 290,00
6423;;;Определение аллергии к красному перцу (паприка) (f218), IgE, ImmunoCap (Paprika/Sweet Pepper (f218), IgE, ImmunoCap);;Сыворотка крови;до 5 к.д.;1 290,00
6421;;;Определение аллергии к молочной сыворотке (f236), IgE, ImmunoCap (Cow's whey (f236), IgE, ImmunoCap);;Сыворотка крови;до 5 к.д.;1 290,00
6410;;;Определение аллергии к сливе (f255), IgE, ImmunoCap (Plum (f255), IgE, ImmunoCap);;Сыворотка крови;до 5 к.д.;1 290,00
6433;;;Определение аллергии к укропу (f277), IgE, ImmunoCap (Dill (f277), IgE, ImmunoCap);;Сыворотка крови;до 5 к.д.;1 290,00
6416;;;Определение аллергии к черному перцу (f280), IgE, ImmunoCap;;Сыворотка крови;до 5 к.д.;1 290,00
6413;;;Аллерген f81, Сыр Чеддер, IgE, ImmunoCap;;Сыворотка крови;до 5 к.д.;1 290,00
6418;;;Аллерген f82, Сыр с плесенью, IgE, ImmunoCap;;Сыворотка крови;до 5 к.д.;1 290,00
6417;;;Аллерген f86, Петрушка, IgE, ImmunoCap;;Сыворотка крови;до 5 к.д.;1 290,00
6411;;;Определение аллергии к смеси пищевые продукты (fx26), IgE, ImmunoCap (Allergen fx26, Food, IgE, ImmunoCap);;Сыворотка крови;до 5 к.д.;1 290,00
6415;;;Определение аллергии к овсу посевной (g14), IgE, ImmunoCap;;Сыворотка крови;до 5 к.д.;1 290,00
6419;;;Определение аллергии к смеси амброзия (wx209), IgE, ImmunoCAP (Weeds (wx209), IgE, ImmunoCAP);;Сыворотка крови;до 5 к.д.;1 290,00
6432;;;Аллерген f40, Тунец желтопёрый, IgE, ImmunoCap (Tuna/Yellow fin (f40), IgE, ImmunoCap);;Сыворотка крови;до 5 к.д.;1 290,00
6430;;;Определение аллергии к тимофеевке Phl p 7 (g210), IgE, ImmunoCap (Timothy grass Phl p 7 (g210), IgE, ImmunoCap);;Сыворотка крови;до 5 к.д.;1 290,00
6431;;;Определение аллергии к тимофеевке rPhl p12 (g212), IgE, ImmunoCap (Timothy grass rPhl p12 (g212), IgE, ImmunoCap);;Сыворотка крови;до 5 к.д.;1 290,00
6409;;;Определение аллергии к смеси плесень (mx4), IgE, ImmunoCap (Allergen mx4, Moulds, IgE, ImmunoCap);;Сыворотка крови;до 5 к.д.;1 290,00
6420;;;Определение аллергии к липе мелколистной (t208), IgE, ImmunoCap (Linden (t208), IgE, ImmunoCap);;Сыворотка крови;до 5 к.д.;1 290,00
6673;;;Пыльца сорных трав, микст (wx5), IgE, ImmunoCap;;Сыворотка крови;до 5 к.д.;1 290,00
6674;;;Маслины, черные, свежие (f342), IgE, ImmunoCAP;;Сыворотка крови;до 5 к.д.;1 290,00
6675;;;Смесь аллергенов злаковых трав (gx2), IgE, ImmunoCAP;;Сыворотка крови;до 5 к.д.;1 290,00
6676;;;Пшеница посевная (g15), IgE, ImmunoCap;;Сыворотка крови;до 5 к.д.;1 290,00
6677;;;Сельдь (f205), IgE, ImmunoCAP;;Сыворотка крови;до 5 к.д.;1 290,00
6678;;;Плесневые грибы (m4), IgE, ImmunoCAP;;Сыворотка крови;до 5 к.д.;1 290,00
6679;;;Сосна Веймутова (t16), IgE, ImmunoCAP;;Сыворотка крови;до 5 к.д.;1 290,00
6680;;;Слепень (i204), IgE, ImmunoCAP;;Сыворотка крови;до 5 к.д.;1 290,00
6681;;;Микозы растений (m9), IgE, ImmunoCAP;;Сыворотка крови;до 5 к.д.;1 290,00
6682;;;Крыса, эпителий, белки сыворотки и мочи (e87), IgE, ImmunoCAP;;Сыворотка крови;до 5 к.д.;1 290,00
6921F9;;;Манго (f91) IgE, ImmunoCAP;;Сыворотка крови;до 5 к.д.;1 290,00
6435;;;Палтус белокорый (f303), IgE, ImmunoCAP;;Сыворотка крови;до 5 к.д.;1 890,00
6437;;;Рак речной (f320), IgE, ImmunoCAP;;Сыворотка крови;до 5 к.д.;1 690,00
6438;;;Тмин (f265), IgE, ImmunoCAP;;Сыворотка крови;до 5 к.д.;1 690,00
6439;;;Свекла (f319), IgE, ImmunoCAP (Beetroot (f319), Ig;;Сыворотка крови;до 5 к.д.;1 690,00
6445;;;Кедровый орех (f253), IgE, ImmunoCap (Pine nut, pignoles (f253), IgE, ImmunoCAP);;Сыворотка крови;до 5 к.д.;1 690,00
6446;;;Эстрагон (тархун) (f272), IgE, ImmunoCAP (Tarragon (f272), IgE, ImmunoCAP);;Сыворотка крови;до 5 к.д.;1 690,00
6447;;;Кокос (f36), IgE, ImmunoCAP (Coconut (f36), IgE, ImmunoCAP);;Сыворотка крови;до 5 к.д.;1 290,00
6448;;;Базилик (f269), IgE, ImmunoCap (Basil (f269), IgE, ImmunoCAP);;Сыворотка крови;до 5 к.д.;1 590,00
6590;;;Смесь аллергенов животных (ex2), IgE, ImmunoCAP (Animal proteins (ex2), IgE, ImmunoCAP);;Сыворотка крови;до 5 к.д.;1 390,00
6594;;;Смесь аллергенов сорных трав (wx3), IgE, ImmunoCAP (Weed pollen (wx3), IgE, ImmunoCAP);;Сыворотка крови;до 5 к.д.;1 490,00
6856F422;;;Арахис, rAra h 1 (f422) IgE, ImmunoCAP;;Сыворотка крови;до 6 р.д.;2 590,00
6857F423;;;Арахис, rAra h 2 (f423) IgE, ImmunoCAP;;Сыворотка крови;до 5 р.д.;2 590,00
6858F424;;;Арахис, rAra h 3 (f424) IgE, ImmunoCAP;;Сыворотка крови;до 5 р.д.;2 590,00
6860F427;;;Арахис, rAra h 9 LTP (f427) IgE, ImmunoCAP;;Сыворотка крови;до 5 р.д.;2 590,00
6859F352;;;Арахис, rAra h 8/PR-10 белок (f352) IgE, ImmunoCAP;;Сыворотка крови;до 5 р.д.;2 590,00
6323;;;Овощи, микст fx14 (f25 Помидор f214 Шпинат f216 Капуста белокочанная f218 Паприка, сладкий перец) IgE, ImmunoCAP;;Сыворотка крови;до 5 к.д.;1 590,00
6773T2;;;Ольха серая t2, IgE (ImmunoCAP);;Сыворотка крови;до 5 к.д.;1 290,00
6774EX71;;;Перо домашней птицы, ex71 IgE (ImmunoCAP), (микст перья птиц: гуся, курицы, утки, индейки) (Poultry feather, ex71, IgE, ImmunoCAP);;Сыворотка крови;до 5 к.д.;1 590,00
6775TX5;;;Пыльца деревьев, микст tx5 IgE, ImmunoCAP (t2 Ольха серая, t4 Лещина обыкновенная (орешник), t8 Вяз, t12 Ива белая, t14 Тополь) (Tree pollen, mixed tx5 IgE, ImmunoCAP);;Сыворотка крови;до 5 к.д.;1 590,00
6777T4;;;Лещина обыкновенная (орешник) t4 IgE (ImmunoCAP) (Corylus avellana t4, IgE, ImmunoCAP);;Сыворотка крови;до 5 к.д.;1 290,00
6845Е221;;;Собака, сывороточный альбумин, nCan f3 (e221) IgE, ImmunoCAP;;Сыворотка крови;до 5 к.д.;1 690,00
6929;;;Смесь аллергенов орехов (fx1) IgE, ImmunoCAP (Mix nut allergens (fx1), IgE, ImmunoCAP);;Сыворотка крови;до 5 к.д.;1 590,00
6950;;;Лосось (f41), IgE, ImmunoCAP;;Сыворотка крови;до 5 к.д.;1 290,00
6449;;;Полевица побегоносная (g9), IgE, ImmunoCap;;Сыворотка крови;до 5 к.д.;1 290,00
6450;;;Костер полевой (g11), IgE, ImmunoCap;;Сыворотка крови;до 5 к.д.;1 290,00
6451;;;Камбала морская (f254), IgE, ImmunoCap;;Сыворотка крови;до 5 к.д.;1 290,00
6452;;;Тимьян (чабрец) (f273), IgE, ImmunoCap;;Сыворотка крови;до 5 к.д.;1 290,00
6453;;;Кориандр (f317), IgE, ImmunoCap;;Сыворотка крови;до 5 к.д.;1 290,00
6454;;;Мята перечная (f332), IgE, ImmunoCap;;Сыворотка крови;до 5 к.д.;1 290,00
6455;;;Лавровый лист (f278), IgE, ImmunoCap;;Сыворотка крови;до 5 к.д.;1 290,00
6456;;;Анис (f271), IgE, ImmunoCap;;Сыворотка крови;до 5 к.д.;1 290,00
6457;;;Сардина дальневосточная (сельдь иваси) (f61), IgE, ImmunoCap (Sardine (f61), IgE, ImmunoCap);;Сыворотка крови;до 5 к.д.;1 290,00
6458;;;Ставрида (f60), IgE, ImmunoCap (Jack mackerel/Scad (f60), IgE, ImmunoCap);;Сыворотка крови;до 5 к.д.;1 290,00
6459;;;Имбирь (f270), IgE, ImmunoCap (Ginger (f270), IgE, ImmunoCap);;Сыворотка крови;до 5 к.д.;1 290,00
6460;;;Скумбрия атлантическая (f206), IgE, ImmunoCap (Mackerel (f206), IgE, ImmunoCap);;Сыворотка крови;до 5 к.д.;1 290,00
6461;;;Перец зелёный (f263), IgE, ImmunoCap (Green pepper (f263), IgE, ImmunoCap);;Сыворотка крови;до 5 к.д.;1 290,00
6462;;;Крапива двудомная (w20), IgE, ImmunoCap;;Сыворотка крови;до 5 к.д.;1 290,00
6463;;;Постенница (w21), IgE, ImmunoCap;;Сыворотка крови;до 5 к.д.;1 290,00
6464;;;Золотарник (золотая розга) (w12), IgE, ImmunoCap;;Сыворотка крови;до 5 к.д.;1 290,00
6465;;;Майоран (f274), IgE, ImmunoCap;;Сыворотка крови;до 5 к.д.;1 290,00
6466;;;Гвоздика (f268), IgE, ImmunoCap;;Сыворотка крови;до 5 к.д.;1 290,00
6793;;;Кролик (эпителий) (e82), IgE, ImmunoCAP;;Сыворотка крови;до 5 к.д.;1 290,00
6924;;;"Смесь пыльцы деревьев (tx6) (клен ясенелистный, t1; береза, t3; дуб белый, t7; бук, t5; грецкий орех, t10) IgE, ImmunoCAP";;Сыворотка крови;до 5 к.д.;1 690,00
6910I75;;;Яд шершня (i75) IgE, ImmunoCAP;;Сыворотка крови;до 6 р.д.;1 290,00
6866M226;;;Стафилококковый энтеротоксин TSST (m226) IgE,  ImmunoCAP;;Сыворотка крови;до 5 к.д.;1 290,00
6942;;;Желатин коровий (c74), IgE, ImmunoCAP;;Сыворотка крови;до 6 р.д.;1 290,00
15.2. Иммуноглобулин Е общий;;;;;;;
;;;;;;;
67;;;Иммуноглобулины класса E (общий IgE, иммуноглобулин Е общий) (Immunoglobulin Е Total, IgE Total);;Сыворотка крови;1 к.д.;575,00
15.3. Определение специфических IgE: комплексные аллергопанели;;;;;;;
;;;;;;;
665;;;Смешанная панель Immulite (20 аллергенов: 13 респираторных, 7 пищевых) (Food and Respiratory Panel), IgE;;Сыворотка крови;до 6 р.д.;9 890,00
6706;;;Малая респираторная панель Immulite (10 респираторных аллергенов) (Small Respiratory Panel), IgE;;Сыворотка крови;до 6 р.д.;4 800,00
6707;;;Малая смешанная панель Immulite  (10 аллергенов: 7 пищевых, 3 респираторных), IgE;;Сыворотка крови;до 6 р.д.;4 700,00
670;;;Педиатрическая панель Immulite (20 аллергенов: 13 пищевых и 7 респираторных ) (Pediatric Panel), IgE;;Сыворотка крови;до 6 р.д.;10 390,00
666;;;Респираторная панель Immulite (20 респираторных аллергенов) (Respiratory Panel), IgE;;Сыворотка крови;до 6 р.д.;10 290,00
6010;;;Респираторная панель PROTIA Allerqy-Q (аллергия у детей и взрослых, 59 респираторных и пищевых аллергенов) (Respiratory PROTIA Allergy-Q), IgE;;Сыворотка крови;до 5 р.д.;5 660,00
6011;;;Атопическая панель PROTIA Allerqy-Q  - (аллергия у детей и взрослых, 43 аллергена: 25 пищевых и 18 респираторных) (Food and Respiratory PROTIA Allegry-Q), IgE;;Сыворотка крови;до 5 р.д.;4 650,00
6260;;;Мультипанель PROTIA Allerqy-Q  (аллергия у детей и взрослых, 90 аллергенов: пищевые, респираторные, инсектные и другие) (Multipanel PROTIA Allerqy-Q), IgE;;Сыворотка крови;до 5 р.д.;9 990,00
6310;;;Пищевая панель PROTIA Allerqy-Q (аллергия у детей и взрослых, 59 пищевых и респираторных аллергенов) (Food panel PROTIA Allergy-Q), IgE;;Сыворотка крови;до 5 р.д.;6 890,00
1881-К;;;Аллергочип ALEX2 (Allergy Explorer 2), до 300 аллерготестов;;Сыворотка крови;до 5 к.д.;21 900,00
15.4. Определение специфических IgE: пищевые аллергены;;;;;;;
;;;;;;;
669;;;Пищевая панель Immulite (20 пищевых аллергенов) (Food Panel), IgE;;Сыворотка крови;до 6 р.д.;11 990,00
669П1;;;Малая пищевая панель Immulite №1 (10 пищевых аллергенов) (Small Food Panel) , IgE;;Сыворотка крови;до 6 р.д.;5 000,00
669П2;;;Малая пищевая панель Immulite №2 (10 пищевых аллергенов) (Small Food Panel), IgE;;Сыворотка крови;до 6 р.д.;6 600,00
637;;;Смесь пищевых аллергенов 1: апельсин, банан, яблоко, персик, IgE (FP15 (F33, F49, F92, F95), Food Panel: Orange, Banana, Apple, Peach, IgE)*;;Сыворотка крови;до 4 р.д.;1 255,00
638;;;Смесь пищевых аллергенов 2: киви, манго, банан, ананас, IgE (FP50 (F84, F91, F92, F210), Food Panel: Kiwi Fruit, Mango, Banana, Pineapple, IgE)*;;Сыворотка крови;до 4 р.д.;1 255,00
639;;;Смесь пищевых аллергенов 3: свинина, куриное мясо, говядина, баранина, IgE (FP73 (F26, F27, F83, F88), Food Panel: Pork, Beef, Chicken Meat, Lamb, IgE)*;;Сыворотка крови;до 4 р.д.;1 255,00
677;;;Ананас, IgE (Pineapple, IgE, F210);;Сыворотка крови;до 4 р.д.;565,00
998;;;Апельсин, IgE (Orange, IgE, F33);;Сыворотка крови;до 4 р.д.;565,00
611;;;Арахис, IgE (Peanut, IgE, F13);;Сыворотка крови;до 4 р.д.;565,00
676;;;Банан, IgE (Banana, IgE, F92);;Сыворотка крови;до 4 р.д.;565,00
673;;;Баранина, IgE (Lamb, IgE, F88);;Сыворотка крови;до 4 р.д.;565,00
649;;;Бета-лактоглобулин, IgE (Beta Lactoglobulin, IgE, F77);;Сыворотка крови;до 4 р.д.;565,00
645;;;Говядина, IgE (Beef, IgE, F27);;Сыворотка крови;до 4 р.д.;565,00
636;;;Грейпфрут, IgE (Grapefruit, IgE, F209);;Сыворотка крови;до 4 р.д.;565,00
641;;;Гречневая мука, IgE (Buckwheat, IgE, F11);;Сыворотка крови;до 4 р.д.;565,00
650;;;Казеин, IgE (Casein, IgE, F78);;Сыворотка крови;до 4 р.д.;565,00
642;;;Капуста кочанная, IgE (Cabbage, IgE, F216);;Сыворотка крови;до 4 р.д.;565,00
646;;;Картофель, IgE (Potato, IgE, F35);;Сыворотка крови;до 4 р.д.;565,00
654;;;Киви, IgE (Kiwi Fruit, IgE, F84);;Сыворотка крови;до 4 р.д.;565,00
634;;;Клубника, IgE (Strawberry, IgE, F44);;Сыворотка крови;до 4 р.д.;565,00
608;;;Коровье молоко, IgE (Milk, IgE, F2);;Сыворотка крови;до 2 р.д.;565,00
614;;;Крабы, IgE (Crab, IgE, F23);;Сыворотка крови;до 4 р.д.;565,00
615;;;Креветки, IgE (Shrimp, IgE, F24);;Сыворотка крови;до 4 р.д.;565,00
651;;;Куриное мясо, IgE (Chicken Meat, IgE, F83);;Сыворотка крови;до 4 р.д.;565,00
635;;;Лимон, IgE (Lemon, IgE, F208);;Сыворотка крови;до 4 р.д.;565,00
675;;;Манго, IgE (Mango, IgE, F91);;Сыворотка крови;до 4 р.д.;565,00
617;;;Морковь, IgE (Carrot, IgE, F31);;Сыворотка крови;до 4 р.д.;565,00
648;;;Овсяная мука, IgE (Oat, IgE, F7);;Сыворотка крови;до 4 р.д.;565,00
632;;;Пекарские дрожжи, IgE (Baker’s Yeast, IgE, F45);;Сыворотка крови;до 4 р.д.;565,00
674;;;Персик, IgE (Peach, IgE, F95);;Сыворотка крови;до 4 р.д.;565,00
655;;;Пивные дрожжи, IgE (Brewer’s Yeast, IgE, F403);;Сыворотка крови;до 4 р.д.;685,00
647;;;Просо, IgE (Common Millet, IgE, F55);;Сыворотка крови;до 4 р.д.;565,00
610;;;Пшеничная мука, IgE (Wheat, IgE, F4);;Сыворотка крови;до 4 р.д.;565,00
652;;;Рис, IgE (Rice, IgE, F9);;Сыворотка крови;до 4 р.д.;565,00
644;;;Свинина, IgE (Pork, IgE, F26);;Сыворотка крови;до 4 р.д.;565,00
619;;;Сельдерей, IgE (Celery, IgE, F85);;Сыворотка крови;до 4 р.д.;565,00
612;;;Соевые бобы, IgE (Soybean, IgE, F14);;Сыворотка крови;до 4 р.д.;565,00
616;;;Томаты, IgE (Tomato, IgE, F25);;Сыворотка крови;до 4 р.д.;565,00
609;;;Треска, IgE (Codfish, IgE, F3);;Сыворотка крови;до 4 р.д.;565,00
643;;;Тыква, IgE (Pumpkin, IgE, F225);;Сыворотка крови;до 4 р.д.;565,00
613;;;Фундук, IgE (Hazelnut, IgE, F17);;Сыворотка крови;до 4 р.д.;565,00
633;;;Шоколад, IgE (Chocolate, IgE, F105);;Сыворотка крови;до 4 р.д.;565,00
653;;;Яблоко, IgE (Apple, IgE, F49);;Сыворотка крови;до 4 р.д.;565,00
607;;;Яичный белок, IgE (Egg White, IgE, F1);;Сыворотка крови;до 4 р.д.;565,00
618;;;Яичный желток, IgE (Egg Yolk, IgE, F75);;Сыворотка крови;до 4 р.д.;565,00
6008;;;"Смесь пищевых аллергенов 15: апельсин, банан, яблоко, персик, IgE (FP15; Food Panel 15: Orange, Apple, Banana, Peach, IgE)";;Сыворотка крови;до 3 к.д.;1 290,00
6013;;;"Смесь пищевых аллергенов 5: яичный белок, молоко, треска, пшеничная мука, арахис, соевые бобы, IgE (FP5; Food Panel 5: Egg White, Milk, Codfish, Wheat, Peanut, Soybean, IgE)";;Сыворотка крови;до 3 к.д.;1 290,00
6015;;;Рожь/ ржаная мука, IgE (Rye, IgE, f5);;Сыворотка крови;до 3 к.д.;860,00
6018;;;Кофе, IgE (Coffee, IgE, f221);;Сыворотка крови;до 3 к.д.;860,00
6019;;;Горох, IgE (Green Pea, IgE, f12);;Сыворотка крови;до 3 к.д.;860,00
6020;;;Миндаль, IgE (Almond, IgE, f20);;Сыворотка крови;до 3 к.д.;860,00
6022;;;Лук, IgE (Onion, IgE, f48);;Сыворотка крови;до 3 к.д.;860,00
6023;;;Одуванчик, IgE (Dandelion, IgE, w8);;Сыворотка крови;до 3 к.д.;860,00
6121;;;Альфа-лактоальбумин, IgE (Alpha lactalbumin, IgE, f76);;Сыворотка крови;до 3 к.д.;570,00
15.5. Определение специфических IgE: бытовые аллергены;;;;;;;
;;;;;;;
602;;;Смесь аллергенов плесени: Penicillium notatum, Cladosporium herbarum, Aspergillus fumigatus, Candida albicans, Alternaria tenuis, IgE (MP1 (M1, M2, M3, M5, M6), Mold Panel 1: Penicillium notatum, Cladosporium herbarum, Aspergillus fumigatus, Candida albicans, Alternaria tenuis, IgE)*;;Сыворотка крови;1 к.д.;1 255,00
623;;;Плесень Penicillium notatum, IgE (Penicillium notatum, IgE, M1);;Сыворотка крови;до 4 р.д.;565,00
624;;;Плесень Cladosporium herbarum, IgE (Cladosporium herbarum, IgE, M2);;Сыворотка крови;до 4 р.д.;565,00
625;;;Плесень Aspergillus fumigatus, IgE (Aspergillus fumigatus, IgE, M3);;Сыворотка крови;до 4 р.д.;565,00
626;;;Плесень Candida albicans, IgE (Candida albicans, IgE, M5);;Сыворотка крови;до 4 р.д.;565,00
627;;;Плесень Alternaria tenuis, IgE (Alternaria tenuis, IgE, M6);;Сыворотка крови;до 4 р.д.;565,00
631;;;Домашняя пыль/H1-Greer, IgE (House Dust – Greer, IgE, H1);;Сыворотка крови;1 р.д.;565,00
621;;;Клещ Dermatophagoides pteronyssinus (D1), IgE (Dermatophagoides pteronyssinus, IgE, D1);;Сыворотка крови;до 4 р.д.;565,00
622;;;Клещ Dermatophagoides farinae (D2), IgE (Dermatophagoides farinae, IgE, D2);;Сыворотка крови;до 2 р.д.;565,00
6004;;;Смесь аллергенов домашней пыли 1: Dermatophagoides pteronyssinus, Dermatophagoides farinae, домашняя пыль, таракан, IgE (Dust Panel 1, IgE);;Сыворотка крови;до 3 р.д.;1 290,00
15.6. Определение специфических IgE: аллергены животных;;;;;;;
;;;;;;;
1070;;;Смесь аллергенов домашних грызунов: эпителий морской свинки, эпителий кролика, эпителий хомяка, крыса, мышь, IgE (EP70 (E6, E82, E84, E87, E88), Animal Panel: Guinea Pig Epithelium, Rabbit Epithelium, Hamster Epithelium, Rat, Mouse, IgE)*;;Сыворотка крови;до 4 р.д.;1 255,00
605;;;Кошка, IgE (Cat Dander-Epithelium, IgE, E1);;Сыворотка крови;до 4 р.д.;565,00
606;;;Собака, IgE (Dog Epithelium, IgE, E2);;Сыворотка крови;до 2 р.д.;565,00
620;;;Таракан, IgE (Cockroach, IgE, I6);;Сыворотка крови;до 4 р.д.;565,00
660;;;Морская свинка, эпителий, IgE (Guinea Pig Epithelium, IgE, Е6);;Сыворотка крови;до 4 р.д.;565,00
661;;;Волнистый попугай, перо, IgE (Budgerigar Feathers, IgE, Е78);;Сыворотка крови;до 4 р.д.;565,00
662;;;Овца, эпителий, IgE (Sheep Epithelium, IgE, Е81);;Сыворотка крови;до 4 р.д.;565,00
663;;;Курица, перо, IgE (Chicken Feathers, IgE, Е85);;Сыворотка крови;до 4 р.д.;565,00
6009;;;Яд пчелы медоносной, IgE (Honey Bee Venom, IgE, i1);;Сыворотка крови;до 3 к.д.;570,00
6017;;;Перхоть лошади, IgE (Horse dander, IgE, e3);;Сыворотка крови;до 3 к.д.;570,00
6001E5;;;Собака (e5), IgE (Dog (e5), IgE);;Сыворотка крови;до 4 р.д.;590,00
15.7. Определение специфических IgE: аллергены пыльцы растений;;;;;;;
;;;;;;;
600;;;Смесь аллергенов травы: ежа сборная, овсянница луговая, рожь многолетняя, тимофеевка, мятлик луговой, IgE (GP1 (G3, G4, G5, G6, G8), Grass Panel 1: Orchard Grass, Meadow Fescue, Perennial Rye Grass, Timothy Grass, June Grass (Kentucky Bluegrass), IgE)*;;Сыворотка крови;1 к.д.;1 195,00
601;;;Смесь аллергенов травы: колосок душистый, рожь многолетняя, тимофеевка, рожь культивированная, бухарник шерстистый, IgE (GP3 (G1, G5, G6, G12, G13), Grass Panel: Sweet Vernal Grass, Perennial Rye Grass, Timothy Grass, Cultivated Rye Grass, Velvet Grass, IgE)*;;Сыворотка крови;до 4 р.д.;1 255,00
603;;;Смесь аллергенов деревьев: ольха, лещина обыкновенная, ива, береза, дуб, IgE (TP9 (T2, T4, T12, T3, T7), Tree Panel: Alder, Hazelnut, Willow, Birch, Oak, IgE)*;;Сыворотка крови;1 к.д.;1 255,00
604;;;Смесь аллергенов сорной травы: амброзия полыннолистная, полынь обыкновенная, подорожник, марь белая, чертополох русский, IgE (WP1 (W1, W6, W9, W10, W11), Weed Panel: Common Ragweed, Mugwort, English Plantain, Lamb's Quarters, Russian Thistle, IgE)*;;Сыворотка крови;1 к.д.;1 255,00
657;;;Береза, пыльца, IgE (Birch, IgE, Т3);;Сыворотка крови;до 4 р.д.;565,00
640;;;Тополь, IgE (Cottonwood, IgE, T14);;Сыворотка крови;до 4 р.д.;565,00
656;;;Тимофеевка, пыльца, IgE (Timothy Grass, IgE, G6);;Сыворотка крови;до 4 р.д.;565,00
658;;;Полынь обыкновенная, пыльца, IgE (Mugwort, IgE, W6);;Сыворотка крови;до 4 р.д.;565,00
659;;;Полынь горькая, IgE (Wormwood, IgE, W5);;Сыворотка крови;до 4 р.д.;565,00
6016;;;Овсяница луговая, IgE (Meadow Fescue, IgE, g4);;Сыворотка крови;до 3 к.д.;860,00
6002W1;;;Амброзия (w1), IgE (Ambrosia (w1), IgE);;Сыворотка крови;до 4 р.д.;590,00
15.8. Определение специфических IgE: профессиональные аллергены;;;;;;;
;;;;;;;
628;;;Латекс, IgE (Latex, IgE, K82);;Сыворотка крови;до 4 р.д.;565,00
15.9. Определение специфических IgG: пищевые аллергены;;;;;;;
;;;;;;;
6612;;;Смесь пищевых аллергенов 1: апельсин, банан, яблоко, персик, IgG (FP15 (F33, F49, F92, F95), Food Panel: Orange, Banana, Apple, Peach, IgG)*;;Сыворотка крови;до 4 р.д.;1 255,00
6611;;;Смесь пищевых аллергенов 2: киви, манго, банан, ананас, IgG (FP50 (F84, F91, F92, F210), Food Panel: Kiwi Fruit, Mango, Banana, Pineapple, IgG)*;;Сыворотка крови;до 4 р.д.;1 310,00
6613;;;Смесь пищевых аллергенов 3: свинина, куриное мясо, говядина, баранина, IgG (FP73 (F26, F27, F83, F88), Food Panel: Pork, Beef, Chicken Meat, Lamb, IgG)*;;Сыворотка крови;до 4 р.д.;1 255,00
231ALL;;;Определение специфических иммуноглобулинов класса G (IgG) к пищевым аллергенам (Basic Food Profile, IgG);;Сыворотка крови;до 5 к.д.;17 650,00
6672;;;Ананас, IgG (Pineapple, IgG, F210);;Сыворотка крови;до 4 р.д.;685,00
6667;;;Апельсин, IgG (Orange, IgG, F33);;Сыворотка крови;до 4 р.д.;685,00
6645;;;Арахис, IgG (Peanut, IgG, F13);;Сыворотка крови;до 4 р.д.;685,00
6671;;;Банан, IgG (Banana, IgG, F92);;Сыворотка крови;до 4 р.д.;685,00
6668;;;Баранина, IgG (Lamb, IgG, F88);;Сыворотка крови;до 4 р.д.;685,00
6601;;;Бета-лактоглобулин, IgG (Beta Lactoglobulin, IgG, F77);;Сыворотка крови;до 4 р.д.;685,00
6654;;;Говядина (F27), аллерген-специфические IgG  (Beef, IgG, F27);;Сыворотка крови;до 4 р.д.;685,00
6666;;;Грейпфрут (F209), аллерген-специфические IgG (Grapefruit, IgG, F209);;Сыворотка крови;до 4 р.д.;685,00
6644;;;Гречневая мука (F11), аллерген-специфические IgG (Buckwheat, IgG, F11);;Сыворотка крови;до 4 р.д.;685,00
6602;;;Казеин (F78), аллерген-специфические IgG (Casein, IgG, F78));;Сыворотка крови;до 4 р.д.;685,00
6649;;;Капуста кочанная (F216), аллерген-специфические IgG (Cabbage, IgG, F216);;Сыворотка крови;до 4 р.д.;685,00
6657;;;Картофель (F35), аллерген-специфические IgG (Potato, IgG, F35);;Сыворотка крови;до 4 р.д.;685,00
6608;;;Киви (F84), аллерген-специфические IgG (Kiwi Fruit, IgG, F84);;Сыворотка крови;до 4 р.д.;685,00
6659;;;Клубника (F44), аллерген-специфические IgG (Strawberry, IgG, F44);;Сыворотка крови;до 4 р.д.;685,00
6648;;;Коровье молоко (F2), аллерген-специфические IgG (Milk, IgG, F2);;Сыворотка крови;до 4 р.д.;685,00
6652;;;Креветки (F24), аллерген-специфические IgG (Shrimp, IgG, F24);;Сыворотка крови;до 4 р.д.;685,00
6603;;;Куриное мясо (F83), аллерген-специфические IgG (Chicken Meat, IgG, F83);;Сыворотка крови;до 4 р.д.;685,00
6609;;;Лимон (F208), аллерген-специфические IgG (Lemon, IgG, F208);;Сыворотка крови;до 4 р.д.;685,00
6670;;;Манго (F91), аллерген-специфические IgG (Mango, IgG, F91);;Сыворотка крови;до 4 р.д.;685,00
6656;;;Морковь (F31), аллерген-специфические IgG (Carrot, IgG, F31);;Сыворотка крови;до 4 р.д.;685,00
6661;;;Овсяная мука (F7), аллерген-специфические IgG (Oat, IgG, F7);;Сыворотка крови;до 4 р.д.;685,00
6664;;;Пекарские дрожжи (F45), аллерген-специфические IgG (Baker’s Yeast, IgG, F45);;Сыворотка крови;до 4 р.д.;685,00
6669;;;Персик (F95), аллерген-специфические IgG (Peach, IgG, F95);;Сыворотка крови;до 4 р.д.;685,00
6610;;;Пивные дрожжи (F403), аллерген-специфические IgG (Brewer’s Yeast, IgG, F403);;Сыворотка крови;до 4 р.д.;685,00
6660;;;Просо (F55), аллерген-специфические IgG (Common Millet, IgG, F55);;Сыворотка крови;до 4 р.д.;685,00
6658;;;Пшеничная мука (F4), аллерген-специфические IgG (Wheat, IgG, F4);;Сыворотка крови;до 4 р.д.;685,00
6605;;;Рис (F9), аллерген-специфические IgG (Rice, IgG, F9);;Сыворотка крови;до 4 р.д.;685,00
6653;;;Свинина (F26), аллерген-специфические IgG (Pork, IgG, F26);;Сыворотка крови;до 4 р.д.;685,00
6646;;;Соевые бобы (F14), аллерген-специфические IgG (Soybean, IgG, F14);;Сыворотка крови;до 4 р.д.;685,00
6607;;;Томаты (F25), аллерген-специфические IgG (Tomato, IgG, F25);;Сыворотка крови;до 4 р.д.;685,00
6655;;;Треска (F3), аллерген-специфические IgG (Codfish, IgG, F3);;Сыворотка крови;до 4 р.д.;685,00
6650;;;Тыква (F225), аллерген-специфические IgG (Pumpkin, IgG, F225);;Сыворотка крови;до 4 р.д.;685,00
6647;;;Фундук (F17), аллерген-специфические IgG (Hazelnut, IgG, F17);;Сыворотка крови;до 4 р.д.;685,00
6665;;;Шоколад (F105), аллерген-специфические IgG (Chocolate, IgG, F105);;Сыворотка крови;до 4 р.д.;685,00
6606;;;Яблоко (F49), аллерген-специфические IgG (Apple, IgG, F49);;Сыворотка крови;до 4 р.д.;685,00
6643;;;Яичный белок (F1), аллерген-специфические IgG (Egg White, IgG, F1);;Сыворотка крови;до 4 р.д.;685,00
6662;;;Яичный желток (F75), аллерген-специфические IgG (Egg Yolk, IgG, F75);;Сыворотка крови;до 4 р.д.;685,00
1880;;;Специфические иммуноглобулины класса G (IgG) к пищевым антигенам: Food Xplorer (FOX). (Specific IgG to food antigens: Food Xplorer (FOX));;Сыворотка крови;до 7 к.д.;23 890,00
15.10. Определение специфических IgG: бытовые аллергены;;;;;;;
;;;;;;;
6619;;;Смесь аллергенов плесени: Penicillium notatum, Cladosporium herbarum, Aspergillus fumigatus, Candida albicans, Alternaria tenuis, IgG (MP1 (M1, M2, M3, M5, M6), Mold Panel 1: Penicillium notatum, Cladosporium herbarum, Aspergillus fumigatus, Candida albicans, Alternaria tenuis, IgG)*;;Сыворотка крови;до 4 р.д.;1 255,00
6614;;;Плесень Penicillium notatum (М1), аллерген-специфические IgG (Penicillium notatum, IgG, M1);;Сыворотка крови;до 4 р.д.;685,00
6615;;;Плесень Cladosporium herbarum (М2), аллерген-специфические IgG (Cladosporium herbarum, IgG, M2);;Сыворотка крови;до 4 р.д.;685,00
6616;;;Плесень Aspergillus fumigatus (М3), аллерген-специфические IgG (Aspergillus fumigatus, IgG, M3);;Сыворотка крови;до 4 р.д.;685,00
6618;;;Плесень Alternaria tenuis (М6), аллерген-специфические IgG (Alternaria tenuis, IgG, M6);;Сыворотка крови;до 4 р.д.;685,00
6632;;;Клещ Dermatophagoides pteronyssinus (D1), аллерген-специфические IgG (Dermatophagoides pteronyssinus, IgG, D1);;Сыворотка крови;до 4 р.д.;685,00
6633;;;Клещ Dermatophagoides farinae (D2), аллерген-специфические IgG (Dermatophagoides farinae, IgG, D2);;Сыворотка крови;до 4 р.д.;685,00
6634;;;Клещ Dermatophagoides microceras (D3), аллерген-специфические IgG (Dermatophagoides microceras, IgG, D3);;Сыворотка крови;до 4 р.д.;685,00
6635;;;Домашняя пыль/Greer (Н1), аллерген-специфические IgG (House Dust – Greer, IgG, H1);;Сыворотка крови;до 4 р.д.;685,00
15.11. Определение специфических IgG: аллергены животных;;;;;;;
;;;;;;;
6638;;;Кошка, эпителий (Е1), аллерген-специфические IgG (Cat Dander-Epithelium, IgG, E1);;Сыворотка крови;до 4 р.д.;685,00
6639;;;Собака, эпителий (Е2), аллерген-специфические IgG (Dog Epithelium, IgG, E2);;Сыворотка крови;до 4 р.д.;685,00
15.12. Аллергологические исследования, технология АлкорБио;;;;;;;
;;;;;;;
6024АБ;;;Альфа-лактальбумин (nBos d4) (f76), IgE (Alpha Lactalbumin, nBos d4 (f76), IgE);;Сыворотка крови;до 3 к.д.;600,00
6025АБ;;;Казеин, молоко (nBos d8) (f78), IgE (Casein, milk, nBos d8 (f78), IgE);;Сыворотка крови;до 3 к.д.;600,00
6026АБ;;;Бета-лактоглобулин, (nBos d5) (f77), IgE (Beta Lactoglobulin, nBos d5 (f77), IgE);;Сыворотка крови;до 3 к.д.;600,00
6027АБ;;;Береза бородавчатая, rBet v1 (t215), IgE (Birch, Betula verrucosa, rBet v1 (t215), IgE);;Сыворотка крови;до 3 к.д.;600,00
6028АБ;;;Береза бородавчатая, rBet v2 (t216), IgE (Birch, Betula verrucosa, rBet v2 (t216), IgE);;Сыворотка крови;до 3 к.д.;600,00
6029АБ;;;Полынь обыкновенная, nArtv3 (w233), IgE (Mugwort, Artemisia vulgaris, nArtv3 (w233), IgE);;Сыворотка крови;до 3 к.д.;600,00
6030АБ;;;Смесь аллергенов плесени (mm2), IgE (Mixed mold allergen (mm2), IgE);;Сыворотка крови;до 3 к.д.;600,00
6031АБ;;;Домашняя пыль (Hollister –Stier) (h2), IgE (House dust (Hollister –Stier)(h2), IgE);;Сыворотка крови;до 3 к.д.;600,00
6032АБ;;;Кошка, сывороточный альбумин, rFel d2 (e220), IgE (Cat, serum albumin, rFel d2 (e220), IgE);;Сыворотка крови;до 3 к.д.;600,00
6033АБ;;;Собака, сывороточный альбумин, nCan f3 (e221), IgE (Dog, serum albumin, nCan f3 (e221), IgE);;Сыворотка крови;до 3 к.д.;600,00
6034АБ;;;Бычий сывороточный альбумин, nBos d6 BSA (e204), IgE (Bovine serum albumin, nBos d6 BSA (e204), IgE);;Сыворотка крови;до 3 к.д.;600,00
6035АБ;;;Овальбумин, альбумин яичный, nGal d2 (f67), IgE (Ovalbumin, egg albumin, nGal d2 (f67), IgE);;Сыворотка крови;до 3 к.д.;600,00
6036АБ;;;Овомукоид яйца, nGal d1 (f68), IgE (Ovomucoid egg, nGal d1 (f68), IgE);;Сыворотка крови;до 3 к.д.;600,00
6037АБ;;;Кональбумин яйца, nGal d3 (f69), IgE (Conalbumin egg, nGal d3 (f69), IgE);;Сыворотка крови;до 3 к.д.;600,00
6038АБ;;;Лизоцим яйца, nGal d4 (k208), IgE (Lysozyme eggs, nGal d4 (k208), IgE);;Сыворотка крови;до 3 к.д.;600,00
6039АБ;;;Соя, rGly m4 (f353), IgE (Soy, rGly m4 (f353) IgE);;Сыворотка крови;до 3 к.д.;600,00
6040АБ;;;Арахис, rAra h8 (f352), IgE (Peanut, rAra h8 (f352), IgE);;Сыворотка крови;до 3 к.д.;600,00
6041АБ;;;Malassezia spp. (m227), IgE;;Сыворотка крови;до 3 к.д.;600,00
6042АБ;;;Смесь луговых трав (gm1), IgE (Mixed meadow grasses (gm1), IgE);;Сыворотка крови;до 3 к.д.;600,00
6043АБ;;;Смесь пищевых аллергенов (fm21), IgE (Mixed food allergen (fm21), IgE);;Сыворотка крови;до 3 к.д.;600,00
6044АБ;;;Яд осы пятнистой (i2), IgE (White-faced hornet (i2), IgE);;Сыворотка крови;до 3 к.д.;600,00
6045АБ;;;Яд осы обыкновенной (i3), IgE (Common wasp (Yellow jacket) (i3), IgE);;Сыворотка крови;до 3 к.д.;600,00
6046АБ;;;Комар (i71), IgE (Mosquito (i71), IgE);;Сыворотка крови;до 3 к.д.;600,00
6047АБ;;;Яд шершня (i75), IgE (European hornet (i75), IgE);;Сыворотка крови;до 3 к.д.;600,00
6048АБ;;;Пенициллин V (c2), IgE (Penicilloyl V (c2), IgE);;Сыворотка крови;до 3 к.д.;600,00
6049АБ;;;Огурец (f244), IgE (Cucumber (f244), IgE);;Сыворотка крови;до 3 к.д.;600,00
6050АБ;;;Авокадо (f96), IgE (Avocado (f96), IgE);;Сыворотка крови;до 3 к.д.;600,00
6051АБ;;;Арбуз (f329), IgE (Watermelon (f329), IgE);;Сыворотка крови;до 3 к.д.;600,00
6052АБ;;;Молоко козье (f300), IgE (Goat's milk (f300), IgE);;Сыворотка крови;до 3 к.д.;600,00
6053АБ;;;Чай (f222), IgE (Tea (f222), IgE);;Сыворотка крови;до 3 к.д.;600,00
6054АБ;;;Ячмень (f6), IgE (Barley (f6), IgE);;Сыворотка крови;до 3 к.д.;600,00
6055АБ;;;Абрикос (f237), IgE (Apricot (f237), IgE);;Сыворотка крови;до 3 к.д.;600,00
6056АБ;;;Вишня (f242), IgE (Cherry (f242), IgE);;Сыворотка крови;до 3 к.д.;600,00
6057АБ;;;Малина (f111), IgE (Малина (f111), IgE);;Сыворотка крови;до 3 к.д.;600,00
6058АБ;;;Мандарин (f302), IgE (Mandarin (f302), IgE);;Сыворотка крови;до 3 к.д.;600,00
6059АБ;;;Баклажан (f262), IgE (Eggplant (f262), IgE);;Сыворотка крови;до 3 к.д.;600,00
6060АБ;;;Брокколи (f260), IgE (Broccoli (f260), IgE);;Сыворотка крови;до 3 к.д.;600,00
6061АБ;;;Чеснок (f47), IgE (Garlic (f47), IgE);;Сыворотка крови;до 3 к.д.;600,00
6062АБ;;;Грибы (шампиньоны) (f212), IgE (Mushroom (champignon) (f212), IgE);;Сыворотка крови;до 3 к.д.;600,00
6063АБ;;;Подсолнечник (w204), IgE (Sunflower (w204), IgE);;Сыворотка крови;до 3 к.д.;600,00
6064АБ;;;Ромашка (w206), IgE (Chamomile (w206), IgE);;Сыворотка крови;до 3 к.д.;600,00
6065АБ;;;Смородина красная (f322), IgE (Red currant (f322), IgE);;Сыворотка крови;до 3 к.д.;600,00
6066АБ;;;Смесь пищевых аллергенов (fm2), IgE;;Сыворотка крови;до 3 к.д.;1 805,00
6067АБ;;;Смесь пищевых аллергенов (fm4), IgE;;Сыворотка крови;до 3 к.д.;1 400,00
6068АБ;;;Смесь пищевых аллергенов (fm5), IgE;;Сыворотка крови;до 3 к.д.;1 775,00
6069АБ;;;Смесь пищевых аллергенов (fm6), IgE;;Сыворотка крови;до 3 к.д.;1 240,00
6070АБ;;;Смесь пищевых аллергенов (fm7), IgE;;Сыворотка крови;до 3 к.д.;1 270,00
6071АБ;;;Смесь пищевых аллергенов (fm10), IgE;;Сыворотка крови;до 3 к.д.;1 805,00
6072АБ;;;Смесь пищевых аллергенов (fm18), IgE;;Сыворотка крови;до 3 к.д.;2 080,00
6073АБ;;;Смесь пищевых аллергенов (fm22), IgE;;Сыворотка крови;до 3 к.д.;1 105,00
6074АБ;;;Смесь пищевых аллергенов (fm24), IgE;;Сыворотка крови;до 3 к.д.;1 155,00
6075АБ;;;Смесь пищевых аллергенов (fm70), IgE;;Сыворотка крови;до 3 к.д.;1 375,00
6076АБ;;;Смесь пищевых аллергенов (fm71), IgE;;Сыворотка крови;до 3 к.д.;1 375,00
6077АБ;;;Смесь пищевых аллергенов (fm72), IgE;;Сыворотка крови;до 3 к.д.;1 105,00
6078АБ;;;Смесь пищевых аллергенов (fm101), IgE;;Сыворотка крови;до 3 к.д.;1 105,00
6079АБ;;;Смесь пищевых аллергенов (fm104), IgE;;Сыворотка крови;до 3 к.д.;1 325,00
6080АБ;;;Смесь перьев птиц (em1), IgE;;Сыворотка крови;до 3 к.д.;1 105,00
6081АБ;;;Смесь перьев декоративных птиц (em72), IgE;;Сыворотка крови;до 3 к.д.;1 095,00
6082АБ;;;Смесь ядов насекомых (im100), IgE;;Сыворотка крови;до 3 к.д.;620,00
6083АБ;;;Смесь аллергенов пыльцы деревьев (раннее цветение) (tm2), IgE;;Сыворотка крови;до 3 к.д.;1 220,00
6084АБ;;;Смесь аллергенов пыльцы деревьев (позднее цветение) (tm3), IgE;;Сыворотка крови;до 3 к.д.;1 505,00
6085АБ;;;Смесь аллергенов пыльцы деревьев (раннее цветение) (tm5), IgE;;Сыворотка крови;до 3 к.д.;1 105,00
6086АБ;;;Смесь аллергенов пыльцы деревьев (позднее цветение) (tm6), IgE;;Сыворотка крови;до 3 к.д.;1 470,00
6087АБ;;;Смесь аллергенов плесени (mm1), IgE;;Сыворотка крови;до 3 к.д.;600,00
6088АБ;;;Виноград (f259), IgE (Grape (f259), IgE);;Сыворотка крови;до 3 к.д.;900,00
6089АБ;;;Креветка тигровая (f179), IgE (Tiger shrimp (f179), IgE);;Сыворотка крови;до 3 к.д.;900,00
6090АБ;;;Лосось/семга (f41), IgE (Salmon (f41), IgE);;Сыворотка крови;до 3 к.д.;900,00
6091АБ;;;Сельдь (f205), IgE (Herring (f205), IgE);;Сыворотка крови;до 3 к.д.;900,00
6092АБ;;;Скумбрия (f206), IgE (Mackerel (f206), IgE);;Сыворотка крови;до 3 к.д.;900,00
6094АБ;;;Бразильский орех (f18), IgE (Brazil nut (f18), IgE);;Сыворотка крови;до 3 к.д.;900,00
6097АБ;;;Горох (f12), IgE (Pea (f12), IgE);;Сыворотка крови;до 3 к.д.;900,00
6098АБ;;;Фасоль белая (f15), IgE (White bean (f15), IgE);;Сыворотка крови;до 3 к.д.;900,00
6099АБ;;;Дыня (f87), IgE (Melon (f87), IgE);;Сыворотка крови;до 3 к.д.;900,00
6100АБ;;;Рожь (f5), IgE (Rye (f5), IgE);;Сыворотка крови;до 3 к.д.;690,00
6101АБ;;;Глютен (f79), IgE (Gluten (f79), IgE);;Сыворотка крови;до 3 к.д.;900,00
6102АБ;;;Сыр Швейцарский (f70), IgE (Swiss cheese (f70), IgE);;Сыворотка крови;до 3 к.д.;790,00
6093АБ;;;Камбала (f254), IgE (Plaice (f254), IgE);;Сыворотка крови;до 3 к.д.;900,00
6095АБ;;;Кокосовый орех (f36), IgE (Coconut (f36), IgE);;Сыворотка крови;до 3 к.д.;690,00
6096АБ;;;Грецкий орех (f256), IgE (Walnut (f256), IgE);;Сыворотка крови;до 3 к.д.;900,00
6103АБ;;;Сыр Чеддер (f81), IgE (Cheese, Cheddar (f81), IgE);;Сыворотка крови;до 3 к.д.;630,00
6104АБ;;;Сыр с плесенью (f82), IgE (Cheese, Mold-type (f82), IgE);;Сыворотка крови;до 3 к.д.;630,00
6105АБ;;;Сыр Эдам (f150), IgE (Cheese, Edam (f150), IgE);;Сыворотка крови;до 3 к.д.;630,00
6106АБ;;;Сыр Гауда (f198), IgE (Cheese, Gouda (f198), IgE);;Сыворотка крови;до 3 к.д.;630,00
6107АБ;;;Тунец (f40), IgE (Tuna (f40), IgE);;Сыворотка крови;до 3 к.д.;630,00
6108АБ;;;Кукуруза (f8), IgE (Corn (f8), IgE);;Сыворотка крови;до 3 к.д.;630,00
6109АБ;;;Слива (f255), IgE (Plum (f255), IgE);;Сыворотка крови;до 3 к.д.;630,00
6110АБ;;;Эстрагон (Тархун) (f272), IgE (Tarragon (f272), IgE);;Сыворотка крови;до 3 к.д.;630,00
6111АБ;;;Тимьян (f273), IgE (Thyme (f273), IgE);;Сыворотка крови;до 3 к.д.;630,00
6112АБ;;;Майоран (f274), IgE (Marjoram (f274), IgE);;Сыворотка крови;до 3 к.д.;630,00
6113АБ;;;Любисток (f275), IgE (Lovage (f275), IgE);;Сыворотка крови;до 3 к.д.;630,00
6114АБ;;;Тмин (f265), IgE (Caraway (f265), IgE);;Сыворотка крови;до 3 к.д.;630,00
6115АБ;;;Кардамон (f267), IgE (Cardamon (f267), IgE);;Сыворотка крови;до 3 к.д.;630,00
6116АБ;;;Гвоздика (f268), IgE (Clove (f268), IgE);;Сыворотка крови;до 3 к.д.;630,00
6117АБ;;;Семя фенхеля (f219), IgE (Fennel seed (f219), IgE);;Сыворотка крови;до 3 к.д.;630,00
6118АБ;;;Базилик (f269), IgE (Basil (f269), IgE);;Сыворотка крови;до 3 к.д.;630,00
6119АБ;;;Имбирь (f270), IgE (Ginger (f270), IgE);;Сыворотка крови;до 3 к.д.;630,00
6120АБ;;;Анис (f271), IgE (Anise (f271), IgE);;Сыворотка крови;до 3 к.д.;630,00
6012;;;Пенициллин G, IgE (Penicilloyl G, IgE, c1);;Сыворотка крови;до 3 к.д.;860,00
6014;;;Формальдегид / формалин, IgE (Formaldehyde/ Formalin, IgE, k80);;Сыворотка крови;до 3 к.д.;860,00
1070АБ;;;Смесь аллергенов домашних грызунов: эпителий морской свинки, эпителий кролика, эпителий хомяка, крыса, мышь, IgE (EP70 (E6, E82, E84, E87, E88), Rodents Panel: Guinea Pig Epithelium, Rabbit Epithelium, Hamster Epithelium, Rat, Mouse, IgE);;Сыворотка крови;до 3 к.д.;990,00
6122АБ;;;Ежа сборная (g3), IgE (Dactylis glomerata (g3), IgE);;Сыворотка крови;до 3 к.д.;590,00
6123АБ;;;Плевел/Райграс многолетний (g5), IgE (Lolium perenne (g5), IgE);;Сыворотка крови;до 3 к.д.;590,00
6124АБ;;;Овсяница луговая (g4), IgE (Festula elatior (g4), IgE);;Сыворотка крови;до 3 к.д.;890,00
6125АБ;;;Тимофеевка луговая (g6), IgE (Phleum pratense (g6), IgE);;Сыворотка крови;до 3 к.д.;590,00
6126АБ;;;Мятлик луговой (g8), IgE (Poa pratensis (g8), IgE);;Сыворотка крови;до 3 к.д.;590,00
6127АБ;;;Ананас (f210), IgE (Pineapple (f210), IgE);;Сыворотка крови;до 3 к.д.;590,00
6128АБ;;;Киви (f84), IgE (Kiwi (f84), IgE);;Сыворотка крови;до 3 к.д.;590,00
6129АБ;;;Банан (f92), IgE (Banana (f92), IgE);;Сыворотка крови;до 3 к.д.;590,00
6130АБ;;;Персик (f95), IgE (Peach (f95), IgE);;Сыворотка крови;до 3 к.д.;590,00
6131АБ;;;Розмарин (f335), IgE (Rosmarinus officinalis (f335), IgE);;Сыворотка крови;до 3 к.д.;590,00
6159АБ;;;Куриное мясо (f83), IgE (Chicken (f83), IgE);;Сыворотка крови;до 3 к.д.;590,00
6160АБ;;;Рис (f9), IgE (Rice (f9), IgE);;Сыворотка крови;до 3 к.д.;590,00
6161АБ;;;Яблоко (f49), IgE (Apple (f49), IgE);;Сыворотка крови;до 3 к.д.;590,00
6162АБ;;;Береза бородавчатая (t3), IgE (Betula verrucosa (t3), IgE);;Сыворотка крови;до 3 к.д.;590,00
6163АБ;;;Полынь обыкновенная (Artemisia vulgaris) (w6), IgE (Mugwort (w6), IgE);;Сыворотка крови;до 3 к.д.;590,00
6164АБ;;;Полынь горькая (Artemisia absinthium) (w5), IgE (Wormwood (w5), IgE);;Сыворотка крови;до 3 к.д.;590,00
6165АБ;;;Эпителий морской свинки (e6), IgE (Guinea pig epithelium (e6), IgE);;Сыворотка крови;до 3 к.д.;590,00
6166АБ;;;Перья волнистого попугайчика (e78), IgE (Budgerigar feathers (e78), IgE);;Сыворотка крови;до 3 к.д.;590,00
6167АБ;;;Эпителий и шерсть овцы (e81), IgE (Sheep epithelium (e81), IgE);;Сыворотка крови;до 3 к.д.;590,00
6168АБ;;;Куриные перья (e85), IgE (Chicken feathers (e85), IgE);;Сыворотка крови;до 3 к.д.;590,00
6169АБ;;;Баранина (f88), IgE (Mutton (f88), IgE);;Сыворотка крови;до 3 к.д.;590,00
6170АБ;;;Манго (f91), IgE (Mango (f91), IgE);;Сыворотка крови;до 3 к.д.;590,00
6171АБ;;;Апельсин (f33), IgE (Orange (f33), IgE);;Сыворотка крови;до 3 к.д.;590,00
6172АБ;;;Эпителий кошки (e1), IgE (Cat epithelium (e1), IgE);;Сыворотка крови;до 3 к.д.;590,00
6173АБ;;;Молоко коровье (f2), IgE (Milk (f2), IgE);;Сыворотка крови;до 3 к.д.;590,00
6174АБ;;;Клещ Dermatophagoides pteronyssinus (d1), IgE;;Сыворотка крови;до 3 к.д.;590,00
6175АБ;;;Клещ Dermatophagoides farinae (d2) IgE;;Сыворотка крови;до 3 к.д.;590,00
6176АБ;;;Яичный белок (f1), IgE (Egg white (f1), IgE);;Сыворотка крови;до 3 к.д.;590,00
6177АБ;;;Яичный желток (f75), IgE (Egg yolk (f75), IgE);;Сыворотка крови;до 3 к.д.;590,00
6178АБ;;;Пшеница (f4), IgE (Wheat (f4), IgE);;Сыворотка крови;до 3 к.д.;590,00
6179АБ;;;Эпителий собаки (e2), IgE (Dog epithelium (e2), IgE);;Сыворотка крови;до 3 к.д.;590,00
6180АБ;;;Домашняя пыль (Greer Labs, Inc.) (h1), IgE (House Dust – Greer (h1), IgE);;Сыворотка крови;до 3 к.д.;590,00
6132АБ;;;Треска (f3), IgE (Codfish (f3), IgE);;Сыворотка крови;до 3 к.д.;590,00
6133АБ;;;Арахис (f13), IgE (Peanut (f13), IgE);;Сыворотка крови;до 3 к.д.;590,00
6134АБ;;;Соевые бобы (f14), IgE (Soybean (f14), IgE);;Сыворотка крови;до 3 к.д.;590,00
6135АБ;;;Фундук (f17), IgE (Hazelnut (f17), IgE);;Сыворотка крови;до 3 к.д.;590,00
6136АБ;;;Крабовое мясо (f23), IgE (Crab meat (f23), IgE);;Сыворотка крови;до 3 к.д.;590,00
6137АБ;;;Креветки (f24), IgE (Shrimp (f24), IgE);;Сыворотка крови;до 3 к.д.;590,00
6138АБ;;;Томаты (f25), IgE (Tomato (f25), IgE);;Сыворотка крови;до 3 к.д.;590,00
6139АБ;;;Морковь (f31), IgE (Carrot (f31), IgE);;Сыворотка крови;до 3 к.д.;590,00
6140АБ;;;"Таракан-прусак (i6), IgE (Cockroach; Blatella germanica (i6), IgE)";;Сыворотка крови;до 3 к.д.;590,00
6141АБ;;;Плесень Penicillium notatum (m1), IgE;;Сыворотка крови;до 3 к.д.;590,00
6142АБ;;;Плесень Cladosporium herbarum (m2), IgE;;Сыворотка крови;до 3 к.д.;590,00
6143АБ;;;Плесень Aspergillus fumigatus (m3), IgE;;Сыворотка крови;до 3 к.д.;590,00
6144АБ;;;Грибы рода кандида, Candida albicans (m5), IgE;;Сыворотка крови;до 3 к.д.;590,00
6145АБ;;;Плесень Alternaria alternata (tenuis) (m6), IgE;;Сыворотка крови;до 3 к.д.;590,00
6146АБ;;;Латекс (k82), IgE (Latex (k82), IgE);;Сыворотка крови;до 3 к.д.;590,00
6147АБ;;;Пекарские дрожжи (f45), IgE (Yeast (f45), IgE);;Сыворотка крови;до 3 к.д.;690,00
6148АБ;;;Шоколад (f105), IgE (Chocolate (f105), IgE);;Сыворотка крови;до 3 к.д.;590,00
6149АБ;;;Клубника (земляника, f44), IgE (Strawberry (f44), IgE);;Сыворотка крови;до 3 к.д.;590,00
6150АБ;;;Лимон (f208), IgE (Lemon (f208), IgE);;Сыворотка крови;до 3 к.д.;590,00
6151АБ;;;Грейпфрут (f209), IgE (Grapefruit (f209), IgE);;Сыворотка крови;до 3 к.д.;590,00
6152АБ;;;Греча (f11), IgE (Buckwheat (f11), IgE);;Сыворотка крови;до 3 к.д.;590,00
6153АБ;;;Капуста белокочанная (f216), IgE (Cabbage (f216), IgE);;Сыворотка крови;до 3 к.д.;590,00
6154АБ;;;Тыква (f225), IgE (Pumpkin (f225), IgE);;Сыворотка крови;до 3 к.д.;590,00
6155АБ;;;Свинина (f26), IgE (Pork (f26), IgE);;Сыворотка крови;до 3 к.д.;590,00
6156АБ;;;Говядина (f27), IgE (Beef (f27), IgE);;Сыворотка крови;до 3 к.д.;590,00
6157АБ;;;Картофель (f35), IgE (Potato (f35), IgE);;Сыворотка крови;до 3 к.д.;590,00
6158АБ;;;Овес (f7), IgE (Oat (f7), IgE);;Сыворотка крови;до 3 к.д.;590,00
6181АБ;;;Перхоть лошади (e3), IgE (Horse dander (e3), IgE);;Сыворотка крови;до 3 р.д.;590,00
6182АБ;;;Ольха серая (t2), IgE (Alnus incana (t2), IgE);;Сыворотка крови;до 3 р.д.;590,00
6183АБ;;;Лещина обыкновенная (t4), IgE (Corylus avellana (t4), IgE);;Сыворотка крови;до 3 р.д.;590,00
6184АБ;;;Подорожник (w9), IgE (Plantago lanceolata (w9), IgE);;Сыворотка крови;до 3 р.д.;590,00
6185АБ;;;Аскарида (p1), IgE;;Сыворотка крови;до 3 р.д.;590,00
6186АБ;;;Сельдерей (f85) IgE Celery (f85), IgE;;Сыворотка крови;до 3 р.д.;590,00
6187АБ;;;Тополь трехгранный (Populus deltoides) (t14), IgE Cottonwood (Populus deltoides) (t14), IgE;;Сыворотка крови;до 3 р.д.;590,00
6188АБ;;;Просо (f55), IgE Common Millet (f55), IgE;;Сыворотка крови;до 3 р.д.;590,00
6189АБ;;;Одуванчик (Taraxacum vulgare) (w8), IgE;;Сыворотка крови;до 3 р.д.;590,00
6190АБ;;;Клещ Dermatophagoides microceras (d3), IgE (Dermatophagoides microceras (d3), IgE);;Сыворотка крови;до 3 р.д.;590,00
6191АБ;;;Укроп (f277), IgE (Dill (f277), IgE);;Сыворотка крови;до 3 р.д.;590,00
6192АБ;;;Платан кленолистный (Platanus acerifolia) (t11), IgE (Платан кленолистный (Platanus acerifolia) (t11), IgE);;Сыворотка крови;до 3 р.д.;590,00
6193АБ;;;Мясо индейки (f284), IgE (Turkey meat (f284), IgE);;Сыворотка крови;до 3 р.д.;590,00
6194АБ;;;Лебеда (w15), IgE (Scale (Atriplex lentiformis) (w15), IgE);;Сыворотка крови;до 3 р.д.;590,00
6195АБ;;;Яйцо куриное (f245), IgE (Whole egg (f245), IgE);;Сыворотка крови;до 3 р.д.;590,00
6196АБ;;;Дуб (t7), IgE (Oak (Quercus alba) (t7), IgE));;Сыворотка крови;до 3 р.д.;590,00
6197АБ;;;Липа (t208), IgE (Tilia cordata (t208), IgE);;Сыворотка крови;до 3 р.д.;590,00
6198АБ;;;Эпителий кролика (е82), IgE ( Rabbit epithelium (e82), IgE);;Сыворотка крови;до 3 р.д.;590,00
6199АБ;;;Дуб черешчатый (t218), IgE (Quercus robur (t218)), IgE;;Сыворотка крови;до 3 р.д.;590,00
6200АБ;;;Груша (f94), IgE (Pear (f94), IgE);;Сыворотка крови;до 3 к.д.;590,00
6201АБ;;;Какао (f93), IgE (Cocoa (f93), IgE);;Сыворотка крови;до 3 к.д.;590,00
6202АБ;;;Миндаль (f20), IgE (Almond (f20), IgE);;Сыворотка крови;до 3 к.д.;590,00
6203АБ;;;Пенициллин G (c1), IgE (Penicilloyl G (c1), IgE);;Сыворотка крови;до 3 к.д.;590,00
6205АБ;;;Яд пчелы медоносной (i1), IgE (Honey Bee Venom (i1), IgE);;Сыворотка крови;до 3 к.д.;590,00
6206АБ;;;Формальдегид (k80), IgE (Formaldehyde/Formalin (k80), IgE);;Сыворотка крови;до 3 к.д.;590,00
6204АБ;;;Кофе (f221), IgE (Coffee (f221), IgE);;Сыворотка крови;до 3 к.д.;590,00
6207АБ;;;Цветная капуста (f291), IgE (Cauliflower (f291), IgE);;Сыворотка крови;до 3 к.д.;590,00
6208АБ;;;Брусника (f182), IgE (Cowberry (f182), IgE);;Сыворотка крови;до 3 к.д.;590,00
6209АБ;;;Голубика (f183), IgE (Bog whortleberry (f183), IgE);;Сыворотка крови;до 3 к.д.;590,00
6210АБ;;;Черника (f288), IgE (Blueberry (f288), IgE);;Сыворотка крови;до 3 к.д.;590,00
6211АБ;;;Чечевица (f235), IgE (Lentil (f235), IgE);;Сыворотка крови;до 3 к.д.;590,00
6212АБ;;;Солод (f90), IgE (Malt (f90), IgE);;Сыворотка крови;до 3 к.д.;590,00
6213АБ;;;Спаржа (f261), IgE (Asparagus (f261), IgE);;Сыворотка крови;до 3 к.д.;590,00
6214АБ;;;Перец сладкий (f218), IgE (Paprika (f218), IgE);;Сыворотка крови;до 3 к.д.;590,00
6215АБ;;;Кедровый орех (f253), IgE (Pine Nut (f253), IgE);;Сыворотка крови;до 3 к.д.;590,00
6216АБ;;;Свекла (f319), IgE (Beet (f319), IgE);;Сыворотка крови;до 3 к.д.;590,00
6217АБ;;;Смесь пищевых аллергенов (пшеница, овес, кукуруза, кунжут, греча, fm11), IgE (Mixed food allergen (wheat, oats, corn, sesame, buckwheat, fm11), IgE);;Сыворотка крови;до 3 к.д.;590,00
6218АБ;;;Перхоть кошки (e100), IgE (Cat dander (e100), IgE);;Сыворотка крови;до 3 к.д.;590,00
6219АБ;;;Клещ Euroglyphus maynei (d74), IgE;;Сыворотка крови;до 3 к.д.;590,00
6220АБ;;;Перья индюка (e89), IgE Turkey feathers (e89), IgE);;Сыворотка крови;до 3 к.д.;590,00
6221АБ;;;Эпителий и белки сыворотки и мочи крысы (e87), IgE (Rat epithelium, serum proteins + urine proteins IgE (e87), IgE);;Сыворотка крови;до 3 к.д.;590,00
6222АБ;;;Лисохвост луговой (g16), IgE (Meadow foxtail (g16), IgE);;Сыворотка крови;до 3 к.д.;590,00
6223АБ;;;Кабачок/цукини (f113), IgE (Squash/zucchini  (f113), IgE);;Сыворотка крови;до 3 к.д.;590,00
6224АБ;;;Мясо кролика (f213), IgE (Rabbit meat (f213), IgE);;Сыворотка крови;до 3 к.д.;590,00
6225АБ;;;Корица (f220), IgE (Cinnamon (f220), IgE);;Сыворотка крови;до 3 к.д.;630,00
6226АБ;;;Амоксициллин (c204), IgE (Amoxicillin (c204), IgE);;Сыворотка крови;до 3 к.д.;630,00
6227АБ;;;Ампициллин (c203), IgE (Ampicillin (c203), IgE);;Сыворотка крови;до 3 к.д.;630,00
6228АБ;;;Лук (f48), IgE (Onion (f48), IgE);;Сыворотка крови;до 3 к.д.;630,00
6229АБ;;;Эпителий хомяка (e84), IgE (Hamster epithelium (e84), IgE);;Сыворотка крови;до 3 к.д.;630,00
6230АБ;;;Эпителий мыши (e71), IgE (Mouse epithelium (e71), IgE);;Сыворотка крови;до 3 к.д.;630,00
6231АБ;;;Эпителий шиншиллы(e208), IgE (Chinchilla epithelium (e208), IgE);;Сыворотка крови;до 3 к.д.;630,00
6232АБ;;;Библиотечная пыль(h3), IgE (Books dust (h3), IgE);;Сыворотка крови;до 3 к.д.;630,00
6233АБ;;;Кальмар (f258), IgE (Squid (f258), IgE);;Сыворотка крови;до 3 к.д.;630,00
6234АБ;;;Мотыль (i73), IgE (Bloodworm (Chironomus spp.)  (i73), IgE);;Сыворотка крови;до 3 к.д.;630,00
6235АБ;;;Помет волнистого попугайчика (e77), IgE (Budgerigar droppings  (e77), IgE);;Сыворотка крови;до 3 к.д.;630,00
6236АБ;;;Перо утки (e86), IgE (Duck feathers  (e86), IgE);;Сыворотка крови;до 3 к.д.;630,00
6237АБ;;;Сосна обыкновенная (t16), IgE (Pinus sylvestris) (t16), IgE);;Сыворотка крови;до 3 к.д.;630,00
6238АБ;;;Костер (g11), IgE (Bromegrass (Bromus inermis) (g11), IgE);;Сыворотка крови;до 3 к.д.;630,00
6239АБ;;;Крапива двудомная, (w20), IgE Common nettle (Urtica dioica (w20), IgE;;Сыворотка крови;до 3 к.д.;630,00
6240АБ;;;Клен ясенелистный (t1), IgE Maple ash (Acer negundo, t1), IgE;;Сыворотка крови;до 3 к.д.;630,00
6241АБ;;;Собака перхоть (e5), IgE Dog dander (e5), IgE;;Сыворотка крови;до 3 к.д.;630,00
6242АБ;;;Амброзия обыкновенная (w1) , IgE;;Сыворотка крови;до 3 к.д.;630,00
6243АБ;;;Форель (F204) , IgE Trout (f204), IgE;;Сыворотка крови;до 3 к.д.;630,00
6244АБ;;;Фисташки (F203) , IgE Pistachio nut (f203), IgE;;Сыворотка крови;до 3 к.д.;630,00
6245АБ;;;Плесень Helminthosporium halodes (m8), IgE;;Сыворотка крови;до 3 к.д.;630,00
6246АБ;;;Плесень Mucor racemosus (m4), IgE Mucor racemosus (m4), IgE;;Сыворотка крови;до 3 к.д.;630,00
6247АБ;;;Гусиные перья (е70) , IgE Goose feathers (e70), IgE;;Сыворотка крови;до 3 к.д.;630,00
6248АБ;;;Перья длиннохвостого попугая (e93), IgE Parakeet feathers(e93), IgE;;Сыворотка крови;до 3 к.д.;630,00
6249АБ;;;Перья канарейки (e201) , IgE Canarian feathers(e201), IgE;;Сыворотка крови;до 3 к.д.;630,00
6250АБ;;;Перья попугая жако (e213) , IgE Grey parrot feathers (e213), IgE;;Сыворотка крови;до 3 к.д.;630,00
6251АБ;;;Эпителий и белки сыворотки и мочи мыши (e88), IgE Mouse epithelium+serum-urine proteins (e88), IgE;;Сыворотка крови;до 3 к.д.;630,00
6252АБ;;;Ива (Salix caprea) (t12), IgE Willow (Salix caprea) (t12), IgE;;Сыворотка крови;до 3 к.д.;630,00
6253АБ;;;Токсокара (p3), IgE (Toxocara canis (p3), IgE);;Сыворотка крови;до 3 к.д.;630,00
6254АБ;;;Анизакис (p4), IgE (Anisakis simplex (p4), IgE);;Сыворотка крови;до 3 к.д.;630,00
6255АБ;;;Шиповник (f340), IgE (Rose hips (f340), IgE);;Сыворотка крови;до 3 к.д.;630,00
6256АБ;;;Оливки (f342), IgE (Olive (f342), IgE);;Сыворотка крови;до 3 к.д.;630,00
6257АБ;;;Облепиха (f108), IgE (Sea buckthorn (f108), IgE);;Сыворотка крови;до 3 к.д.;630,00
6258АБ;;;Картофельная мука (крахмал) (f238), IgE (Potato starch (amylum) (f238), IgE);;Сыворотка крови;до 3 к.д.;630,00
6259АБ;;;Гранат (f295), IgE (Pomegranate (f295), IgE);;Сыворотка крови;до 3 к.д.;630,00
6261АБ;;;Фейхоа (f296), IgE (Feijoa (f296), IgE);;Сыворотка крови;до 3 к.д.;630,00
6262АБ;;;Смородина черная (f321), IgE (Black currant (f321), IgE);;Сыворотка крови;до 3 к.д.;630,00
6263АБ;;;Крыжовник (f327), IgE (Gooseberry (f327), IgE);;Сыворотка крови;до 3 к.д.;630,00
6264АБ;;;Глиадин (f233), IgE (Gliadin (f233), IgE);;Сыворотка крови;до 3 к.д.;630,00
6265АБ;;;Перья голубя (e215), IgE (Pigeon feathers (e215), IgE);;Сыворотка крови;до 3 к.д.;630,00
6266АБ;;;Табачный лист (o201), IgE (Tobacco (o201), IgE);;Сыворотка крови;до 3 к.д.;630,00
6267АБ;;;Мидия (f37), IgE (Blue mussel (f37), IgE);;Сыворотка крови;до 3 к.д.;630,00
6268АБ;;;Смесь аллергенов детского питания, fm1 (яичный белок, молоко коровье, треска, пшеница, соевые бобы, томаты, яичный желток), IgE (Infant food mix, fm1 (egg white, cow milk, codfish, wheat flour, soya bean, tomato, egg yolk), IgE);;Сыворотка крови;до 3 к.д.;990,00
6269АБ;;;Пырей ползучий (g21), IgE (Agropyron repens (g21), IgE);;Сыворотка крови;до 3 к.д.;630,00
6270АБ;;;Сирень обыкновенная (t24), IgE (Syringa vulgaris (t24), IgE);;Сыворотка крови;до 3 к.д.;630,00
6271АБ;;;Бук (древесная пыль) (o32), IgE (Beech wood (o32), IgE);;Сыворотка крови;до 3 к.д.;630,00
6272АБ;;;Дуб (древесная пыль) (o33), IgE (Oak wood (o33), IgE);;Сыворотка крови;до 3 к.д.;630,00
6273АБ;;;Сосна (древесная пыль) (o36), IgE (Pine wood (o36), IgE);;Сыворотка крови;до 3 к.д.;630,00
6274АБ;;;Вяз (древесная пыль) (o49), IgE (Elm wood (o49), IgE);;Сыворотка крови;до 3 к.д.;630,00
6275АБ;;;Сенная пыль (o7), IgE (Hay dust (o7), IgE);;Сыворотка крови;до 3 к.д.;630,00
6276АБ;;;Хна (k91), IgE (Henna (k91), IgE);;Сыворотка крови;до 3 к.д.;630,00
6277АБ;;;Бриллиантовый зеленый (k92), IgE (Brilliant green (k92), IgE);;Сыворотка крови;до 3 к.д.;630,00
6278АБ;;;Зверобой обыкновенный (w53), IgE (Hypericum perforatum (w53), IgE);;Сыворотка крови;до 3 к.д.;630,00
6279АБ;;;Алоэ древовидное (w65), IgE (Aloe arborescens (w65), IgE);;Сыворотка крови;до 3 к.д.;630,00
6280АБ;;;Мать-и-мачеха (w38), IgE (Coltsfoot (w38), IgE);;Сыворотка крови;до 3 к.д.;630,00
6281АБ;;;Смесь древесной пыли (бук, дуб, сосна, вяз (om1)), IgE (Wood mix (o32-o33-o36-o49) (om1), IgE);;Сыворотка крови;до 3 к.д.;630,00
6282АБ;;;Кипарис вечнозеленый (t23), IgE (Cupressus sempervirens (t23), IgE);;Сыворотка крови;до 3 к.д.;630,00
6284АБ;;;Роза (w28), IgE (Garden rose (w28), IgE);;Сыворотка крови;до 3 к.д.;630,00
6285АБ;;;Тюльпан (w30), IgE (Tulip (w30), IgE);;Сыворотка крови;до 3 к.д.;630,00
6286АБ;;;Герань (w35), IgE (Geranium(w35),IgE);;Сыворотка крови;до 3 к.д.;630,00
6287АБ;;;Лилия (w44), IgE (Madonna lily (w44), IgE);;Сыворотка крови;до 3 к.д.;630,00
6288АБ;;;Клевер луговой (w34), IgE (Red clover (w34), IgE);;Сыворотка крови;до 3 к.д.;630,00
6289АБ;;;Постенница (w21), IgE (Wall pellitory (w21), IgE);;Сыворотка крови;до 3 к.д.;630,00
6290АБ;;;Кипрей (Иван-чай) (w29), IgE (Fireweed (w29), IgE);;Сыворотка крови;до 3 к.д.;630,00
6291АБ;;;Яблоня (t25), IgE (Apple (t25), IgE);;Сыворотка крови;до 3 к.д.;630,00
6292АБ;;;Акация (t19), IgE (Acacia (t19), IgE);;Сыворотка крови;до 3 к.д.;630,00
6293АБ;;;Черемуха (t38), IgE (Bird cherry(t38), IgE);;Сыворотка крови;до 3 к.д.;630,00
6294АБ;;;Рябина обыкновенная(t45), IgE (Rowan(t45), IgE);;Сыворотка крови;до 3 к.д.;630,00
6295АБ;;;Каштан конский (t203), IgE (Horse chestnut (t203), IgE);;Сыворотка крови;до 3 к.д.;630,00
6296АБ;;;Мед (f247), IgE (Honey (f247), IgE);;Сыворотка крови;до 3 к.д.;630,00
6297АБ;;;Смесь сорных трав (w1-w6-w7-w10-w19), IgE амброзия обыкновенная, полынь обыкновенная, нивяник, марь белая, постенница лекарственная, Weed mixture (w1-w6-w7-w10-w19), IgE common ragweed, sagebrush, white weed, lamb's quarters, wall pellitory;;Сыворотка крови;до 3 к.д.;630,00
6298АБ;;;Смесь сорных трав (w1-w6-w7-w8-w9), IgE амброзия обыкновенная, полынь обыкновенная, нивяник, одуванчик, подорожник, Weed mixture (w1-w6-w7-w8-w9), IgE common ragweed, sagebrush, white weed, dandelion, plantain;;Сыворотка крови;до 3 к.д.;630,00
6299АБ;;;Аспергиллюс черный (m33) IgE, Aspergillus niger (m33) IgE;;Сыворотка крови;до 3 к.д.;630,00
6300АБ;;;Смесь аллергенов деревьев (t1-t3-t7-t8-t9-t10) IgE клен ясенелистный, береза бородавчатая, дуб, вяз, маслина европейская, грецкий орех, Tree allergen mixture (t1-t3-t7-t8-t9-t10) IgE maple ash, birch, oak, elm, olive, walnut;;Сыворотка крови;до 3 к.д.;630,00
6301АБ;;;Смесь бытовых аллергенов (d1-d2-e1-e2) IgE, Domestic allergen mixture (d1-d2-e1-e2) IgE, Domestic allergen mixture (d1-d2-e1-e2) IgE Dermatophagoides pteronyssimus, Dermatophagoides farinae, feline epithelium, canine epithelium;;Сыворотка крови;до 3 к.д.;630,00
6302АБ;;;Эпителиальная смесь (e1-e2-e3-e4-e5-e70-e81-e85-e86-e100) IgE эпителий кошки, эпителий собаки, перхоть лошади, перхоть коровы, перхоть собаки, гусиные перья, эпителий овцы, куриные перья, утиные перья, перхоть кошки, Epithelial mixture (e1-e2-e3-e4-e5-e70-e81-e85-e86-e100) IgE feline epithelium, canine epithelium, horse dandruff, cow dandruff, canine dandruff, goose feathers, sheep epithelium, chicken feathers, duck feathers, feline dandruff;;Сыворотка крови;до 3 к.д.;630,00
6303АБ;;;Смесь пищевая (мясо) (f26-f27-f83-f284) IgE свинина, говядина, куриное мясо, мясо индейки, Food mixture (meat) (f26-f27-f83-f284) IgE pork, beef, chicken meat, turkey meat;;Сыворотка крови;до 3 к.д.;630,00
6304АБ;;;Смесь аллергенов злаковых (f4-f6-f7-f8-f9) IgE пшеница, ячмень, овес, кукуруза, рис, Cereal allergen mixture (f4-f6-f7-f8-f9) IgE wheat, barley, oat, corn, rice;;Сыворотка крови;до 3 к.д.;630,00
6305АБ;;;Смесь аллергенов орехов (f13-f17-f20-f36-f256) IgE арахис, фундук, миндаль, кокос, грецкий орех, Nut allergen mixture (f13-f17-f20-f36-f256) IgE peanut, hazelnut, almond, coconut, walnut;;Сыворотка крови;до 3 к.д.;630,00
6306АБ;;;Смесь луговых трав (g2-g3-g5-g6-g8-g10-g12-g13-g14-g15-g16) IgE свинорой пальчатый, ежа сборная, плевел, тимофеевка луговая, мятлик луговой, сорго, рожь посевная, бухарник шерстистый, овес посевной, пшеница посевная, лисохвост луговой, Meadow grass mixture (g2-g3-g5-g6-g8-g10-g12-g13-g14-g15-g16) IgE dog's tooth grass, cocksfoot, ryegrass, timothy grass, meadow grass, sorghum, rye, Yorkshire fog, oat, wheat, foxtail grass;;Сыворотка крови;до 3 к.д.;630,00
6307АБ;;;Смесь аллергенов домашней пыли (h1-d1-d2-i6) IgE домашняя пыль, Dermatophagoides pteronyssinus, Dermatophagoides farinae, таракан-прусак, Domestic duct allergen mixture (h1-d1-d2-i6) IgE domestic dust, Dermatophagoides pteronyssinus, Dermatophagoides farinae, cockroach (croton-bug);;Сыворотка крови;до 3 к.д.;630,00
6308АБ;;;Кефир (f63) IgE, Kefir (f63) IgE;;Сыворотка крови;до 3 к.д.;630,00
6309АБ;;;Кунжут (f10) IgE, Sesame seed (f10) IgE;;Сыворотка крови;до 3 к.д.;630,00
6317АБ;;;Смесь клещевых аллергенов (d1-d2-d3-d70-d71-d72-d73-d74) IgE (Mite allergen mixture (d1-d2-d3-d70-d71-d72-d73-d74) IgE Dermatophagoides pteronyssinus, Dermatophagoides farinae, Dermatophagoides microceras, Acarus siro, Lepidoglyfus destructor,  Tyrophagus putreus, Glycophagus domesticus, Euroglyphus maynei);;Сыворотка крови;до 3 к.д.;630,00
16. ИССЛЕДОВАНИЕ СПЕРМЫ И СВЯЗАННЫЕ ТЕСТЫ;;;;;;;
;;;;;;;
16.1. Светооптическое исследование сперматозоидов;;;;;;;
;;;;;;;
16.2. Электронно-микроскопическое исследование спермы;;;;;;;
;;;;;;;
16.3. Антиспермальные антитела;;;;;;;
;;;;;;;
224;;;Антитела антиспермальные в сперме (Anti-Spermatozoa Antibodies, ASA, Semen);;Эякулят;до 12 р.д.;1 550,00
17. ИССЛЕДОВАНИЯ ЖЕЛЧИ;;;;;;;
;;;;;;;
17.1. Исследование желчного камня;;;;;;;
;;;;;;;
1570ЖК;;;Исследование желчных камней (Gallstones diagnosis);;Желчный камень;до 10 р.д.;4 265,00
18. ЦИТОЛОГИЧЕСКИЕ ИССЛЕДОВАНИЯ;;;;;;;
*Для тестов, помеченных *, необходима пробоподготовка (КЖЦ) -  необходимо заблаговременно приобрести контейнер на платной основе, в  случае, если взятие будет осуществляться в МО, будет добавлена пробоподготовка (КЖЦ);;;;;;;
18.1. Жидкостная цитология, окрашивание по Папаниколау;;;;;;;
** Исследование № ИЦХ выполняется в комплексе с исследованием № 547N. Исследование № ИЦХ нельзя заказать отдельно!;;;;;;;
КЖЦ;;;Пробоподготовка (КЖЦ);;;;315,00
518;;;Жидкостная цитология. Цитологическое исследование биоматериала шейки матки (окрашивание по Папаниколау);;Соскоб;до 6 р.д.;1 415,00
547N;;;Цитологическое и иммуноцитохимическое исследование c маркерами p16INK4a и Ki-67 для подтверждения дисплазии в мазках слизистой шейки матки;;Соскоб;до 8 р.д.;11 100,00
ИЦХ;;;ИЦХ-исследование p16INK4a и Ki-67;;Соскоб;до 8 р.д.;9 690,00
518(3058);;;Жидкостная цитология. Цитологическое исследование биоматериала шейки матки (окрашивание по Папаниколау);;Соскоб;до 6 р.д.;1 263,00
18.2. Окрашивание по Папаниколау ‒ Рар-тест;;;;;;;
;;;;;;;
517;;;Цитологическое исследование биоматериала шейки матки (окрашивание по Папаниколау, Рар-тест) (Cytological Examination: Cervix, Pap-test);;Соскоб;до 4 р.д.;1 255,00
519;;;Цитологическое исследование биоматериала соскобов вульвы и влагалища, кроме шейки матки (окрашивание по Папаниколау, Рар-тест);;Соскоб;до 3 р.д.;1 255,00
18.3. Окрашивание по Романовскому-Гимзе;;;;;;;
;;;;;;;
500;;;Цитологическое исследование материала, полученного при хирургических вмешательствах и других срочных исследованиях (Cytological Examination of Material Obtained during Surgical Procedures and Other Urgent Research);;Мазки, отпечатки, жидкость;до 3 р.д.;965,00
502;;;Исследование соскобов и отпечатков с поверхности кожи и слизистых (Examination of Scrapings and Prints of Skin and Mucous Membranes);;"Отделяемое глаза; Соскоб";до 3 р.д.;510,00
503;;;Исследование соскобов и отпечатков опухолей и опухолеподобных образований (Examination of Scrapings and Prints Tumor and Tumor Like Formations);;Соскоб;до 3 р.д.;765,00
504ЭНД;;;Исследование эндоскопического материала (Examination of Endoscopic Material);;"Эндоскопический материал желудок; Эндоскопический материал кишечник; Эндоскопический материал пищевода";до 3 р.д.;765,00
504СБР;;;Исследования промывных вод бронхов (Исследование смывов с бронхов) (Examination of Bronchial Washouts);;Смыв;до 3 р.д.;765,00
505;;;Исследование соскобов шейки матки и цервикального канала (Examination of Scrapings: Cervix and Cervical Canal );;Соскоб;до 4 р.д.;635,00
505Б;;;Цитологическое исследование эпителия шейки матки с описанием по терминологической системе Бетесда (The Bethesda System − TBS) (Cytological Examination of Cervical Epithelium with Description on The Bethesda System, TBS);;Соскоб;до 4 р.д.;635,00
506АСП;;;Исследование аспирата из полости матки (мазки) (Examination of Uterine Aspiration );;Аспират;до 3 р.д.;665,00
506ВМС;;;Исследование отпечатка с внутриматочной спирали (ВМС) (Examination of Imprint Intrauterine Device, IUD);;Отделяемое половых органов;до 3 р.д.;665,00
507МОЧ;;;Исследование мочи (Examination of Urine);;Моча;до 3 р.д.;620,00
507МЖЕ;;;Исследование выделений из молочной железы (Examination of Breast Discharge);;Отделяемое из соска;до 3 р.д.;620,00
507ТЭС;;;Исследование транссудатов, экссудатов, секретов (Examination of Transudates, Exudates, Secrets);;"Асцитическая жидкость; Плевральная жидкость";до 3 р.д.;620,00
508;;;Исследование мокроты (Examination of Sputum);;Мокрота;до 3 р.д.;965,00
509МЖЕ;;;Исследование пунктатов молочной железы (Examination of Punctates: Breast);;Пунктат;до 3 р.д.;765,00
509КОЖ;;;Исследование пунктатов кожи (Examination of Punctates: Skin);;Пунктат;до 3 р.д.;765,00
510;;;Исследование пунктатов других органов и тканей (Examination of Punctates: Other Organs and Tissues);;"Пунктат; Узел доли щитовидной железы";до 3 р.д.;965,00
510Б;;;Цитологическое исследование пунктата щитовидной железы с описанием по терминологической классификации Бетесда (The Bethesda System for Reporting Thyroid Cytopathology (TBSRTC), Fine-Needle Aspiration (FNA));;Мазок;до 3 р.д.;490,00
512;;;Цитологическое исследование соскоба (мазка) слизистой оболочки полости носа (одна локализация) (Cytological Examination: Scrapings (Smear) of Nasal Mucous Membrane (1 Localization));;Соскоб;до 3 р.д.;910,00
514;;;Исследование эндоскопического материала на наличие Helicobacter pylori (Examination of Endoscopic Material: Presence of Helicobacter pylori);;Эндоскопический материал;до 3 р.д.;845,00
18.4. Консультация готовых препаратов;;;;;;;
;;;;;;;
5000;;;Консультация готовых цитологических препаратов (одно стекло) (Consultation of Finished Cytological Preparations (1 Glass));;Произвольный биоматериал;до 3 р.д.;455,00
19. ГИСТОЛОГИЧЕСКИЕ ИССЛЕДОВАНИЯ;;;;;;;
*Для тестов, помеченных * необходима пробоподготовка (КГИСТ) - необходимо заблаговременно приобрести контейнер на платной основе, при взяти биоматериала в МО в заказ будет включена Пробподготовка (КГИСТ).;;;;;;;
19.1. Гистологические исследования с окрашиванием гематоксилин-эозином;;;;;;;
** Исследование № 528 выполняется в комплексе с исследованием № 511 и 551. Исследование № 528 нельзя заказать отдельно!;;;;;;;
КГИСТ;;;Пробоподготовка (КГИСТ);;;;90,00
511;;;"Гистологическое исследование биопсийного материала и материала, полученного при хирургических вмешательствах (эндоскопического материала; тканей женской половой системы; кожи, мягких тканей; кроветворной и лимфоидной тканей; костно-хрящевой ткани)*";;"Анальная трещина; Аспират; Биоптат; Произвольный биоматериал; Соскоб";до 5 р.д.;2 465,00
511ПЖ;;;Мультифокальная биопсия ПЖ;;Биоптат;до 6 р.д.;6 500,00
5110;;;Консультация готовых гистологических препаратов (1 стекло + 1 блок) (Consultation of Finished Histological Preparations (1 Glass + 1 Block));;Парафиновый блок + стекло;до 6 р.д.;1 360,00
516;;;Гистохимическое исследование Helicobacter pylori (слизь) (Helicobacter pylori, Mucus, Histochemical Study)*;;Эндоскопический материал;до 6 р.д.;2 475,00
524;;;Гастрит, ассоциированный с Helicobacter pylori (гистологический профиль) (Helicobacter pylori Associated Gastritis)*;;Биоптат;до 6 р.д.;4 695,00
528;;;Гистологическое исследование биоптатов желудка (PAS-реакция);;"Аспират; Биоптат; Произвольный биоматериал; Соскоб";до 3 р.д.;335,00
534;;;Биопсийная диагностика дерматозов - морфологическое исследование биоптатов в целях диагностики заболеваний кожи (кроме новообразований) (Pathology of skin biopsyes)*;;Биоптат;до 7 р.д.;2 395,00
551;;;Комплексная гистохимическая диагностика заболеваний верхних отделов ЖКТ (пищевода, желудка, двенадцатиперстной кишки) (Complex morphological and histochemical assessment of diseases upper digestive system);;"Анальная трещина; Аспират; Биоптат; Произвольный биоматериал; Соскоб";до 7 р.д.;1 270,00
579;;;Гистохимическое исследование биопсийного и операционного материала;;Биоптат;до 3 р.д.;3 350,00
580;;;OLGA-system;;Биоптат;до 6 р.д.;3 390,00
581;;;ISO-сертифицированное производство гистологических препаратов с рутинными окрасками из доставленного фиксированного биопсийного материала с декальцинацией (трепанобиоптаты и образования костей).;;Биоптат;до 41 р.д.;6 110,00
5501;;;Молекулярно-генетическое исследование при меланоме (BRAF, NRAS);;Биоптат;до 9 р.д.;10 190,00
5502;;;Молекулярно-генетическое исследование при GIST-опухолях (cKIT, PDGFRa);;Биоптат;до 9 р.д.;16 390,00
5503;;;Молекулярно-генетическое исследование при раке желудка (MSI, HER2);;Биоптат;до 12 р.д.;11 810,00
5504;;;Молекулярно-генетическое исследование при колоректальном раке (BRAF, KRAS, NRAS, MSI);;Биоптат;до 9 р.д.;19 590,00
5505;;;Молекулярно-генетическое исследование при раке легкого (BRAF, KRAS, EGFR, HER2);;Биоптат;до 9 р.д.;13 890,00
5510;;;Молекулярно-генетическое исследование копийности генов при раке молочной железы (19 генов);;Биоптат;до 9 р.д.;10 290,00
5511;;;Полное наименование - Молекулярно-генетическое исследование при раке тела матки (MSI, POLE);;Биоптат;до 12 р.д.;5 890,00
5512;;;Выявление транслокаций EML4-ALK, ROS1 и мутаций в гене MET;;Биоптат;до 9 р.д.;14 190,00
51104;;;Патологоанатомическое исследование диагностического и операционного материала (до 6-ти флаконов) (Pathology examination of diagnostic and surgical biopsy);;"Аспират; Биоптат; Произвольный биоматериал";до 6 р.д.;4 085,00
51105;;;Патологоанатомическое исследование диагностического и операционного материала (до 12-ти флаконов) (Pathology examination of diagnostic and surgical biopsy);;"Аспират; Биоптат; Произвольный биоматериал";до 6 р.д.;4 085,00
51106;;;Стандартизованное морфологическое исследование слизистой оболочки тонкой кишки на целиакию (H&E);;Биоптат;до 8 р.д.;10 090,00
7020;;;Молекулярное исследование рака простаты (МГИ: PTEN, RB1, TP53, BRCA1/2);;Биоптат;до 9 р.д.;8 990,00
51120ГИЭ;;;Патологоанатомическое исследование операционного материала (более 12-ти блоков);;"Аспират; Биоптат; Произвольный биоматериал";до 5 р.д.;8 190,00
5110-5;;;Консультация готовых гистологических препаратов (до 5 парафиновых блоков и стекол);;Произвольный биоматериал;до 5 р.д.;2 890,00
5110-10;;;Консультация готовых гистологических препаратов (до 10 парафиновых блоков и стекол);;Произвольный биоматериал;до 5 р.д.;3 990,00
5110-15;;;Консультация готовых гистологических препаратов (до 15 парафиновых блоков и стекол);;Произвольный биоматериал;до 5 р.д.;5 280,00
5110-20;;;Консультация готовых гистологических препаратов (до 20 парафиновых блоков и стекол);;Произвольный биоматериал;до 5 р.д.;6 425,00
5110-25;;;Консультация готовых гистологических препаратов (до 25 парафиновых блоков и стекол);;Произвольный биоматериал;до 5 р.д.;7 600,00
5110-30;;;Консультация готовых гистологических препаратов (до 30 парафиновых блоков и стекол);;Произвольный биоматериал;до 5 р.д.;8 800,00
5110-35;;;Консультация готовых гистологических препаратов (до 35 парафиновых блоков и стекол);;Произвольный биоматериал;до 5 р.д.;10 005,00
5110-40;;;Консультация готовых гистологических препаратов (до 40 парафиновых блоков и стекол);;Произвольный биоматериал;до 5 р.д.;11 415,00
511ГИН;;;Гистологическое исследование соскобов цервикального канала и полости матки при раздельном диагностическом выскабливании;;Произвольный биоматериал;до 5 р.д.;2 990,00
511КОЖ;;;Гистологическая биопсийная диагностика новообразований кожи;;Произвольный биоматериал;до 5 р.д.;2 490,00
511-1К;;;Гистологическое исследование малого операционного материала первого класса сложности;;Произвольный биоматериал;до 5 р.д.;2 990,00
511-2К;;;Гистологическое исследование малого операционного материала второго класса сложности;;Произвольный биоматериал;до 5 р.д.;3 390,00
511-3К;;;Гистологическое исследование малого операционного материала третьего класса сложности;;Произвольный биоматериал;до 5 р.д.;5 990,00
511-4К;;;Гистологическое исследование операционного материала четвертого класса сложности;;Произвольный биоматериал;до 5 р.д.;10 500,00
511-5К;;;Гистологическое исследование операционного материала пятого класса сложности;;Произвольный биоматериал;до 5 р.д.;16 990,00
51101МСК;;;Морфологическая диагностика язвенного колита и болезни Крона (Morphological diagnosis of the ulcerative colitis and the Crohn's disease);;Биоптат;до 5 р.д.;3 590,00
19.2. Иммуногистохимические исследования;;;;;;;
;;;;;;;
РШМ-Г;;;Комплексная ИГХ-диагностика дисплазии в слизистой оболочки шейки матки, p16INK4a + Ki-67 ( инцизионная биопсия, формалиновый буфер);;"Молочная железа; Произвольный биоматериал";до 7 р.д.;9 490,00
РШМ-Б;;;Иммуногистохимический скрининг рака шейки матки – исследование двух маркеров для ранней диагностики дисплазии с высокой степенью риска озлокачествления: p16INK4a + Ki-67 (биоматериал, фиксированный в парафиновом блоке) (Cervical Cancer – Study of Two Markers for Early Diagnosis Dysplasia with High Risk Malignancy: p16INK4a + Ki-67, Immunohistochemical Screening (Fixed Biomaterial in Paraffin Block));;"Молочная железа; Произвольный биоматериал";до 7 р.д.;9 490,00
РМЖ-Г;;;Комплексная иммуногистохимическая (ИГХ) диагностика рака молочной железы, рецепторы к эстрогенам и прогестерону, Ki-67, HER2/neu (трепан-биопсия, формалиновый буфер);;"Аспират; Биоптат; Молочная железа; Произвольный биоматериал";до 7 р.д.;18 815,00
РМЖ-Б;;;Рак молочной железы – комплексный иммуногистохимический профиль (биоматериал, фиксированный в парафиновом блоке) (Breast Cancer, Immunohistochemistry, IHC (Paraffin-Embedded Tissue Block));;"Аспират; Биоптат; Молочная железа; Парафиновый блок; Произвольный биоматериал";до 7 р.д.;18 815,00
525;;;Иммуногистохимическое исследование (ИГХ), рецепторы к эстрогенам и прогестерону ER/PR ( инцизионная биопсия/аспират/трепан-биопсия, формалиновый буфер);;"Аспират; Биоптат; Молочная железа";до 7 р.д.;7 710,00
5251;;;Рецепторы к эстрогенам и прогестерону, иммуногистохимическое исследование (биоматериал, фиксированный в парафиновом блоке) (Estrogen and Progesterone Receptors, Immunohistochemical Study (Fixed Biomaterial in Paraffin Block));;"Молочная железа; Аспират; Биоптат";до 7 р.д.;8 340,00
5111ИГХ;;;Иммуногистохимическое исследование (ИГХ) пролиферативной активности Ki-67 (инцизионная биопсия, формалиновый буфер);;"Молочная железа; Произвольный биоматериал";до 7 р.д.;6 110,00
5222ИГХ;;;Ki-67 (MIB-1) экспрессия, иммуногистохимическое исследование: оценка пролиферативной активности по экспрессии Ki-67 (биоматериал, фиксированный в парафиновом блоке) (Ki-67 (MIB-1) Expression, Assessment of Proliferative Activity by Expression Ki-67, Immunohistochemical Study (Fixed Biomaterial in Paraffin Block));;"Молочная железа; Произвольный биоматериал";до 7 р.д.;6 110,00
5112ИГХ;;;Иммуногистохимическое исследование (ИГХ) HER2/neu статуса (инцизионная биопсия, формалиновый буфер);;"Биоптат; Молочная железа";до 7 р.д.;7 890,00
530FISН;;;Определение HER2 статуса опухоли методом иммунофлуоресцентной гибридизации in situ (FISH) (Determination of HER2 Status of Tumor, Fluorescence In Situ Hybridization);;Парафиновый блок + стекло;до 19 р.д.;26 350,00
532ИГХ;;;Комплексная ИГХ-диагностика рака предстательной железы (альфа-метилацил-КоА-рацемаза (P504S, AMACR), цитокератины высокого молекулярного веса (34ßE12), p63 (инцизионная биопсия, формалиновый буфер);;Биоптат;до 8 р.д.;13 685,00
533ИГХ;;;Рак предстательной железы – комплексное иммуногистохимическое исследование с оценкой экспрессии: альфа-метилацил-КоА-рацемазы (P504S, AMACR), цитокератинов высокого молекулярного веса (34ßE12), белка p63 (Prostate cancer – complex immunomorphological examination using assessment of the expression AMACR,  high molecular weight cytokeratin (34ßE12), p63);;Парафиновый блок;до 8 р.д.;13 685,00
5113ИГХ;;;HER2/neu экспрессия, HER2-статус, иммуногистохимическое исследование, ИГХ (биоматериал, фиксированный в парафиновом блоке) (HER2/neu Expression, HER2 Status, Immunohistochemical Study (Fixed Biomaterial in Paraffin Block));;"Молочная железа; Парафиновый блок";до 7 р.д.;7 890,00
5114ИГХ;;;Иммуногистохимическая диагностика (ИГХ) хронического эндометрита, CD138 (аспират, формалиновый буфер);;Произвольный биоматериал;до 7 р.д.;6 020,00
5115ИГХ;;;Иммуногистохимическая диагностика хронического эндометрита – выявление плазматических клеток (CD138) (биоматериал, фиксированный в парафиновом блоке) (Chronic Endometritis, Identification of Plasma Cells CD138, Immunohistochemical Diagnosis (Fixed Biomaterial in Paraffin Block));;Биоптат;до 7 р.д.;6 020,00
5116ИГХ;;;Иммуногистохимическое исследование (ИГХ), p16INK4a  (инцизионная биопсия, формалиновый буфер);;"Молочная железа; Произвольный биоматериал";до 7 р.д.;5 325,00
5117ИГХ;;;Иммуногистохимическое исследование маркера ранней диагностики дисплазии с высокой степенью риска озлокачествления: p16INK4a (биоматериал, фиксированный в парафиновом блоке) (Early Diagnosis Marker of Dysplasia with High Risk Malignancy: p16INK4a, Immunohistochemical Study (Fixed Biomaterial in Paraffin Block));;"Молочная железа; Произвольный биоматериал";до 7 р.д.;5 325,00
5118ИГХ;;;Иммуногистохимическое (ИГХ) исследование: диагностика лимфопролиферативных заболеваний (биоматериал, заключенный в парафиновый блок) (Immunohistochemical diagnosis of lymphoproliferative diseases (Tissue Embedded in Paraffin Block));;Произвольный биоматериал;до 18 р.д.;25 385,00
5119ИГХ;;;Иммуногистохимическое (ИГХ) исследование: диагностика лимфопролиферативных заболеваний (биоматериал, фиксированный в формалиновом буфере) (Immunohistochemical diagnosis of lymphoproliferative diseases (Fixed Biomaterial in Formalin Buffer))*;;Произвольный биоматериал;до 18 р.д.;25 385,00
5120ИГХ;;;Иммуногистохимическое (ИГХ) исследование: диагностика гистогенеза метастазов при неустановленном первичном очаге (спектр маркеров для выявления тканевой принадлежности) (биоматериал, заключенный в парафиновый блок) (Immunohistochemical diagnosis in cancer metastasis of unknown primary origin  (Tissue Embedded  in Paraffin Block));;Произвольный биоматериал;до 18 р.д.;25 385,00
5121ИГХ;;;Иммуногистохимическое (ИГХ) исследование: диагностика гистогенеза метастазов при неустановленном первичном очаге (спектр маркеров для выявления тканевой принадлежности) (биоматериал, фиксированный в формалиновом буфере) (Immunohistochemical diagnosis in cancer metastasis of unknown primary origin (Fixed Biomaterial in Formalin Buffer))*;;Произвольный биоматериал;до 18 р.д.;25 385,00
535;;;Иммуногистохимимческая (ИГХ) дифференциальная диагностика меланомы (инцизионная биопсия, формалиновый буфер);;Биоптат;до 18 р.д.;21 275,00
536;;;Дифференциальная диагностика меланомы, иммуногистохимическое (ИГХ) исследование, оценка экспрессии S-100, Melan A (MART-1), HMB-45, SOX-10 (IHC verification of malignant melanoma using assessment of the expression S-100, Melan A (MART-1), HMB-45, SOX-10);;Биоптат;до 18 р.д.;21 275,00
537;;;Иммуногистохимическое исследование (1 маркер): уточняющее ИГХ-исследование с использованием 1 антитела (маркера);;Парафиновый блок;до 7 р.д.;1 815,00
549;;;Определение экспрессии белка PD-L1 в ткани опухоли методом ИГХ c использованием антител к PD-L1 клон SP263 (Ventana).  (PD-L1 expression in tumor tissue by IHC using PD-L1 clone SP263 (Ventana) antibodies).;;Биоптат;до 13 р.д.;24 590,00
550;;;Определение экспрессии белка PD-L1 в ткани опухоли методом ИГХ c использованием антител к PD-L1 клон SP142 (Ventana).  (PD-L1 expression in tumor tissue by IHC using PD-L1 clone SP142 (Ventana) antibodies).;;Биоптат;до 13 р.д.;24 590,00
554;;;Определение экспрессии белка PD-L1 в ткани опухоли методом ИГХ с использованием антител к PD-L1 клон 22С3 (Dako). (PD-L1 expression in tumor tissue by IHC using PD-L1 clone 22C3 (Dako) antibodies).;;Биоптат;до 13 р.д.;34 710,00
552;;;Иммуногистохимическая диагностика новообразований желудочно-кишечного тракта.;;Парафиновый блок;до 11 р.д.;15 190,00
553;;;Иммуногистохимическая диагностика новообразований легкого;;Парафиновый блок;до 11 р.д.;15 190,00
556;;;Иммуногистохимическая диагностика новообразований органов женской репродуктивной системы.;;Парафиновый блок;до 11 р.д.;20 190,00
511ГИЭСПБ;;;Гистологическое исследование биопсийного и эндоскопического материала (БС);;"Анальная трещина; Аспират; Биоптат; Произвольный биоматериал; Соскоб";до 6 р.д.;2 390,00
5110ГКСПБ;;;Консультация готовых гистологических препаратов (1 стекло+1 парафиновый блок) Consultation of ready histologic preparations (1 glass+1 paraffin block);;Парафиновый блок + стекло;до 6 р.д.;2 090,00
51103СПБ;;;Гистологическое исследование материала, полученного при малых хирургических операциях (Histologic examination of material from minor surgical procedures);;Биоптат;до 8 р.д.;2 390,00
51106К;;;Консультация готовых гистологических препаратов слизистой оболочки тонкой кишки при диагностике целиакии (1 блок + 1 стекло);;Биоптат;до 7 р.д.;5 990,00
51107;;;Гистологическое исследование операционного материала (13-40 парафиновых блоков) (Histologic examination of surgical material (13-40 paraffin blocks));;Биоптат;до 7 р.д.;32 690,00
51103;;;Гистологическое исследование биопсийного материала;;;до 6 р.д.;2 390,00
587;;;Определение транслокации гена ALK иммуногистохимическим методом исследования;;Парафиновый блок;до 7 р.д.;10 990,00
588;;;Определение транслокации гена ROS1 иммуногистохимическим методом исследования;;Парафиновый блок;до 7 р.д.;10 990,00
589;;;Определение микросателлитной нестабильности иммуногистохимическим  методом исследования;;Парафиновый блок;до 7 р.д.;22 990,00
586;;;Иммуногистохимическая диагностика первичных новообразований центральной нервной системы (Immunohistochemical diagnostics of primary tumors of the central nervous system);;Парафиновый блок;до 10 р.д.;46 900,00
5118РЦ;;;Иммуногистохимическое (ИГХ) исследование: диагностика лимфопролиферативных заболеваний  (инцизионная биопсия, формалиновый буфер);;Произвольный биоматериал;до 17 р.д.;57 990,00
5119РЦ;;;Иммуногистохимическое (ИГХ) исследование: диагностика лимфопролиферативных заболеваний (материал: биоптат опухоли, в парафиновом блоке)  с консультацией в экспертной лаборатории статуса «Референс-центр»;;Произвольный биоматериал;до 17 р.д.;57 990,00
5120РЦ;;;ИГХ-исследование: диагностика гистогенеза метастазов при неустановленном первичном очаге (спектр маркеров для выявления тканевой принадлежности (инцизионная биопсия, формалиновый буфер) с консультацией в экспертной  лаборатории статуса <<Референс-центр>>;;Произвольный биоматериал;до 17 р.д.;56 990,00
5121РЦ;;;Иммуногистохимическое (ИГХ) исследование: диагностика гистогенеза метастазов при неустановленном первичном очаге (спектр маркеров для выявления тканевой принадлежности, материал: биоптат опухоли в парафиновом блоке) с консультацией в экспертной лаборатории статуса «Референс-центр»;;Произвольный биоматериал;до 17 р.д.;57 990,00
537(2АТ);;;Иммуногистохимическое исследование (2 маркера): уточняющее ИГХ-исследование с использованием 2 антител (маркеров);;Биоптат;до 6 р.д.;10 590,00
537(3АТ);;;Иммуногистохимическое исследование (3 маркера): уточняющее ИГХ-исследование с использованием 3 антител (маркеров);;Биоптат;до 6 р.д.;14 390,00
537(4АТ);;;Иммуногистохимическое исследование (4 маркера): уточняющее ИГХ-исследование с использованием 4 антител (маркеров);;Биоптат;до 6 р.д.;18 290,00
537(5АТ);;;Иммуногистохимическое исследование (5 маркеров): уточняющее ИГХ-исследование с использованием 5 антител (маркеров);;Биоптат;до 6 р.д.;22 090,00
537(6АТ);;;Иммуногистохимическое исследование (6 маркеров): уточняющее ИГХ-исследование с использованием 6 антител (маркеров);;Биоптат;до 6 р.д.;25 990,00
537(7АТ);;;Иммуногистохимическое исследование (7 маркеров): уточняющее ИГХ-исследование с использованием 7 антител (маркеров);;Биоптат;до 6 р.д.;31 790,00
537(8АТ);;;Иммуногистохимическое исследование (8 маркеров): уточняющее ИГХ-исследование с использованием 8 антител (маркеров);;Биоптат;до 6 р.д.;35 690,00
537(9АТ);;;Иммуногистохимическое исследование (9 маркеров): уточняющее ИГХ-исследование с использованием 9 антител (маркеров);;Биоптат;до 6 р.д.;39 990,00
537(10АТ);;;Иммуногистохимическое исследование (10 маркеров): уточняющее ИГХ-исследование с использованием 10 антител (маркеров);;Биоптат;до 6 р.д.;43 790,00
515ИГХ;;;Иммуногистохимическое иследование трепанобиоптата костного мозга (Immunohistochemistry of bone marrow biopsy);;Парафиновый блок;до 17 р.д.;66 990,00
537ПИГХ;;;Иммуногистохимическое окрашивание (1 маркер) с антителами высокой ценовой категории (Immunohistochemical staining (1 marker) with high-price antibodies);;;до 6 р.д.;5 990,00
580OLGAHP;;;Биопсийное исследование слизистой желудка по стандарту международной классификации OLGA-system с определением Хеликобактер Пилори (Gastric mucosa biopsy assessment according to the OLGA-system international classification standard with the detection of Helicobacter pylori);;Биоптат;до 6 р.д.;2 790,00
5144ИГХ;;;Комплексная ИГХ -диагностика хронического эндометрита: CD138, CD4, CD8, CD20 (биопсийный материал, формалиновый буфер) (IHC diagnosis of chronic endometritis: CD138, CD4, CD8, CD20 (biopsy material, formalin buffer));;;до 7 р.д.;9 990,00
5145ИГХ;;;Комплексная ИГХ -диагностика хронического эндометрита: CD138, CD4, CD8, CD20 (биопсийный материал, парафиновый блок) (IHC diagnosis of chronic endometritis: CD138, CD4, CD8, CD20 (biopsy material, paraffin block));;;до 7 р.д.;9 990,00
5114К;;;Иммуногистохимическая диагностика (ИГХ) хронического эндометрита, CD138 (аспират, формалиновый буфер) с подсчетом количества плазматических клеток;;Произвольный биоматериал;до 7 р.д.;8 990,00
5115К;;;Иммуногистохимическая диагностика хронического эндометрита – выявление и подсчет иммунопозитивных плазматических клеток (CD138) (биоматериал, фиксированный в парафиновом блоке) (Immunohistochemical diagnostics of chronic endometritis – identification and counting of immunopositive plasma cells CD138);;Парафиновый блок;до 7 р.д.;7 990,00
20. ЦИТОГЕНЕТИЧЕСКИЕ ИССЛЕДОВАНИЯ;;;;;;;
;;;;;;;
20.1. Цитогенетические исследования;;;;;;;
;;;;;;;
7811;;;Исследование кариотипа (количественные и структурные аномалии хромосом) (Karyotype);;Кровь;до 19 р.д.;7 090,00
7312;;;Исследование кариотипа (Количественные и структурные аномалии хромосом) с обязательной выдачей кариограммы;;Кровь;до 19 р.д.;7 690,00
7313;;;Кариотип плода (абортный материал);;Абортный материал;до 14 р.д.;17 790,00
777729;;;Исследование хромосом в абортивном материале, скрининг;;Биоптат;до 9 р.д.;6 990,00
777750;;;Исследование хромосом в абортивном материале, расширенное;;Биоптат;до 9 р.д.;16 190,00
777794;;;Хромосомный микроматричный анализ;;Кровь;до 32 р.д.;25 190,00
777795;;;ХМА абортного материала;;Абортный материал;до 14 р.д.;14 490,00
7025;;;Хромосомный микроматричный анализ абортивного материала расширенный (CMA of miscarriage tissue extended);;Абортный материал;до 14 р.д.;25 900,00
7824;;;Кариотип с аберрациями (при воздействии мутагенных факторов и онкогематологических заболеваниях) (Karyotype with aberrations);;Кровь;до 23 к.д.;8 700,00
21. ОНКОГЕНЕТИЧЕСКИЕ ИССЛЕДОВАНИЯ;;;;;;;
;;;;;;;
21.1. Онкогенетические исследования;;;;;;;
;;;;;;;
777731;;;Цитогенетический анализ клеток костного мозга (кариотип) (Cytogenetic analysis of bone marrow (karyotype));;Костный мозг;до 8 р.д.;6 190,00
777732;;;"ПЦР анализ химерного гена BCR/ABL - t(9;22), определение типа транскрипта BCR/ABL гена - качественная ПЦР (PCR analysis of the chimeric BCR/ABL gene - t(9;22), determination of the BCR/ABL gene transcript type - qualitative PCR)";;Цельная кровь;до 8 р.д.;3 960,00
777733;;;ПЦР анализ относительной экспрессии гена BCR/ABL р210 - количественная RQ ПЦР (в реальном времени) (PCR analysis of the relative expression of the BCR/ABL p210 gene - quantitative RQ PCR (real time);;Цельная кровь;до 10 р.д.;4 390,00
777741BCL;;;Исследование мутационного статуса BCR-ABL  гена (метод прямого секвенирования по Сэнгеру) (BCR-ABL1 Mutation Analysis using direct Sanger sequencing, qualitative);;Цельная кровь;до 24 р.д.;8 090,00
777734;;;Анализ химерного гена  BCR-ABL (FISH, колич.) (Analysis of chimeric gene BCR-ABL, FISH, quantitative);;Костный мозг;до 8 р.д.;8 690,00
777735;;;Анализ перестроек гена FGFR1 (FISH, колич.) (Analysis of gene rearrangements FGFR1 (FISH, quantitative));;Цельная кровь;до 8 р.д.;8 690,00
777736;;;Анализ перестроек гена PDGFRβ(FISH, колич.) (Analysis of gene rearrangements PDGFRβ (FISH, quantitative));;Цельная кровь;до 8 р.д.;8 690,00
777737;;;Анализ химерного гена FIP1L1/PDGFRα(FISH, колич.) (Analysis of chimeric gene FIP1L1/PDGFRα (FISH, quantitative));;Цельная кровь;до 8 р.д.;8 690,00
777738;;;Анализ мутаций в 12 экзоне JAK2 гена (ПЦР, кач.) (Analysis of JAK2 Exon 12 mutations (PCR qualitative));;Цельная кровь;до 24 р.д.;4 390,00
777739;;;Анализ мутаций в гене MPL, ПЦР, качественный (Analysis of MPL gene mutations, PCR, qualitative);;Цельная кровь;до 24 р.д.;4 390,00
777740;;;Анализ мутаций, делеций, инсерций в гене CALR (ПЦР, кач.) (Analysis of  CALR gene mutations, deletions, insertions, PCR, qualitative);;Цельная кровь;до 24 р.д.;4 390,00
777769KQ;;;Кариотип онкогематологический (Karyotype, Hematologic Disorders, Peripheral Blood);;Цельная кровь;до 10 р.д.;6 490,00
777742PML;;;"Анализ химерного гена PML/RARα -t(15;17) (ПЦР, кач.) (Analysis of chimeric gene PML/RARα -t(15;17) (PCR, qualitative))";;Цельная кровь;до 10 р.д.;1 990,00
777743RUN;;;"Анализ химерного гена RUNX1/RUNX1T1 -t(8;21) ( ПЦР, кач.) (Analysis of chimeric gene RUNX1/RUNX1T1 -t(8;21) (PCR, qualitative))";;Цельная кровь;до 10 р.д.;2 090,00
777744CBF;;;"Анализ химерного гена CBFβ/MYH1- inv(16),t(16;16) (ПЦР, кач) (Analysis of chimeric gene CBFβ/MYH1- inv(16),t(16;16) (PCR, qualitative))";;Цельная кровь;до 10 р.д.;2 090,00
777753Q5;;;Анализ перестроек 5 хромосомы (FISH, колич.) (Analysis of chromosome 5 rearrangements (FISH, quantitative));;Костный мозг;до 8 р.д.;9 090,00
777748Q;;;Анализ перестроек 7 хромосомы (FISH, колич) (Analysis of chromosome 7 rearrangements (FISH, quantitative));;Костный мозг;до 8 р.д.;9 090,00
777749MLL;;;Анализ перестроек MLL гена (FISH, колич.) (Analysis of MLL gene rearrangements (FISH, quantitative));;Костный мозг;до 8 р.д.;9 090,00
7777473Q;;;Анализ перестроек 3q (FISH, колич.) (Analysis of 3q rearrangements (FISH, quantitative));;Костный мозг;до 8 р.д.;9 090,00
777751P;;;Анализ делеции 12p (FISH, колич.) (Analysis of 12p deletion (FISH, quantitative));;Костный мозг;до 8 р.д.;9 090,00
777752Q20;;;Анализ делеции 20q (FISH, колич.) (Analysis of 20q deletion (FISH, quantitative));;Костный мозг;до 8 р.д.;9 090,00
777745MLL;;;"Анализ химерного гена MLL/AF4 -t(4;11) (ПЦР, кач.) (Analysis of chimeric gene MLL/AF4 -t(4;11) (PCR, qualitative))";;Цельная кровь;до 10 р.д.;2 090,00
777746E2A;;;"Анализ химерного гена E2A/PBX1 - t(1;19) (ПЦР, кач.) (Analysis of chimeric gene  E2A/PBX1 - t(1;19) (PCR, qualitative))";;Цельная кровь;до 10 р.д.;2 090,00
777791ТР53;;;Анализ делеции ТР53 гена (FISH, колич.) (Analysis of ТР53 gene deletion (FISH, quantitative));;Костный мозг;до 8 р.д.;8 690,00
777754ТР53;;;Анализ делеции ТР53 гена (FISH, колич.) (Analysis of ТР53 gene deletion (FISH, quantitative));;Цельная кровь;до 8 р.д.;9 090,00
777755IGH;;;Анализ перестроек IGH гена (FISH, колич.) (Analysis of IGH gene rearrangements (FISH, quantitative));;Костный мозг;до 8 р.д.;9 090,00
777756TH;;;"Анализ транслокации t(4;14)(p16;q32) (FISH, колич.) (Analysis of translocation  t(4;14)(p16;q32) (FISH, quantitative))";;Костный мозг;до 8 р.д.;8 690,00
777757TQQ;;;"Анализ транслокации t(11;14)(q13;q32) (FISH, колич.) (Analysis of translocation t(11;14)(q13;q32) (FISH,quantitative))";;Кровь;до 8 р.д.;9 090,00
777792DEL;;;Анализ моносомии, делеции 13 хромосомы – (del(13), -13) (FISH, колич.) (Analysis of  chromosome 13 monosomy, deletion – (del(13), -13) (FISH,quantitative));;Костный мозг;до 8 р.д.;8 690,00
777758DEL;;;Анализ моносомии, делеции 13 хромосомы – (del(13), -13) (FISH, колич.) (Analysis of  chromosome 13 monosomy, deletion – (del(13), -13) (FISH,quantitative));;Цельная кровь;до 8 р.д.;9 090,00
777793IGH;;;"Анализ транслокации t(14;16) (IGH/MAFB) (FISH, колич.) (Analysis of translocation t(14;16) (IGH/MAFB) (FISH,quantitative))";;Костный мозг;до 8 р.д.;8 690,00
777759IGH;;;"Анализ транслокации t(14;16) (IGH/MAFB) (FISH, колич.) (Analysis of translocation t(14;16) (IGH/MAFB) (FISH,quantitative))";;Цельная кровь;до 8 р.д.;9 090,00
777761АТМ;;;Анализ перестроек ATM гена (FISH, колич.) (Analysis of ATM  gene rearrangements (FISH, quantitative));;Цельная кровь;до 8 р.д.;9 090,00
777762Q12;;;Анализ трисомии 12 хромосомы (+12) (FISH, колич.) (Analysis of chromosome 12 trisomy (FISH, quantitative));;Цельная кровь;до 8 р.д.;9 090,00
777774TQQ;;;Анализ всех специфических аберраций на парафиновых срезах (гистоFISH, колич.) (Analysis of all specific aberrations on paraffin slides (FISH Histology, quantitative));;Парафиновые срезы;до 10 р.д.;10 990,00
777790TQ;;;"Анализ транслокации t(11;14)(q13;q32) на парафиновых срезах (гистоFISH, колич.) (Analysis of translocation t(11;14)(q13;q32) on paraffin slides (FISH Histology, quantitative))";;Парафиновые срезы;до 8 р.д.;8 690,00
777763TQQ;;;"Анализ транслокации t(11;18)(q21;q21) (FISH, колич.) (Analysis of translocation t(11;18)(q21;q21) (FISH, quantitative))";;Цельная кровь;до 8 р.д.;9 090,00
777764BCL;;;Анализ перестроек гена BCL- 6 (der(3)(q27)) (FISH, колич.) (Analysis of BCL- 6 gene rearrangements  (der(3)(q27) (FISH, quantitative));;Цельная кровь;до 8 р.д.;9 090,00
777771BCL;;;Анализ перестроек гена  BCL- 6 (der(3)(q27)) на парафиновых срезах (ГистоFISH, колич.) (Analysis of BCL- 6 gene rearrangements (der(3)(q27)) on paraffin slides (FISH Histology, quantitative));;Парафиновые срезы;до 10 р.д.;10 990,00
777765MYC;;;"Анализ перестроек MYC гена ( t(8;14)(q24;q32)-t(2;8)(p11;q24), t(8 ;22)(q24;q11)) (FISH, колич.) (Analysis of  MYC gene rearrangements (t(8;14)(q24;q32)-t(2;8)(p11;q24), t(8 ;22)(q24;q11) (FISH, quantitative))";;Цельная кровь;до 8 р.д.;9 090,00
777772TPQ;;;"Анализ транслокации t(2;5)(p23;q35) на парафиновых срезах (гистоFISH, колич.) (Analysis of translocation t(2;5)(p23;q35) on paraffin slides (FISH Histology, quantitative))";;Парафиновые срезы;до 10 р.д.;10 990,00
777767BCL2;;;"Анализ перестроек BCL2 гена t(14;18)(q32;q21),t(2;18)(p11;q21),t(18;22)(q21;q11) (FISH, колич.) (Analysis of BCL2 gene rearrangements t(14;18)(q32;q21),t(2;18)(p11;q21),t(18;22)(q21;q11) (FISH, quantitative))";;Цельная кровь;до 8 р.д.;9 090,00
777773BCL2;;;Анализ перестроек BCL2 гена на парафиновых срезах (гистоFISH, колич.) (Analysis of BCL2 gene rearrangements on paraffin slides (FISH Histology, quantitative));;Парафиновые срезы;до 10 р.д.;10 990,00
7262S1-PH;;;Анализ мутации V617F в 14 экзоне JAK2 гена (ПЦР, кач.) (Analysis of V617F JAK2 Exon 14 mutations, PCR qualitative);;Цельная кровь;до 8 р.д.;2 990,00
ОБС132;;;Панель Первичный миелофиброз;;"Костный мозг; Цельная кровь";до 23 р.д.;16 110,00
ОБС135;;;Панель Лимфома из клеток мантийной зоны;;"Кровь; Цельная кровь";до 23 р.д.;23 440,00
ОБС136;;;Панель Лимфома Беркита;;Цельная кровь;до 23 р.д.;23 440,00
ОБС137;;;Панель Гиперэозинофильный синдром;;"Костный мозг; Цельная кровь";до 7 р.д.;30 650,00
ОБС138;;;Панель Фолликулярная лимфома;;Цельная кровь;до 23 р.д.;23 440,00
ОБС139;;;Панель МАЛТ-лимфома;;"Кровь; Цельная кровь";до 9 р.д.;32 070,00
ОБС140;;;Панель Эссенциальная тромбоцитемия;;"Костный мозг; Цельная кровь";до 23 р.д.;16 110,00
ОБС141;;;Панель Истинная полицитемия;;"Костный мозг; Цельная кровь";до 23 р.д.;11 940,00
ОБС142;;;Панель Диффузная В-крупноклеточная лимфома;;Цельная кровь;до 9 р.д.;23 440,00
ОБС143;;;Панель Хронический миелолейкоз (Panel Chronic myelogenous leukemia, CML);;"Костный мозг; Цельная кровь";до 9 р.д.;11 750,00
ОБС144;;;Панель Острые лимфобластные лейкозы;;"Костный мозг; Цельная кровь";до 9 р.д.;11 550,00
548;;;Определение экспрессии PDL1;;Биоптат;до 8 р.д.;6 390,00
560;;;Определение распространенных мутаций генов  BRCA1,BRCA2 при раке молочной железы и яичников в биопсийном материале;;Биоптат;до 8 р.д.;6 290,00
562;;;Исследование мутаций в гене EGFR (делеции и инсерции в 19 экзоне, инсерции в 20 экзоне (ассоциированные с резистентностью к ТКИ);;Биоптат;до 8 р.д.;3 290,00
563;;;Определение гиперэкспрессии гена HER2 (копийность гена);;Биоптат;до 8 р.д.;9 890,00
565;;;Детекция мутации V600E в гене BRAF;;Биоптат;до 8 р.д.;4 090,00
568;;;Определение мутаций гена PDGFRa;;Биоптат;до 14 р.д.;11 690,00
569;;;Обнаружение мутаций в 12, 13, 59, 61, 117, 146 кодонах гена KRAS;;Биоптат;до 8 р.д.;5 890,00
571;;;Обнаружение мутаций в 12, 13, 59, 61, 117, 146 кодонах гена NRAS;;Биоптат;до 8 р.д.;5 890,00
574;;;Определение микросателлитной нестабильности (MSI);;Биоптат;до 8 р.д.;2 990,00
576;;;Определение мутаций гена сKIT;;Биоптат;до 14 р.д.;9 890,00
577;;;Определение перестроек гена ALK;;Биоптат;до 8 р.д.;6 790,00
578;;;Определение перестроек гена ROS1;;Биоптат;до 8 р.д.;6 790,00
777722;;;Мутации в гене POLE;;Биоптат;до 11 р.д.;5 890,00
777723;;;Мутации в гене IDH2;;Биоптат;до 9 р.д.;8 190,00
777724;;;Мутации в гене IDH1;;Биоптат;до 9 р.д.;8 190,00
777725;;;Мутации PIK3CA (Mutations in PIK3CA gene);;Биоптат;до 9 р.д.;8 190,00
777726;;;Определение транслокации 1р/19q;;Биоптат;до 9 р.д.;7 790,00
777727;;;Определение метилирования гена MGMT;;Биоптат;до 9 р.д.;8 190,00
777728;;;Определение абераций С228Т и С250Т в гене TERT;;Биоптат;до 8 р.д.;5 890,00
777730;;;Мутации в гене MET;;Биоптат;до 8 р.д.;8 590,00
582;;;Молекулярно-генетическое исследование операционного материала щитовидной железы для определения мутаций генов KRAS, NRAS, HRAS, BRAF, TERT (Molecular genetic study of thyroid surgical material to determine  mutations of KRAS, NRAS, HRAS, BRAF, TERT genes);;Парафиновый блок + стекло;до 9 р.д.;8 790,00
583;;;Консультативный просмотр и молекулярно-генетическое исследование щитовидной железы.;;Парафиновый блок + стекло;до 13 р.д.;15 215,00
7655;;;Анализ относительной экспрессии гена BCR/ABL p190, количественная RQ ПЦР (в реальном времени) (PCR analysis of the relative expression of the BCR/ABL p190 gene – quantitative RQ PCR (real time));;Цельная кровь;до 10 р.д.;5 390,00
777702;;;Мутационноый статус генов вариабельных участков иммуноглобулинов IGHV, ПЦР  (IGHV mutational status, PCR);;Кровь;до 25 р.д.;13 590,00
7306;;;"ПЦР анализ химерного гена  BCR-ABL-t(9;22) (p230)  (качественно)";;Кровь;до 9 р.д.;6 690,00
7078;;;Молекулярно-генетическое исследование патологического метилирования гена SEPT9;;Плазма крови;до 10 р.д.;9 990,00
7079;;;Молекулярно-генетическое исследование транслокации гена RET;;Биоптат;до 10 р.д.;12 990,00
584;;;Определение транслокации гена ALK методом флуоресцентной in situ гибридизации (FISH);;Парафиновый блок;до 15 р.д.;14 990,00
585;;;Определение транслокации гена ROS1 методом флуоресцентной in situ гибридизации (FISH).;;Парафиновый блок;до 15 р.д.;14 990,00
7082;;;Молекулярно-генетическое исследование при семейном медуллярном раке щитовидной железы и синдромах МЭН 1/2 (экзоны 10, 11, 13 - 16 гена RET и экзон 10 гена MEN1);;Кровь;до 17 р.д.;8 990,00
77782;;;"Анализ химерного гена RUNX1/RUNX1T1-t(8;21) (FISH, колич.)";;Костный мозг;до 8 р.д.;13 990,00
77783;;;"Анализ химерного гена CBFB/MYH11-inv(16), t(16;16) (FISH, колич.)";;Костный мозг;до 8 р.д.;13 990,00
77784;;;"Анализ транслокации t(8;14) (FISH, колич.)";;Кровь;до 8 р.д.;13 990,00
77785;;;"Анализ транслокации t(8;9) PCM1/JAK2 (FISH, колич.)";;Костный мозг;до 8 р.д.;16 690,00
77786;;;"Анализ химерного гена PML/RARA-t(15;17) (FISH, колич.)";;Костный мозг;до 8 р.д.;13 990,00
777780;;;"Анализ транслокации t(8;14) на парафиновых срезах (гистоFISH, колич.)";;Парафиновые срезы;до 8 р.д.;23 490,00
777781;;;Анализ перестроек гена MALT1 на парафиновых срезах (гистоFISH, колич.);;Парафиновые срезы;до 8 р.д.;23 490,00
777782;;;"Анализ транслокации t(4;11) (FISH, колич.)";;Костный мозг;до 8 р.д.;13 990,00
777783;;;"Анализ транслокации t(14;18) на парафиновых срезах (гистоFISH, колич.)";;Парафиновые срезы;до 8 р.д.;23 490,00
77787;;;Анализ трисомии 8 хромосомы (+8) (FISH, колич.) (Analysis of chromosome 8 trisomy (FISH, quantitative));;Костный мозг;до 8 р.д.;13 990,00
77788;;;"Анализ транслокации t(1;19) (FISH, колич.) (Analysis of translocation t(1;19) (FISH, quantitative))";;Костный мозг;до 8 р.д.;13 990,00
77789;;;Анализ перестроек гена MALT1 (FISH, колич.) (Analysis of the MALT1 gene aberrations (FISH, quantitative));;Цельная кровь;до 8 р.д.;13 990,00
77790;;;Анализ делеций в гене CDKN2A (FISH, колич.) (Analysis of the CDKN2A gene deletion (FISH, quantitative));;Костный мозг;до 8 р.д.;13 990,00
77791;;;"Анализ транслокации t(14;18) (FISH, колич.) (Analysis of translocation t(14;18) (FISH, quantitative))";;Цельная кровь;до 8 р.д.;13 990,00
555;;;Определение транслокации гена SS18(SYT) методом флуоресцентной in situ гибридизации (FISH) (Determination of SS18(SYT) gene translocation using fluorescent in situ hybridization (FISH));;Парафиновый блок;до 14 р.д.;24 990,00
558;;;Определение транслокации гена EWSR1 методом флуоресцентной in situ гибридизации (FISH);;Парафиновый блок;до 14 р.д.;25 990,00
7330;;;Анализ мутаций в гене FLT3 (ITD, TKD), (ПЦР, кач.);;Кровь;до 11 р.д.;7 990,00
5508;;;Молекулярно-генетическое исследование транслокаций генов NTRK1/2/3;;Биоптат;до 10 р.д.;15 990,00
7200;;;Анализ перестроек гена ALK (FISH, колич.);;Костный мозг;до 11 р.д.;13 990,00
77750;;;Анализ мутаций в гене NRAS;;Цельная кровь;до 24 р.д.;8 190,00
77751;;;Анализ мутаций в гене SF3B1;;Цельная кровь;до 24 р.д.;8 190,00
77752;;;Анализ мутаций в гене RUNX1;;Цельная кровь;до 24 р.д.;12 490,00
77753;;;Анализ мутаций в гене SETBP1;;Цельная кровь;до 24 р.д.;8 190,00
77754;;;Анализ мутаций в гене SRSF2;;Цельная кровь;до 24 р.д.;8 190,00
77755;;;Анализ мутаций в гене IDH1;;Цельная кровь;до 24 р.д.;8 190,00
77756;;;Анализ мутаций в гене IDH2;;Цельная кровь;до 24 р.д.;8 190,00
7343;;;Анализ мутаций в гене CSF3R;;Кровь;до 24 р.д.;6 690,00
7344;;;Анализ мутаций в гене ASXL1;;Кровь;до 24 р.д.;11 990,00
7345;;;Анализ мутаций в гене CEBPA;;Кровь;до 24 р.д.;10 990,00
7346;;;Анализ мутаций в гене EZH2;;Кровь;до 24 р.д.;12 990,00
7347;;;Анализ мутаций в гене ТР53;;Кровь;до 24 р.д.;24 990,00
7348;;;Анализ мутаций в гене DNMT3A;;Кровь;до 24 р.д.;6 990,00
7351;;;ПЦР анализ клональных реаранжировок B-клеточных рецепторов;;Кровь;до 24 р.д.;14 990,00
7352;;;Анализ относительной экспрессии гена WT1;;Кровь;до 10 р.д.;4 990,00
7353;;;Определение аллельной нагрузки мутации в гене FLT3 (ITD) (количественно);;Кровь;до 10 р.д.;9 990,00
7354;;;Анализ мутаций в гене NPM1;;Кровь;до 10 р.д.;5 990,00
7355;;;Анализ мутаций в гене cKIT;;Кровь;до 10 р.д.;5 990,00
7356;;;ПЦР анализ клональных реаранжировок Т-клеточных рецепторов;;Кровь;до 24 р.д.;14 990,00
7357;;;"Анализ транслокации t(14;20) (FISH, колич.)";;Костный мозг;до 8 р.д.;10 990,00
7358;;;Анализ мутаций в гене CXCR4;;Костный мозг;до 10 р.д.;6 990,00
7359;;;"Анализ химерного гена TEL::AML1-t(12;21) (ПЦР, кач.)";;Кровь;до 10 р.д.;4 290,00
7360;;;Анализ химерного гена SIL::TAL1 - делеция 1p32 (ПЦР, кач.) (Analysis of chimeric gene SIL::TAL1 - deletion 1p32 (PCR, qualitative));;Кровь;до 10 р.д.;4 290,00
7361;;;Анализ мутаций в гене MYD88 (L265P) (Mutations in MYD88 (L265P) gene);;Костный мозг;до 10 р.д.;6 990,00
7362;;;"Анализ относительной экспрессии гена RUNX1::RUNX1T1-t(8;21), количественная RQ ПЦР (в реальном времени) (PCR analysis of the relative expression of the RUNX1::RUNX1T1-t(8;21), quantitative RQ PCR (real time))";;Кровь;до 10 р.д.;6 990,00
7363;;;Анализ химерного гена NUP214::ABL (ПЦР, кач.) (Analysis of chimeric gene NUP214::ABL (PCR, qualitative));;Кровь;до 10 р.д.;6 990,00
5012;;;Определение транслокации гена RET методом флуоресцентной in situ гибридизации (FISH);;Биоптат;до 15 р.д.;19 990,00
5013;;;Определение амплификации гена MET методом флуоресцентной in situ гибридизации (FISH);;Биоптат;до 15 р.д.;15 990,00
5014;;;Определение амплификации гена MDM2 методом флуоресцентной in situ гибридизации (FISH);;Биоптат;до 13 р.д.;14 990,00
5011OЩЖ;;;Иммуногистохимическая диагностика новообразований щитовидной железы;;Биоптат;до 8 р.д.;21 990,00
22. ГЕНЕТИЧЕСКИЕ ПРЕДРАСПОЛОЖЕННОСТИ;;;;;;;
* Указанные сроки ПЦР-исследований не включают проведение подтверждающих тестов (при необходимости);;;;;;;
22.1. Образ жизни и генетические факторы;;;;;;;
;;;;;;;
110ГП;;;Подготовка к операции (гены MTHFR, MTRR, MTR, F2, F5) (Preparation for Surgery (Genes MTHFR, MTRR, MTR, F2, F5));;Кровь;до 12 р.д.;2 690,00
110ГП/БЗ;;;Подготовка к операции (гены MTHFR, MTRR, MTR, F2, F5) (без описания результатов врачом-генетиком) (Preparation for Surgery (Genes MTHFR, MTRR, MTR, F2, F5) (without Description));;Кровь;до 9 р.д.;1 390,00
777797;;;"Генетическая панель ""2 genes""";;Буккальный эпителий;до 33 к.д.;2 900,00
777798;;;"Генетическая панель ""Light""";;Буккальный эпителий;до 33 к.д.;6 900,00
777799;;;"Генетическая панель ""MyNeuro""";;Буккальный эпителий;до 33 к.д.;9 900,00
7777100;;;"Генетическая панель ""MyWellness""";;Буккальный эпителий;до 33 к.д.;19 900,00
7019;;;Генетическая диагностика клеточного старения (измерение длины теломер) Genetic diagnosis of cellular aging (telomere length measurement);;Кровь;до 8 р.д.;8 990,00
7074;;;Планирование беременности Экзом плюс (Pregnancy planning (Whole Exome Sequencing plus));;Кровь;до 38 р.д.;91 100,00
7075;;;Планирование беременности Экзом плюс для пары (Pregnancy planning (Whole Exome Sequencing PLUS), DUO);;Кровь;до 38 р.д.;171 900,00
7001;;;Полногеномное секвенирование - Геном.Клиника (Whole Genome Sequencing);;Кровь;до 92 р.д.;74 190,00
7007;;;Медицинская услуга по выполнению комплексной экспертизы анализа молекулярно-генетических данных полного генома;;Кровь;до 92 р.д.;81 090,00
7777101;;;"Генетическая панель ""MyExpert"" (MyExpert Genetic Panel)";;Буккальный эпителий;до 32 к.д.;27 900,00
7327;;;Хромосомный микроматричный анализ (ХМА) экзонного уровня;;Кровь;до 33 р.д.;39 490,00
7326;;;Секвенирование целого гена;;Кровь;до 29 р.д.;27 290,00
7091;;;Анализ полиморфизмов в генах, кодирующих рецепторы и ферменты метаболизма стероидных гормонов. (Analysis of polymorphisms in genes encoding receptors and enzymes of steroid hormone metabolism.);;Кровь;до 7 р.д.;14 990,00
7350;;;Выдача сырых данных, полученных по результатам секвенирования/хромосомного микроматричного анализа (Raw Sequencing Data/Raw CMA Data);;;до 9 р.д.;3 830,00
7777102;;;"ДНК-тест ""MyNeuro. Kids» MyGenetics. Энергия и мотивация ребенка (Genetic panel ""MyNeuro"")";;Буккальный эпителий;до 33 к.д.;9 900,00
7083;;;Спортивная генетика: ДНК-тест на генетическую предрасположенность к спорту (Sports genetics);;Кровь;до 12 р.д.;12 490,00
7084;;;Нутригенетика: определение генетической предрасположенности для подбора оптимального питания (Nutrigenetics).;;Кровь;до 12 р.д.;19 990,00
22.2. Репродуктивное здоровье;;;;;;;
;;;;;;;
7252AZFI;;;Нарушения сперматогенеза, 6 маркёров (микроделеции локуса AZF) (Spermatogenesis disorders (6 AZF));;Кровь;до 15 р.д.;2 090,00
7252БЗ;;;Нарушения сперматогенеза, 6 маркёров (микроделеции локуса AZF) (без описания результатов генетиком);;Кровь;до 12 р.д.;990,00
109ГП;;;"Женское бесплодие и осложнение беременности (гены F2, F5, MTHFR, MTRR, MTR, ACE, AGT, RHD, HLA II; кариотип) (Female Infertility, Pregnancy Complication (Genes F2, F5, MTHFR, MTRR, MTR, ACE, AGT, RHD, HLA II; Karyotype))";;Кровь;до 23 р.д.;21 690,00
108ГП;;;Хочу стать мамой: осложнения беременности (гены F2, F5, MTHFR, MTRR, MTR, ACE, AGT, RHD) (Want to Become a Mother: Pregnancy Complications (Genes F2, F5, MTHFR, MTRR, MTR, ACE, AGT, RHD));;Кровь;до 19 р.д.;20 850,00
108ГП/БЗ;;;Хочу стать мамой: осложнения беременности (гены F2, F5, MTHFR, MTRR, MTR, ACE, AGT, RHD) (без описания результатов врачом-генетиком) (Want to Become a Mother: Pregnancy Complications (Genes F2, F5, MTHFR, MTRR, MTR, ACE, AGT, RHD) (without Description));;Кровь;до 16 р.д.;17 090,00
131ГП;;;Склонность к тромбозам при беременности: минимальная панель (гены F2, F5) (Thrombotic Tendency in Pregnancy: Minimum (Genes F2, F5));;Кровь;до 12 р.д.;3 220,00
131ГП/БЗ;;;Склонность к тромбозам при беременности: минимальная панель (гены F2, F5) (без описания результатов врачом-генетиком) (Thrombotic Tendency in Pregnancy: Minimum (Genes F2, F5) (without Description));;Кровь;до 9 р.д.;1 990,00
140ГП;;;Привычное невынашивание беременности, в т. ч. склонность к тромбозам при беременности: расширенная панель (гены MTHFR, MTRR, MTR, F2, F5) (Habitual Miscarriage, Thrombotic Tendency in Pregnancy: Extended Panel (Genes MTHFR, MTRR, MTR, F2, F5));;Кровь;до 12 р.д.;5 790,00
140ГП/БЗ;;;Привычное невынашивание беременности, в т. ч. склонность к тромбозам при беременности: расширенная панель (гены MTHFR, MTRR, MTR, F2, F5) (без описания результатов врачом-генетиком) (Habitual Miscarriage, Thrombotic Tendency in Pregnancy: Extended Panel (Genes MTHFR, MTRR, MTR, F2, F5) (without Description));;Кровь;до 9 р.д.;4 490,00
137ГП;;;Возникновение изолированных пороков развития у плода (гены MTHFR, MTRR, MTR) (Isolated Malformations in Fetus (Genes MTHFR, MTRR, MTR));;Кровь;до 12 р.д.;2 990,00
137ГП/БЗ;;;Возникновение изолированных пороков развития у плода (гены MTHFR, MTRR, MTR) (без описания результатов врачом-генетиком) (Isolated Malformations in Fetus (Genes MTHFR, MTRR, MTR) (without Description));;Кровь;до 9 р.д.;1 690,00
141ГП;;;Тромботические осложнения при стимуляции овуляции (гены F2, F5) (Thrombotic Complications of Ovulation Induction (Genes F2, F5));;Кровь;до 12 р.д.;2 590,00
141ГП/БЗ;;;Тромботические осложнения при стимуляции овуляции (гены F2, F5) (без описания результатов врачом-генетиком) (Thrombotic Complications of Ovulation Induction (Genes F2, F5) (without Description));;Кровь;до 9 р.д.;1 390,00
7802CYI;;;Врожденная гиперплазия надпочечников, ген CYP21A2, ч.м. (Gene CYP21OHB, Freq. Mut.);;Кровь;до 14 р.д.;7 590,00
118ГП;;;Опасность при приeме оральных контрацептивов (гены F2, F5) (Risk of Oral Contraceptives, Ocs (Genes F2, F5));;Кровь;до 12 р.д.;2 990,00
118ГП/БЗ;;;Опасность при приeме оральных контрацептивов (гены F2, F5) (без описания результатов врачом-генетиком) (Risk of Oral Contraceptives, OCs (Genes F2, F5) (without Description));;Кровь;до 9 р.д.;1 690,00
120ГП;;;Обмен фолиевой кислоты (гены MTHFR, MTRR, MTR) (Folic Acid Metabolism (Genes MTHFR, MTRR, MTR));;Кровь;до 12 р.д.;4 290,00
120ГП/БЗ;;;Обмен фолиевой кислоты (гены MTHFR, MTRR, MTR) (без описания результатов врачом-генетиком) (Folic Acid Metabolism (Genes MTHFR, MTRR, MTR) (without Description));;Кровь;до 9 р.д.;2 990,00
107ГП;;;"Мужское бесплодие (гены AR, CFTR; AZF-регион; кариотип) (Male Sterility (Genes AR, CFTR; AZF-Region; Karyotype))";;Кровь;до 23 р.д.;24 390,00
146ГП;;;"Генетические факторы мужского бесплодия (гены AR, CFTR; AZF-регион) (Genetic Factors of Male Infertility (Genes AR, CFTR; AZF-Region))";;Кровь;до 19 р.д.;17 790,00
7661I;;;Нарушения сперматогенеза: расширенная панель (AZF-регион) (Impairment of Spermatogenesis: Full Panel (AZF-Region));;Кровь;до 12 р.д.;11 390,00
7661БЗ;;;Нарушения сперматогенеза: расширенная панель (AZF-регион) (без описания результатов врачом-генетиком) (Impairment of Spermatogenesis: Full Panel (AZF-Region) (without Description));;Кровь;до 9 р.д.;10 190,00
139ГПН;;;Гестозы и фетоплацентарная недостаточность;;Кровь;до 14 р.д.;10 890,00
139ГПН/БЗ;;;Гестозы и фетоплацентарная недостаточность (без описания результатов врачом-генетиком);;Кровь;до 10 р.д.;9 790,00
155ГП;;;Наследственные случаи рака молочной железы и/или яичников  CHEK2, NBS1 (Hereditary Breast and/or Ovarian Cancer);;Кровь;до 12 р.д.;1 790,00
155ГП/БЗ;;;Наследственные случаи рака молочной железы и/или яичников  CHEK2, NBS1 (Hereditary Breast and/or Ovarian Cancer) (без описания результатов врачом-генетиком);;Кровь;до 7 р.д.;1 190,00
22.3. HLA-типирование и резус-фактор;;;;;;;
;;;;;;;
7821RH;;;Определение резус-фактора (Rh factor Definition);;Кровь;до 19 р.д.;6 790,00
7207ГРФI;;;Определение генотипа резус-фактора (RH factor Genotype);;Кровь;до 19 р.д.;10 890,00
7207БЗ;;;Определение генотипа резус-фактора (без описания результатов врачом-генетиком) (Genotype of RH factor Definition (without Description));;Кровь;до 16 р.д.;9 890,00
3314GR;;;Резус-фактор плода. Выявление гена RHD плода в крови матери (RHD gene of the fetus in the mother's blood);;Плазма крови;до 8 р.д.;7 000,00
1334;;;Молекулярно-генетическое исследование HLA-B27 (Molecular Genetic Testing HLA-B27);;Кровь;до 5 р.д.;1 700,00
7831HL;;;Типирование генов системы HLA II класса (гены DRB1, DQA1, DQB1) (System Human Leukocyte Antigen (HLA) Class II, Typing (Genes DRB1, DQA1, DQB1));;Кровь;до 10 р.д.;7 190,00
7030;;;Расширенное молекулярно-генетическое исследование субаллелей HLA-B27;;Кровь;до 10 р.д.;5 990,00
22.4. Система свертывания крови;;;;;;;
;;;;;;;
114ГП;;;Тромбозы: расширенная панель (гены F2, F5, MTHFR, MTRR, MTR) (Thrombosis: Advanced Panel (Genes F2, F5, MTHFR, MTRR, MTR));;Кровь;до 12 р.д.;5 790,00
114ГП/БЗ;;;Тромбозы: расширенная панель (гены F2, F5, MTHFR, MTRR, MTR) (без описания результатов врачом-генетиком) (Thrombosis: Advanced Panel (Genes F2, F5, MTHFR, MTRR, MTR) (without Description));;Кровь;до 9 р.д.;4 490,00
19ГП;;;Расширенное исследование генов системы гемостаза (гены F2, F5, MTHFR, MTR, MTRR, F13, FGB, ITGA2, ITGВ3, F7, PAI-1) (Extended Study of Hemostatic System (Genes F2, F5, MTHFR, MTR, MTRR, F13, FGB, ITGA2, ITGВ3, F7, PAI-1));;Кровь;до 12 р.д.;10 505,00
19ГП/БЗ;;;Расширенное исследование генов системы гемостаза (гены F2, F5, MTHFR, MTR, MTRR, F13, FGB, ITGA2, ITGВ3, F7, PAI-1) (без описания результатов врачом-генетиком) (Extended Study of Hemostatic System (Genes F2, F5, MTHFR, MTR, MTRR, F13, FGB, ITGA2, ITGВ3, F7, PAI-1) (without Description));;Кровь;до 8 р.д.;5 690,00
123ГП;;;Тромбозы: сокращенная панель (гены F2, F5) (Thrombosis: Minimum (Genes F2, F5));;Кровь;до 12 р.д.;3 220,00
123ГП/БЗ;;;Тромбозы: сокращенная панель (гены F2, F5) (без описания результатов врачом-генетиком) (Thrombosis: Minimum (Genes F2, F5) (without Description));;Кровь;до 9 р.д.;1 990,00
125ГП;;;Исследование гена фибриногена, полиморфизм FGB c.-467G>A Fibrinogen gene study, polymorphism FGB c.-467G>A;;Кровь;до 12 р.д.;2 690,00
125ГП/БЗ;;;Исследование гена фибриногена, полиморфизм FGB c.-467G>A (без описания результатов врачом-генетиком) Fibrinogen gene study, polymorphism FGB c.-467G>A (without description);;Кровь;до 8 р.д.;1 790,00
138ГП;;;Гипергомоцистеинемия (гены MTHFR, MTRR, MTR) (Hyperhomocysteinemia (Genes MTHFR, MTRR, MTR));;Кровь;до 12 р.д.;4 290,00
138ГП/БЗ;;;Гипергомоцистеинемия (гены MTHFR, MTRR, MTR) (без описания результатов врачом-генетиком) (Hyperhomocysteinemia (Genes MTHFR, MTRR, MTR) (without Description));;Кровь;до 9 р.д.;2 990,00
122ГП;;;Гиперагрегация тромбоцитов, полиморфизм гена ITGA2 с.759 С>T  Hyperaggregation of platelets, gene polymorphism ITGA2 с.759 С>T;;Кровь;до 12 р.д.;3 090,00
122ГП/БЗ;;;Гиперагрегация тромбоцитов, полиморфизм гена ITGA2 с.759 С>T (без описания результатов врачом-генетиком) Hyperaggregation of platelets, gene polymorphism ITGA2 с.759 С>T (without description);;Кровь;до 8 р.д.;1 990,00
7201I;;;Тромбоцитарный рецептор фибриногена (ген ITGB3) (Platelet Fibrinogen Receptor (Gene ITGB3));;Кровь;до 12 р.д.;1 490,00
7201БЗ;;;Тромбоцитарный рецептор фибриногена (ген ITGB3) (без описания результатов врачом-генетиком) (Platelet Fibrinogen Receptor (Gene ITGB3) (without Description));;Кровь;до 9 р.д.;990,00
7571БЗ;;;Исследование полиморфизма 1298A>C гена MTHFR (метилентетрагидрофолатредуктазы), без описания результатов врачом-генетиком;;Кровь;до 8 р.д.;1 310,00
7581БЗ;;;Исследование гена метионинсинтазы, полиморфизм MTR (2756A>G), без описания результатов врачом-генетиком;;Кровь;до 8 р.д.;1 290,00
7617БЗ;;;Исследование гена проконвертина (или фактора коагуляции VII),  полиморфизм F7 (10976 G>A), без описания результатов врачом-генетиком;;Кровь;до 8 р.д.;590,00
7028БЗ;;;Исследование гена протромбина (или фактора коагуляции II), полиморфизм F2 (20210 G>A), без описания результатов врачом-генетиком;;Кровь;до 7 р.д.;990,00
7029БЗ;;;"Исследование гена коагуляционного фактора V (""мутация Лейдена""), полиморфизм F5 (1691 G>A), без описания результатов врачом-генетиком";;Кровь;до 7 р.д.;990,00
7036БЗ;;;Исследование гена фибриназы (или фактора коагуляции XIII), полиморфизм F13 с.103G>T;;Кровь;до 7 р.д.;590,00
7037БЗ;;;Исследование гена метилентетрагидрофолатредуктазы, полиморфизм MTHFR (677C>T), без описания результатов врачом-генетиком;;Кровь;до 7 р.д.;1 890,00
7038БЗ;;;Исследование гена метионин синтазы редуктазы, полиморфизм MTRR (66A>G), без описания результатов врачом-генетиком;;Кровь;до 6 р.д.;1 690,00
7039БЗ;;;Исследование гена ингибитора активатора плазминогена, полиморфизм PAI-1 (–675 5G>4G), без описания результатов врачом-генетиком;;Кровь;до 7 р.д.;590,00
22.5. Болезни сердца и сосудов;;;;;;;
;;;;;;;
129ГП;;;Артериальная гипертензия, полная панель (гены ACE, AGT, NOS3) (Arterial Hypertension: Full Panel (Genes ACE, AGT, NOS3));;Кровь;до 19 р.д.;4 690,00
129ГП/БЗ;;;Артериальная гипертензия, полная панель (гены ACE, AGT, NOS3) (без описания результатов врачом-генетиком) (Arterial Hypertension: Full Panel (Genes ACE, AGT, NOS3) (without Description));;Кровь;до 16 р.д.;3 790,00
121ГП;;;Артериальная гипертензия, связанная с нарушениями в ренинангиотензиновой системе (гены ACE, AGT) (Arterial Hypertension, Renin-Angiotensin System Disorder (Genes ACE, AGT));;Кровь;до 13 р.д.;2 190,00
121ГП/БЗ;;;Артериальная гипертензия, связанная с нарушениями в ренинангиотензиновой системе (гены ACE, AGT) (без описания результатов врачом-генетиком) (Arterial Hypertension, Renin-Angiotensin System Disorder (Genes ACE, AGT) (without Description));;Кровь;до 10 р.д.;1 090,00
7611I;;;Артериальная гипертензия, связанная с нарушениями в работе эндотелиальной NO-синтазы (ген NOS3) (Arterial Hypertension, Endothelial NO-Synthase Disturbance (Gene NOS3));;Кровь;до 19 р.д.;1 590,00
7611БЗ;;;Артериальная гипертензия, связанная с нарушениями в работе эндотелиальной NO-синтазы (ген NOS3) (без описания результатов врачом-генетиком) (Arterial Hypertension, Endothelial NO-Synthase Disturbance (Gene NOS3) (without Description));;Кровь;до 16 р.д.;1 390,00
22.6. Болезни желудочно-кишечного тракта;;;;;;;
;;;;;;;
117ГП;;;Болезнь Крона (гены DLG5, NOD2, OCTN1, OCTN2) (Crohn's Disease (Genes DLG5, NOD2, OCTN1, OCTN2));;Кровь;до 19 р.д.;8 290,00
77797;;;Дефицит альфа-1-антитрипсина, SERPINA1, ч.м.;;Кровь;до 18 р.д.;1 290,00
77799;;;Поражения печени, гены ATP7B, PNPLA3, SERPINA1, ч.м.;;Кровь;до 14 р.д.;7 190,00
77801;;;Неалкогольный жировой гепатоз, ген. PNPLA3, ч.м.;;Кровь;до 18 р.д.;2 490,00
22.7. Болезни центральной нервной системы;;;;;;;
;;;;;;;
7641B-API;;;Генотипирование аллелей E2, E3, E4 гена APOE для оценки предрасположенности к атеросклерозу и болезни Альцгеймера (Alzheimer's Disease);;Кровь;до 14 р.д.;2 990,00
7024;;;Большая неврологическая панель (Large neurological panel);;Кровь;до 64 р.д.;49 990,00
22.8. Онкологические заболевания;;;;;;;
;;;;;;;
124ГП;;;Наследственные случаи рака молочной железы и/или яичников (гены BRCA1, BRCA2) (Hereditary Breast and/or Ovarian Cancer, HBOC (Genes BRCA1, BRCA2));;Кровь;до 12 р.д.;5 120,00
124ГП/БЗ;;;Наследственные случаи рака молочной железы и/или яичников (гены BRCA1, BRCA2) (без описания результатов врачом-генетиком) (Hereditary Breast and/or Ovarian Cancer, HBOC (Genes BRCA1, BRCA2) (without Description));;Кровь;до 7 р.д.;3 990,00
154ГП;;;Наследственные случаи BRCA-ассоциированного рака у мужчин: рак грудной, поджелудочной, предстательной желез, рак яичек (гены BRCA1, BRCA2) (Hereditary Breast Cancer In Men: Cancer of Breast, Pancreatic, Prostate, Testicular Cancer (Genes BRCA1, BRCA2));;Кровь;до 12 р.д.;4 590,00
154ГП/БЗ;;;Наследственные случаи BRCA-ассоциированного рака у мужчин: рак грудной, поджелудочной, предстательной желез, рак яичек (гены BRCA1, BRCA2) (без описания результатов врачом-генетиком) (Hereditary Breast Cancer In Men: Cancer of Breast, Pancreatic, Prostate, Testicular Cancer (Genes BRCA1, BRCA2) (without Description));;Кровь;до 7 р.д.;3 690,00
1244ГП;;;Наследственные случаи рака молочной железы и/или яичников BRCA1, BRCA2, CHEK2, NBS1 (Hereditary Breast and/or Ovarian Cancer );;Кровь;до 12 р.д.;6 290,00
7004MRI;;;Семейный медуллярный рак щитовидной железы (экзоны 10, 11, 13, 14, 15 гена RET) (Familial Medullary Thyroid Cancer (Exons 10, 11, 13, 14, 15 Gene RET));;Кровь;до 25 р.д.;20 690,00
7005B2I;;;Синдром множественной эндокринной неоплазии 2B типа (ген RET) (Multiple Endocrine Neoplasia Type 2B (Gene RET));;Кровь;до 19 р.д.;5 490,00
7006A2I;;;Синдром множественной эндокринной неоплазии 2A типа (экзоны 10, 11 гена RET) (Multiple Endocrine Neoplasia Type 2A (Exons 10, 11 Gene RET));;Кровь;до 25 р.д.;9 990,00
7260;;;Количественное определение соотношения нормального и мутантного аллелей 617V/617F в 14 экзоне гена JAK2 (Quantification of wild-type and mutant allelic ratio of gene JAK2 617V/617F);;Цельная кровь;до 14 р.д.;7 030,00
7653;;;Анализ мутаций в гене BRAF (V600E) (ПЦР, кач);;Костный мозг;до 10 р.д.;6 290,00
7654;;;Анализ перестроек 1 хромосомы (FISH, колич.);;Костный мозг;до 8 р.д.;10 490,00
7648;;;Наследственные случаи рака предстательной железы (ген HOXB13) (Hereditary prostate cancer (HOXB13 gene));;Кровь;до 14 р.д.;3 310,00
22.9. Нарушения обмена веществ;;;;;;;
;;;;;;;
116HLA;;;Наследственная предрасположенность к сахарному диабету 1-го типа по трем локусам генов системы HLA II класса (гены DRB1, DQA1, DQB1) (Hereditary Predisposition to Diabetes Type 1 (Insulin-Dependent Diabetes), HLA Class II (Genes DRB1, DQA1, DQB1));;Кровь;до 14 р.д.;7 490,00
153ГП;;;Остеопороз (гены CALCR, VDR), (Osteoporosis (Genes CALCR, VDR));;Кровь;до 12 р.д.;5 790,00
153ГП/БЗ;;;Остеопороз (гены CALCR, VDR) без описания результатов врачом-генетиком (Osteoporosis (Genes CALCR, VDR) without Description);;Кровь;до 9 р.д.;3 790,00
7003UGI;;;Синдром Жильбера (ген UGT1A1) (Gilbert's Syndrome (Gene UGT1A1));;Кровь;до 9 р.д.;2 690,00
7015HLA;;;Наследственная предрасположенность к целиакии по локусам генов системы HLA II класса (DQA1, DQB1);;Кровь;до 14 р.д.;7 490,00
7017;;;Диабет MODY2, ген GCK, м.;;Кровь;до 17 р.д.;12 490,00
7018;;;Диабет MODY3,ген HNK-1, м..;;Кровь;до 17 р.д.;12 490,00
7691;;;Лактазная недостаточность, (ген MCM6) (Adult Lactase Deficiency (Gene MCM6) (с описанием результата врачом-генетиком);;Кровь;до 12 р.д.;1 680,00
7691LCI/БЗ;;;Лактазная недостаточность (ген MCM6) (Adult Lactase Deficiency (Gene MCM6) (без описания результата врачом-генетиком);;Кровь;до 9 р.д.;1 390,00
7779HFEI;;;Наследственный гемохроматоз, I тип  (ген HFE) (Hemochromatosis Type 1  (Gene HFE));;Кровь;до 13 р.д.;3 055,00
22.10. Фармакогенетика;;;;;;;
;;;;;;;
142ГП;;;Ингибиторы АПФ, флувастатин, блокаторы рецепторов ATII. Прогнозирование нефропротективного эффекта ингибиторов АПФ при недиабетических заболеваниях. Генетические маркеры эффективности атенолола при артериальной гипертензии с гипертрофией левого желудочка или терапии флувастатином при ишемической болезни сердца. Определение наличия полиморфизмов гена ангиотензин-превращающего фермента (ген ACE) (ACE Inhibitors, Fluvastatin, ATII Receptor Blockers. Forecasting Renoprotective Effect of ACE Inhibitors in Un-Diabetic Diseases. Genetic Markers of Effectiveness of Atenolol in Hypertension with Left Ventricular Hypertrophy or Fluvastatin Therapy in Ischemic Heart Disease. Detection of Polymorphisms of Gene of Angiotensin-Converting Enzyme (Gene ACE));;Кровь;до 13 р.д.;3 190,00
7261D-CY;;;Лозартан/ирбесартан. Генетический маркер риска нарушений метаболизма блокаторов рецепторов ангиотензина II: лозартана и ирбесартана по типу ослабления и усиления их гипотензивного действия, соответственно. Определение наличия полиморфизмов гена цитохрома CYP2C9 (Losartan/Irbesartan. Genetic Marker of Risk of Metabolic Disorders Blockers of Receptors of Angiotensin II, Losartan and Irbesartan Type of Weakening and Strengthening their Hypotensive Action, Respectively. Detection of Polymorphisms of Cytochrome CYP2C9);;Кровь;до 13 р.д.;990,00
148ГП;;;Метотрексат. _Генетические маркеры повышенного риска развития побочных реакций при приеме метотрексата на фоне лечения ревматоидного артрита. Метотрексат: нарушение метаболизма фолиевой кислоты. Определение наличия полиморфизмов генов ферментов реакций фолатного цикла  (Methotrexatum. Genetic Markers of Increased Risk of Development of Adverse Reactions in Taking Methotrexate for Treatment of Rheumatoid Arthritis. Methotrexate Disrupts Metabolism of Folic Acid. Determining Presence of Polymorphisms of Genes of Enzymes of Folate Cycle Reactions, Genes MTHFR, MTRR, MTR);;Кровь;до 12 р.д.;2 590,00
7261C-CY;;;Нестероидные противовоспалительные препараты. Генетический маркер повышенного риска развития побочных реакций в форме желудочных кровотечений при приеме НПВП (ибупрофен, теноксикам, напроксен, но не диклофенак) по типу возникновения желудочных кровотечений, связанных с нарушением их метаболизма. Определение наличия полиморфизмов гена цитохрома CYP2C9 (Nonsteroidal Anti-Inflammatory Drugs. Genetic Marker of Increased Risk of Adverse Reactions in Form of Intestinal Bleeding in Taking NSAID (Ibuprofen, Tenoxicam, Naproxen, not Diclofenac) by Type of Gastro Bleeding Associated with Violation of their Metabolism. Detection of Polymorphisms of Cytochrome CYP2C9);;Кровь;до 13 р.д.;990,00
7261B-CY;;;Сульфонилмочевина и ее производные: _хлорпропамид, толазамид, глибенкламид и толбутамид. Генетический маркер риска развития нежелательных лекарственных реакций по типу гипогликемии при приеме пероральных сахароснижающих средств, связанных с нарушением их метаболизма. Определение наличия полиморфизмов гена цитохрома  CYP2C9 (Sulfonylurea and Derivatives: Chlorpropamide, Tolazamide, Glibenclamide and Tolbutamide. Genetic Marker of Risk of Adverse Drug Reactions by Type of Hypoglycemia in Taking Oral Hypoglycemic Agents, Associated with Violation of Metabolism. Detection of Polymorphisms of Cytochrome CYP2C9);;Кровь;до 13 р.д.;990,00
2447;;;Интерлейкин-28В (ИЛ-28В), генотипирование (исследование генетических маркеров, определяющих эффективность лечения хронического гепатита С интерфероном и рибавирином) (Interleukin 28 Beta IL28B, Genotyping (Study of Genetic Markers Determining Effectiveness of Treatment of Chronic Hepatitis C in Interferon and Ribavirin));;Кровь;до 10 р.д.;745,00
7259BETA;;;Бета-адреноблокаторы. Ген CYP2D6. Фармакогенетика (beta-Adrenergic Blockers. Gene CYP2D6);;Кровь;до 14 р.д.;5 190,00
7623;;;Генотипирование дигидропиримидин дегидрогеназы (DPYD) (Dihydropyrimidine dehydrogenase (DPYD));;Кровь;до 15 р.д.;3 690,00
7077;;;Молекулярно-генетическое исследование гена HLA-B57:01;;Кровь;до 9 р.д.;5 990,00
22.11. Система детоксикации ксенобиотиков и канцерогенов;;;;;;;
;;;;;;;
7259;;;Цитохром СYP2D6 (ген СYP2D6) (Cytochrome СYP2D6 (Gene СYP2D6));;Кровь;до 19 р.д.;5 190,00
7261CYI;;;Цитохром CYP2C9: полиморфизмы 430 С/Т (CYP2C9*2) и 1075 А/С (CYP2C9*3);;Кровь;до 13 р.д.;990,00
7622;;;Цитохром  P450 2C19. Генотипирование по маркеру CYP2C19 (Cytochrome  P450 2C19. Genotyping for the CYP2C19 marker);;Кровь;до 14 р.д.;3 090,00
22.12. Услуги врача-генетика;;;;;;;
;;;;;;;
1460ОР1;;;Описание результатов генетического  теста 1 категории сложности (№№ 7201БЗ, 7611БЗ, 7207БЗ, 125ГП/БЗ, 7691БЗ);;;до 8 р.д.;535,00
1461ОР2;;;Описание результатов генетического теста 2 категории сложности (№№ 118ГП/БЗ, 121ГП/БЗ,  123ГП/БЗ, 131ГП/БЗ, 141ГП/БЗ, 115ГП/БЗ, 124ГП/БЗ, 154ГП/БЗ, 155ГП/БЗ, 7252БЗ);;;до 8 р.д.;1 070,00
1462ОР3;;;Описание результатов генетического теста 3 категории сложности (№№ 122ГП/БЗ, 129ГП/БЗ, 120ГП/БЗ, 137ГП/БЗ, 138ГП/БЗ, 153ГП/БЗ, 110ГП/БЗ, 114ГП/БЗ, 140ГП/БЗ, 7661БЗ, 116HLA(7831), 7015HLA(7831));;;до 8 р.д.;2 140,00
1463ОР4;;;Описание результатов генетического теста 4 категории сложности (№№ 139ГПН/БЗ, 108ГП/БЗ, 19ГП/БЗ);;;до 8 р.д.;4 815,00
22.13. Определение пола плода;;;;;;;
;;;;;;;
3316;;;Определение пола плода. Выявление Y-хромосомы плода в крови матери (Y-chromosome of the fetus in the mother's blood);;Плазма крови;до 8 р.д.;4 400,00
22.14. Аутоиммунные заболевания;;;;;;;
;;;;;;;
77802;;;Псориаз, типирование  HLA-Cw6;;Кровь;до 18 р.д.;2 590,00
23. НАСЛЕДСТВЕННЫЕ МОНОГЕННЫЕ ЗАБОЛЕВАНИЯ И СОСТОЯНИЯ;;;;;;;
;;;;;;;
23.1. Наследственные моногенные заболевания и состояния;;;;;;;
;;;;;;;
7803ABCA;;;Абиотрофия сетчатки, тип Франческетти (гены ABCA4, PDE6H, RPE65, GUCY2D, CEP290, CNGA3, CRB1, CNGB3);;Кровь;до 18 р.д.;11 390,00
7624SLC;;;Акродерматит энтеропатический. Поиск мутаций в гене SLC39A4, м. (Acrodermatitis Enteropathica, Gene SLC39A4, Mut.);;Кровь;до 25 р.д.;27 190,00
7804TYR;;;Альбинизм глазокожный тип 1А. Поиск мутаций в гене TYR, м. (Albinism Oculocutaneous Type IA, Gene TYR, Mut.);;Кровь;до 25 р.д.;19 690,00
7881RPS;;;Анемия Даймонда-Блекфена. Поиск мутаций в гене RPS19, м. (Diamond-Blackfan Anemia 1, DBA1, Gene RPS19, Mut.);;Кровь;до 25 р.д.;19 690,00
7107;;;Артрогрипоз дистальный (синдром Фримена-Шелдона). Поиск частых мутаций в гене MYH3, ч. м. (Arthrogryposis Distal Type 2A, Gene MYH3, Freq. Mut.);;Кровь;до 25 р.д.;9 990,00
7905FRDA;;;Атаксия Фридрейха. Поиск мутаций в гене FXN, м. (Friedrich Ataxia, Gene FXN, Mut.);;Кровь;до 25 р.д.;19 690,00
7808FRDAI;;;Атаксия Фридрейха. Поиск частых мутаций в гене FXN, ч. м. (Friedrich Ataxia, Gene FXN, Freq. Mut.);;Кровь;до 18 р.д.;4 790,00
7108;;;Ателостеогенез (дисплазия де ля Шапеля). Поиск мутаций в гене SLC26A2, м. (Atelosteogenesis II, De la Chapelle Dysplasia, Gene SLC26A2, Mut.);;Кровь;до 25 р.д.;21 590,00
7610ДНКI;;;Диагностика атрофии зрительного нерва Лебера, ч. м. митохондриальной и ядерной ДНК (Leber Hereditary Optic Neuropathy, detection of frequent mutations of mitochondrial and nuclear DNA);;Кровь;до 14 р.д.;5 090,00
7109LEI;;;Атрофия зрительного нерва Лебера. Поиск частых мутаций в митохондриальной ДНК, 12 ч. м. (Leber Hereditary Optic Neuropathy, LHON, Mitochondrial DNA, 12 Freq. Mut.);;Кровь;до 25 р.д.;15 190,00
7706TNFRSF;;;Аутоиммунный лимфопролиферативный синдром. Поиск мутаций в гене TNFRSF6, м. (Autoimmune Lymphoproliferative Syndrome, ALPS, Gene TNFRSF6, Mut.);;Кровь;до 25 р.д.;27 190,00
7705TNFRS;;;Аутоиммунный лимфопролиферативный синдром. Поиск мутаций в «горячих» участках гена TNFRSF6, «горяч.» уч. м. (Autoimmune Lymphoproliferative Syndrome, ALPS, Gene TNFRSF6, Hot-Point Mut.);;Кровь;до 19 р.д.;7 590,00
7770GRN;;;Афазия первичная прогрессирующая. Поиск мутаций в гене GRN, м. (Aphasia Primary Progressive, Gene GRN, Mut.);;Кровь;до 25 р.д.;21 590,00
7809FGFR3I;;;Ахондроплазия. Поиск частых мутаций в гене FGFR3, ч. м. (Achondroplasia, Gene FGFR3, Freq. Mut.);;Кровь;до 22 р.д.;12 490,00
77710;;;Боковой амиотрофический склероз (БАС), SOD1, м.;;Кровь;до 14 р.д.;5 690,00
77706;;;Боковой амиотрофический склероз, C9orf72, ч.м.;;Кровь;до 14 р.д.;3 590,00
7709BEST;;;Болезнь Беста. Поиск всех известных мутаций в гене BEST1, м. (Best Vitelliform Macular Dystrophy, All Known Mutations, Gene BEST1, Mut.);;Кровь;до 22 р.д.;33 890,00
77800;;;Болезнь Бехчета, типирование  HLA B51;;Кровь;до 18 р.д.;2 590,00
7810ATP7BI;;;Болезнь Вильсона-Коновалова. Поиск частых мутаций в гене ATP7B, ч. м. (Wilson Disease, Gene ATP7B, Freq. Mut.);;Кровь;до 18 р.д.;4 090,00
7069;;;Полноэкзомное секвенирование - поиск предположительно наследственного заболевания с интерпретацией (Whole Exome Sequencing);;Кровь;до 38 р.д.;72 140,00
7812PANK2;;;Болезнь Галлервордена-Шпатца. Поиск частых мутаций в гене PANK2, ч. м. (Neurodegeneration With Brain Iron Accumulation 1, Gene PANK2, Freq. Mut.);;Кровь;до 25 р.д.;7 590,00
7813РRNP;;;Болезнь Герстманна-Штреусслера-Шейнкера. Поиск мутаций в гене PRNP, м. (Gerstmann-Straussler Disease, Gene PRNP, Mut.);;Кровь;до 25 р.д.;14 790,00
7775PTEN;;;Болезнь Коудена. Поиск мутаций в гене PTEN, м. (Cowden Syndrome 1, Gene PTEN, Mut.);;Кровь;до 25 р.д.;30 590,00
7814PRNP;;;Болезнь Крейтцфельдта-Якоба. Поиск мутаций в гене PRNP, м. (Creutzfeldt-Jakob Disease, Gene PRNP, Mut.);;Кровь;до 25 р.д.;14 790,00
7776PTEN;;;Болезнь Лермитт-Дуклос. Поиск мутаций в гене PTEN, м. (Lhermitte-Duclos Syndrome, Gene PTEN, Mut.);;Кровь;до 25 р.д.;30 590,00
7816NDP;;;Болезнь Норри. Поиск мутаций в гене NDP, м. (Norrie Disease, Gene NDP, Mut.);;Кровь;до 25 р.д.;11 390,00
77701;;;Болезнь Паркинсона, комплексная диагностика,  ч.м.;;Кровь;до 22 р.д.;5 890,00
7818CSTB;;;Болезнь Унферрихта-Лундборга. Поиск мутаций в гене CSTB, м. (Progressive Myoclonic Epilepsy 1A Unverricht and Lundborg, Gene CSTB, Mut.);;Кровь;до 25 р.д.;14 790,00
7817CSTB;;;Болезнь Унферрихта-Лундборга. Поиск частых мутаций в гене CSTB, ч. м. (Progressive Myoclonic Epilepsy 1A Unverricht and Lundborg, Gene CSTB, Freq. Mut.);;Кровь;до 18 р.д.;5 490,00
77715;;;Болезнь Фабри, GLA, м.;;Кровь;до 14 р.д.;7 790,00
7819ABCA4;;;Болезнь Штаргардта (гены ABCA4, PDE6H, RPE65, GUCY2D, CEP290, CNGA3, CRB1, CNGB3);;Кровь;до 18 р.д.;11 390,00
7820ROR2;;;Брахидактилия тип B1. Поиск мутаций в гене ROR2, м. (Brachydactyly Type B1, Gene ROR2, Mut.);;Кровь;до 25 р.д.;14 790,00
7992NTR;;;Врожденная нечувствительность к боли с ангидрозом. Поиск мутаций в гене NTRK1, м. (Congenital Insensitivity To Pain With Anhidrosis, CIPA, Gene NTRK1, Mut.);;Кровь;до 34 р.д.;40 790,00
7711ADAMTS;;;Гелеофизическая дисплазия. Поиск мутаций в гене ADAMTSL2, м. (Geleophysic Dysplasia 1, Gene ADAMTSL2, Mut.);;Кровь;до 25 р.д.;60 690,00
7822В;;;Гемофилия. Поиск мутаций в гене фактора IX при гемофилии B, м. (Hemophilia B, Gene Factor IX, Mut.);;Кровь;до 25 р.д.;24 990,00
7908DIA1;;;Метгемоглобинемия, CYB5R3 м. (Methemoglobinemia, Gene CYB5R3, Mut.);;Кровь;до 25 р.д.;27 190,00
77707;;;Гентингтоноподобное заболевание, тип 2, JPH3, ч.м.;;Кровь;до 18 р.д.;2 390,00
77709;;;Гентингтоноподобное заболевание, тип 4 TBP, ч.м.;;Кровь;до 18 р.д.;2 390,00
77702;;;Гентингтоноподобные заболевания, комплексная диагностика, ч.м.;;Кровь;до 18 р.д.;3 890,00
7989MVK;;;Гипер-IgD синдром. Поиск мутаций в «горячих» участках гена MVK, «горяч.» уч. м. (Hyper-IgD Syndrome, Gene MVK, Hot-Point Mut.);;Кровь;до 14 р.д.;5 590,00
7778MVK;;;Гипер-IgD синдром. Поиск мутаций в гене CD40LG, м. (Hyper-IgD Syndrome, Gene CD40LG, Mut.);;Кровь;до 25 р.д.;33 890,00
7823CD;;;Гипер-IgM синдром. Поиск мутаций в гене CD40LG, м. (Hyper-IgM Syndrome, Gene CD40LG, Mut.);;Кровь;до 25 р.д.;19 690,00
7898SCN4A;;;Гиперкалиемический периодический паралич. Поиск мутаций в экзонах 13 и 24 гена SCN4A, м. (Hyperkalemic Periodic Paralysis Type 2, Exons 13, 24 Gene SCN4A, Mut.);;Кровь;до 25 р.д.;16 790,00
7603SCN4A;;;Гипокалиемический периодический паралич. Поиск мутаций в экзонах 12, 18 и 19 гена SCN4A, м. (Hypokalemic Periodic Paralysis Type 1, Exons 12, 18, 19 Gene SCN4A, Mut.);;Кровь;до 25 р.д.;14 790,00
7126;;;Гипофосфатемический витамин D-резистентный рахит (почечный фосфатный диабет). Поиск мутаций в гене PHEX, м. (Hypophosphatemic Vitamin D-Resistant Rickets, Gene PHEX, Mut. );;Кровь;до 32 р.д.;66 590,00
7906FGFR3I;;;Гипохондроплазия. Поиск частых мутаций в гене FGFR3, ч. м. (Hypochondroplasia, Gene FGFR3, Freq. Mut.);;Кровь;до 22 р.д.;12 490,00
7128;;;Дефицит карнитина системный первичный. Поиск мутаций в гене SLC22A5, м. (Systemic Primary Carnitine Deficiency, SPCD, Carnitine Deficiency Systemic Primary, CDSP, Gene SLC22A5, Mut.);;Кровь;до 25 р.д.;33 890,00
7129;;;Диастрофическая дисплазия. Поиск мутаций в гене SLC26A2, м. (Diastrophic Dysplasia, Gene SLC26A2, Mut.);;Кровь;до 25 р.д.;21 590,00
7927BSCL;;;Дистальная моторная нейропатия тип V. Поиск мутаций в гене BSCL2, м. (Distal Hereditary Motor Neuropathy, DHMN, Gene BSCL2, Mut.);;Кровь;до 25 р.д.;24 990,00
7131IGI;;;Дистальная спинальная амиотрофия врожденная с параличом диафрагмы. Поиск мутаций в гене IGHMBP2, м. (Distal Spinal Muscular Atrophy 1, DSMA1, Gene IGHMBP2, Mut.);;Кровь;до 32 р.д.;52 090,00
7132;;;Дистальная спинальная амиотрофия врожденная непрогрессирующая. Поиск мутаций в «горячих» участках гена TRPV4, «горяч.» уч. м. (Distal Spinal Muscular Atrophy Congenital Non-Progressive, Gene TRPV4, Hot-Point Mut.);;Кровь;до 25 р.д.;14 590,00
7604KRT2;;;Ихтиоз буллезный. Поиск мутаций в гене KRT2, м. (Ichthyosis Bullosa Of Siemens, Gene KRT2, Mut.);;Кровь;до 25 р.д.;24 990,00
7140;;;Костная гетероплазия прогрессирующая. Поиск мутаций в гене GNAS, м. (Progressive Osseous Heteroplasia, POH, Gene GNAS, Mut.);;Кровь;до 25 р.д.;30 590,00
7141;;;Краниометафизарная дисплазия. Поиск мутаций в «горячих» участках гена ANKH, «горяч.» уч. м. (Craniometaphyseal Dysplasia, Gene ANKH, Hot-Point Mut.);;Кровь;до 25 р.д.;9 990,00
7142;;;Краниометафизарная дисплазия. Поиск мутаций гена ANKH, м.  (Craniometaphyseal Dysplasia, Gene ANKH, Mut.);;Кровь;до 32 р.д.;40 790,00
7143;;;Краниосиностоз. Поиск мутаций в гене TWIST1, м. (Craniosynostosis Type 2, Gene TWIST1, Mut.);;Кровь;до 25 р.д.;14 790,00
7717MSX2;;;Краниосиностоз. Поиск мутаций в гене MSX2, м. (Craniosynostosis Type 2, Gene MSX2, Mut.);;Кровь;до 25 р.д.;11 390,00
7834LMNA;;;Липодистрофия семейная частичная. Поиск мутаций в «горячих участках» гена LMNA, «горяч.» уч. м. (Familial Partial Lipodystrophy 2, FPLD 2, Gene LMNA, Hot-Point Mut.);;Кровь;до 25 р.д.;7 990,00
7835LMNA;;;Липодистрофия семейная частичная. Поиск мутаций гена LMNA, м.  (Familial Partial Lipodystrophy 2, Gene LMNA, Mut.);;Кровь;до 25 р.д.;33 890,00
7720LMNA;;;Мандибулоакральная дисплазия с липодистрофией. Поиск мутаций в экзонах 8, 9 гена LMNA, м. (Mandibuloacral Dysplasia, Exons 8, 9 Gene LMNA, Mut.);;Кровь;до 25 р.д.;7 590,00
7605MVK;;;Мевалоновая ацидурия. Поиск мутаций в гене MVK, м. (Mevalonic Aciduria, Gene MVK, Mut.);;Кровь;до 25 р.д.;33 890,00
7836DIA1;;;Метгемоглобинемия, CYB5R3 ч.м. (Methemoglobinemia, Gene CYB5R3, Freq. Mut.);;Кровь;до 18 р.д.;5 490,00
7147;;;Миоклоническая дистония. Поиск мутаций в гене SGCE, м. (Myoclonic Dystonia, Gene SGCE, Mut.);;Кровь;до 32 р.д.;40 790,00
7838DMPKI;;;Миотоническая дистрофия. Поиск частых мутаций в гене DMPK, ч. м. (Myotonic Dystrophy 1, Gene DMPK, Freq. Mut.);;Кровь;до 18 р.д.;2 590,00
77705;;;Миотоническая дистрофия, тип 2, CNBP  (ZNF9), ч.м.;;Кровь;до 18 р.д.;2 390,00
7148;;;Миотония Томсена-Беккера. Поиск частых мутаций в гене CLCN1, ч. м. (Myotonia Congenita, Gene CLCN1, Freq. Mut.);;Кровь;до 20 р.д.;10 690,00
77704;;;Митохондриальные заболевания, комплексная диагностика: митохондриальная ДНК, ч.м.;;Кровь;до 22 р.д.;5 890,00
7642;;;Молекулярный скрининг на микроделеции/ микродупликации хромосом;;Кровь;до 20 р.д.;8 290,00
7791I;;;Муковисцидоз. Поиск частых мутаций в гене CFTR, ч. м. (Cystic Fibrosis, Gene CFTR, Freq. Mut.);;Кровь;до 19 р.д.;17 190,00
7815HDI;;;Хорея Гентингтона. Поиск частых мутаций в гене IT15, ч. м. (Chorea Huntington, Gene IT15, Freq. Mut.);;Кровь;до 14 р.д.;5 510,00
7972ДИСI;;;Прогрессирующая мышечная дистрофия Дюшенна/Беккера (ПМДД), делеции и дупликации гена DMD;;Кровь;до 17 р.д.;8 090,00
7934FKTN;;;Мышечная дистрофия, тип Фукуяма. Поиск мутаций в гене FKTN, м. (Muscular Dystrophy Fukuyama-Type, Gene FKTN, Mut.);;Кровь;до 34 р.д.;40 790,00
7163;;;Мышечная дистрофия Эмери-Дрейфуса. Поиск мутаций в гене FHL1, м. (Emery-Dreifuss Muscular Dystrophy, Gene FHL1, Mut.);;Кровь;до 25 р.д.;27 190,00
7999LMNA;;;Мышечная дистрофия Эмери-Дрейфуса. Поиск мутаций в гене LMNA, м.  (Emery-Dreifuss Muscular Dystrophy, Gene LMNA, Mut.);;Кровь;до 25 р.д.;33 890,00
7935;;;Мышечная дистрофия Эмери-Дрейфуса. Поиск мутаций в гене эмерина при Х-сцепленной форме, м.  (Emery-Dreifuss Muscular Dystrophy, X-Linked Gene Emerine, Mut.);;Кровь;до 25 р.д.;14 790,00
7936TRIM;;;Нанизм MULIBRAY. Поиск мутаций в гене TRIM37, м. (Muscle-Liver-Brain-Eye, Gene TRIM37, Mut.);;Кровь;до 25 р.д.;10 590,00
7903SRY;;;Нарушения детерминации пола. Поиск мутаций гена SRY, м.  (Disorders Sex Determination, Gene SRY, Mut.);;Кровь;до 25 р.д.;7 590,00
7846SRYI;;;Нарушения детерминации пола. Анализ наличия гена SRY, м.  (Disorders Sex Determination, Analysis Gene SRY, Mut.);;Кровь;до 18 р.д.;5 490,00
7902PMP;;;Наследственная нейропатия с подверженностью параличу от сдавления. Поиск мутаций в гене РМР22, м. (Hereditary Neuropathy with Liability to Pressure Palsies, HNPP, Gene РМР22, Mut.);;Кровь;до 25 р.д.;17 590,00
7725C1NHI;;;Наследственный ангионевротический отек. Поиск мутаций в гене C1NH, м. (Hereditary Angioedema Type I, Gene C1NH, Mut.);;Кровь;до 14 р.д.;26 090,00
7847ALX4;;;Незаращение родничков. Поиск мутаций в гене ALX4, м. (Parietal Foramina, PFM, Gene ALX4, Mut.);;Кровь;до 25 р.д.;17 590,00
7952РМР;;;Нейропатия с параличами от сдавления, PMP22, делеции и дупликации (Charcot-Marie-Tooth disease type 1A (CMT1A));;Кровь;до 22 р.д.;4 790,00
7961GJB2I;;;Диагностика наследственных форм нейросенсорной тугоухости  (гены GJB2, GJB3, GJB6, POU3F4, WFS1) ч. м. (Diagnosis of hereditary sensorineural hearing loss (GJB2, GJB3, GJB6, POU3F4, WFS1 genes));;Кровь;до 17 р.д.;5 490,00
7963GJB2I;;;Нейросенсорная несиндромальная тугоухость, полный анализ гена GJB2;;Кровь;до 25 р.д.;11 390,00
7910ELA2;;;Нейтропения. Поиск мутаций в гене ELA2, м.  (Neutropenia Severe Congenital 1 Autosomal Dominant, SCN1, Gene ELA2, Mut.);;Кровь;до 25 р.д.;19 690,00
7849NPHP1;;;Нефронофтиз. Поиск мутаций в гене NPHP1, м. (Nephronophthisis 1, NPHP1, Gene NPHP1, Mut.);;Кровь;до 18 р.д.;16 090,00
7166;;;Нефротический синдром. Поиск мутаций в гене NPHS1, м. (Nephrotic Syndrome Type 1, NPHS1, Gene NPHS1, Mut.);;Кровь;до 32 р.д.;60 690,00
7167;;;Нефротический синдром. Поиск мутаций в гене NPHS2, м.  (Nephrotic Syndrome Type 1, NPHS1, Gene NPHS2, Mut.);;Кровь;до 25 р.д.;27 190,00
7997SCN;;;Нормокалиемический периодический паралич. Поиск мутаций в экзоне 13 гена SCN4A, м. (Normokalemic Periodic Paralysis, Exon 13 Gene SCN4A, Mut.);;Кровь;до 25 р.д.;7 590,00
7957RABPN;;;Окулофарингеальная мышечная дистрофия. Поиск частых мутаций в гене RABPN1, ч. м. (Oculopharyngeal Muscular Dystrophy, OPMD, Gene RABPN1, Freq. Mut.);;Кровь;до 18 р.д.;2 590,00
7701XI;;;Определение неравновесной лайонизациии Х-хромосомы при Х-сцепленных рецессивных заболеваниях у девочек (Non-Random X Chromosome Inactivation in Females);;Кровь;до 18 р.д.;8 590,00
126ГП;;;Основные наследственные заболевания (гены CFTR, GJB2, PAH, SMN) (Main Hereditary Diseases (Genes CFTR, GJB2, PAH, SMN));;Кровь;до 19 р.д.;21 140,00
7168;;;Остеопетроз рецессивный (мраморная болезнь костей). Поиск мутаций в гене TCIRG1, м. (Osteopetrosis Autosomal Recessive 1, OPTB1, Gene TCIRG1, Mut.);;Кровь;до 32 р.д.;40 790,00
7958TCIRG;;;Остеопетроз рецессивный (мраморная болезнь костей). Поиск частых мутаций в гене TCIRG1, ч. м. (Osteopetrosis Autosomal Recessive 1, OPTB1, Gene TCIRG1, Freq. Mut.);;Кровь;до 18 р.д.;5 490,00
7727HPGD;;;Первичная гипертрофическая остеоартропатия (пахидермопериостоз). Поиск мутаций в гене HPGD, м. (Hypertrophic Osteoarthropathy, Primary, Autosomal Recessive, 1, Gene HPGD, Mut.);;Кровь;до 25 р.д.;24 990,00
7728BMPR;;;Первичная легочная гипертензия. Поиск мутаций в гене BMPR2, м. (Primary Pulmonary Hypertension 1, PPH1, Gene BMPR2, Mut.);;Кровь;до 34 р.д.;50 990,00
7851MEFVI;;;Периодическая болезнь. Поиск мутаций в гене MEFV, м. (Familial Mediterranean Fever, FMF, Gene MEFV, Mut.);;Кровь;до 25 р.д.;34 890,00
7012MEI;;;Периодическая болезнь. Поиск частых мутаций в гене MEFV, ч. м. (Familial Mediterranean Fever, FMF, Gene MEFV, Freq. Mut.);;Кровь;до 14 р.д.;4 990,00
7853RP2;;;Пигментная дегенерация сетчатки (гены ABCA4, PDE6H, RPE65, GUCY2D, CEP290, CNGA3, CRB1, CNGB3);;Кровь;до 15 р.д.;12 690,00
7176;;;Пикнодизостоз. Поиск мутаций в гене CTSK, м. (Pyknodysostosis, PKND, Gene CTSK, Mut.);;Кровь;до 25 р.д.;21 590,00
7998FLCN;;;Пневмоторакс первичный спонтанный. Поиск мутаций в гене FLCN, м. (Primary Spontaneous Pneumothorax, PSP, Gene FLCN, Mut.);;Кровь;до 34 р.д.;40 790,00
7636SHH;;;Полидактилия. Поиск мутаций в гене SHH, м. (Polydactyly, Gene SHH, Mut.);;Кровь;до 25 р.д.;10 590,00
7730GLI3;;;Полидактилия. Поиск мутаций в гене GLI3, м. (Polydactyly, Gene GLI3, Mut.);;Кровь;до 34 р.д.;60 690,00
7180;;;Прогерия Хатчинсона-Гилфорда. Поиск мутаций в гене LMNA, м. (Hutchinson-Gilford Progeria Syndrome, Gene LMNA, Mut.);;Кровь;до 25 р.д.;33 890,00
7183;;;Псевдоксантома эластическая. Поиск частых мутаций в гене ABCC6, ч. м. (Pseudoxanthoma Elasticum, Gene ABCC6, Freq. Mut.);;Кровь;до 25 р.д.;7 160,00
7759LPIN;;;Рабдомиолиз (миоглобинурия). Поиск мутаций в гене LPIN1, м. (Myoglobinuria Acute Recurrent Autosomal Recessive, Gene LPIN1, Mut.);;Кровь;до 34 р.д.;66 590,00
7185;;;Ретиношизис. Поиск мутаций в гене RS1, м. (Retinoschisis 1 X-Linked Juvenile, RS1, Gene RS1, Mut.);;Кровь;до 25 р.д.;21 590,00
7649;;;Семейная гиперхолестеринемия (комплексная диагностика - гены LDLR, APOB, PCSK9);;Кровь;до 14 р.д.;6 490,00
7645;;;Семейная гиперхолестеринемия, ген LDLR;;Кровь;до 18 р.д.;8 990,00
7646;;;Семейная гиперхолестеринемия, ген PCSK9;;Кровь;до 18 р.д.;8 190,00
7799TNFR;;;Семейная периодическая лихорадка. Поиск мутаций в гене TNFRSFIA, м. (TNF-Receptor-Associated Periodic Syndrome, TRAPS, Gene TNFRSFIA, Mut.);;Кровь;до 14 р.д.;5 590,00
7916PRF;;;Семейный гемофагоцитарный лимфогистиоцитоз. Поиск мутаций в гене PRF1, м. (Familial Hemophagocytic Lymphohistiocytosis, Gene PRF1, Mut.);;Кровь;до 25 р.д.;19 690,00
7917STX;;;Семейный гемофагоцитарный лимфогистиоцитоз. Поиск мутаций в гене STX11, м. (Familial Hemophagocytic Lymphohistiocytosis, Gene STX11, Mut.);;Кровь;до 25 р.д.;14 790,00
7915STXB;;;Семейный гемофагоцитарный лимфогистиоцитоз. Поиск мутаций в гене STXBP2, м. (Familial Hemophagocytic Lymphohistiocytosis, Gene STXBP2, Mut.);;Кровь;до 34 р.д.;40 790,00
7914UNC;;;Семейный гемофагоцитарный лимфогистиоцитоз. Поиск мутаций в гене UNC13D, м. (Familial Hemophagocytic Lymphohistiocytosis, Gene UNC13D, Mut.);;Кровь;до 34 р.д.;60 690,00
7914UNC1;;;Семейный гемофагоцитарный лимфогистиоцитоз. Поиск частых мутаций в гене UNC13D, ч. м. (Familial Hemophagocytic Lymphohistiocytosis, Gene UNC13D, Freq. Mut.);;Кровь;до 18 р.д.;5 490,00
7798RET;;;Семейный медуллярный рак щитовидной железы. Поиск мутаций в экзонах 5, 8 гена RET, м. (Familial Meddulary Thyroid Cancer, Exons 5, 8 Gene RET, Mut.);;Кровь;до 25 р.д.;10 590,00
7797CIAS1;;;Семейный холодовой аутовоспалительный синдром NLRP3 м. (Familial Cold Autoinflamatory Syndrome, FCAS, Gene NLRP3, Mut.);;Кровь;до 34 р.д.;40 790,00
7858NGFB;;;Сенсорная полинейропатия, NGF м. (Hereditary Sensory and Autonomic Рolyneuropathy, Gene NGF, Mut.);;Кровь;до 25 р.д.;17 590,00
7733CIAS1;;;Синдром CINCA, ген NLRP3 м. (Chronic Infantile Neurologic Cutaneous Articular, Gene NLRP3, Mut.);;Кровь;до 25 р.д.;40 790,00
7186;;;Синдром TAR. Поиск мутаций в гене RBM8A, м.  (Thrombocytopenia-Absent Radius Syndrome, TAR-Syndrome, Gene RBM8A, Mut.);;Кровь;до 25 р.д.;21 590,00
7859FGD1;;;Синдром Аарскога-Скотта (фациогенитальная дисплазия). Поиск мутаций в гене FGD1, м. (Aarskog-Scott Syndrome, Faciodigitogenital Syndrome, Faciogenital Dysplasia, Gene FGD1, Mut.);;Кровь;до 25 р.д.;49 390,00
7187;;;Синдром Альстрома. Поиск мутаций в «горячих» участках гена ALMS1, «горяч.» уч. м. (Alström syndrome, Gene ALMS1, Hot-Point Mut.);;Кровь;до 25 р.д.;14 590,00
7861KCNJ2;;;Синдром Андерсена. Поиск мутаций в гене KCNJ2, м. (Andersen-Tawil Syndrome, Gene KCNJ2, Mut.);;Кровь;до 25 р.д.;17 590,00
7913FGFR;;;Синдром Антли-Бикслера. Поиск мутаций в экзоне 9 гена FGFR2, м. (Antley-Bixler Syndrome, ABS, Exon 9 Gene FGFR2, Mut.);;Кровь;до 18 р.д.;7 590,00
7862FGFR2;;;Синдром Апера (акроцефалосиндактилия). Поиск частых мутаций в гене FGFR2, ч. м. (Apert Syndrome, AS, Gene FGFR2, Freq. Mut.);;Кровь;до 25 р.д.;10 690,00
7863PRPS1;;;Синдром Арта. Поиск мутаций в гене PRPS1, м. (Art's Syndrome, Gene PRPS1, Mut.);;Кровь;до 25 р.д.;24 990,00
7796PTEN;;;Синдром Банаян-Райли-Рувальбака. Поиск мутаций в гене PTEN, м. (Bannayan-Ruvalcaba-Riley Syndrome, Gene PTEN, Mut.);;Кровь;до 25 р.д.;30 590,00
7703FLCN;;;Синдром Берта-Хога-Дьюба (БХД). Поиск мутаций в гене FLCN, м. (Birt-Hogg-Dube Syndrome, BHD, Gene FLCN, Mut.);;Кровь;до 34 р.д.;40 790,00
7189;;;Синдром Боуэна-Конради (БКС, цереброгепаторенальный синдром). Поиск мутаций в гене EMG1, м.  (Bowen Conradi Syndrome, BCS, Gene EMG1, Mut.);;Кровь;до 25 р.д.;18 355,00
7734BCS;;;Синдром Бьернстада (синдром курчавых волос). Поиск мутаций в гене BCS1L, м. (Bjornstad Syndrome, Gene BCS1L, Mut.);;Кровь;до 25 р.д.;17 590,00
7867EDNRB;;;Синдром Ваарденбурга-Шаха. Поиск мутаций в гене EDNRB, м. (Waardenburg-Shah Syndrome, Gene EDNRB, Mut.);;Кровь;до 25 р.д.;24 990,00
7866PAX3;;;Синдром Ваарденбурга. Поиск мутаций в гене PAX3, м. (Waardenburg Syndrome, WS, Gene PAX3, Mut.);;Кровь;до 25 р.д.;27 190,00
7190;;;Синдром Ван дер Вуда. Поиск мутаций в гене IRF6, м. (Van der Woude Syndrome, Gene IRF6, Mut.);;Кровь;до 25 р.д.;30 590,00
7868WAS;;;Синдром Вискотта-Олдрича (СВО). Поиск мутаций в гене WAS, м. (Wiskott-Aldrich Syndrome, WAS, Gene WAS, Mut.);;Кровь;до 25 р.д.;24 990,00
7785PHOX2B;;;Синдром врожденной центральной гиповентиляции (СВЦГ). Поиск частых мутаций в гене PHOX2B, ч. м. (Congenital Central Hypoventilation Syndrome, CCHS, Gene PHOX2B, Freq. Mut.);;Кровь;до 18 р.д.;5 490,00
7192;;;Синдром Германски-Пудлака (Альбинизм глазо-кожный с геморрагическим диатезом и пигментацией ретикуло-эндотелиальных клеток). Поиск частых мутаций в гене HPS1, ч. м. (Albinism Оculocutaneous, Hermansky-Pudlak Тype, Gene HPS1, Freq. Mut.);;Кровь;до 25 р.д.;9 990,00
7869GLI3;;;Синдром Грейга (семейный гипертелоризм). Поиск мутаций в гене GLI3, м. (Greig Syndrome, Gene GLI3, Mut.);;Кровь;до 34 р.д.;60 690,00
7737RAB27;;;Синдром Грисцелли. Поиск мутаций в гене RAB27A, м. (Griscelli Syndrome, Gene RAB27A, Mut.);;Кровь;до 25 р.д.;19 690,00
7738FGFR;;;Синдром Джексона-Вейсса. Поиск мутаций в экзоне 9 гена FGFR2 и экзоне 7A гена FGFR1, м. (Jackson-Weiss Syndrome, JWS, Exon 9 Gene FGFR2, Exon 7A Gene FGFR1, Mut.);;Кровь;до 25 р.д.;10 390,00
77703;;;Синдром ДРПЛА, АТN1, ч.м.;;Кровь;до 18 р.д.;2 390,00
7194;;;Синдром Жубера (СЖ). Анализ числа копий гена NPHP1 (Joubert Syndrome, Cerebelloparenchymal Disorder IV, CPD IV, Classic Joubert Syndrome, Joubert Syndrome type A, Joubert-Boltshauser Syndrome, Pure Joubert Syndrome, Gene NPHP1, Mut.);;Кровь;до 25 р.д.;16 090,00
7195;;;Синдром Карпентера (акроцефалополисиндактилия второго типа). Поиск мутаций в гене RAB23, м.  (Carpenter Syndrome, Gene RAB23, Mut.);;Кровь;до 25 р.д.;24 990,00
7768GJB2;;;Синдром кератита-ихтиоза-тугоухости (КИД-синдром). Поиск мутаций в гене GJB2, м. (Keratitis-Ichthyosis-Deafness Syndrome, KID Syndrome, Gene GJB2, Mut.);;Кровь;до 25 р.д.;10 390,00
7198;;;Синдром Клиппеля-Фейля (синдром короткой шеи). Поиск мутаций в гене GDF6, м. (Klippel-Feil Syndrome, Gene GDF6, Mut.);;Кровь;до 25 р.д.;14 790,00
7739ERCC6;;;Синдром Коккейна. Поиск мутаций в гене ERCC6, м. (Cockayne Syndrome, Gene ERCC6, Mut.);;Кровь;до 34 р.д.;66 590,00
7199;;;Синдром Костелло. Поиск мутаций в гене HRAS, м. (Costello Syndrome, Gene HRAS, Mut.);;Кровь;до 25 р.д.;7 160,00
7202;;;Синдром Коффина-Лоури (СКЛ). Поиск мутаций в гене RPS6KA3, м. (Coffin-Lowry Syndrome, Gene RPS6KA3, Mut.);;Кровь;до 32 р.д.;66 590,00
7740PAX3;;;Синдром краниофациальной дисморфии-тугоухости-ульнарной девиации кистей. Поиск мутаций в гене PAX3, м. (Craniofacial-Deafness-Hand Syndrome, CDHS, Gene PAX3, Mut.);;Кровь;до 25 р.д.;27 190,00
7010UGI;;;Диагностика синдрома Криглера-Найяра (СКН, семейная желтуха) (ген UGT1A1). (Crigler-Najjer Syndrome, Gene UGT1, Mut.);;Кровь;до 14 р.д.;9 990,00
7760FGFR3;;;Синдром Крузона с черным акантозом. Поиск мутаций в экзоне 10 гена FGFR3, м. (Crouzon Syndrome with Acanthosis Nigrican, CAN, Exon 10 Gene FGFR3, Mut.);;Кровь;до 25 р.д.;7 590,00
7964FGFR2;;;Синдром Крузона. Поиск мутаций в экзонах 7 и 9 гена FGFR2, м. (Crouzon Syndrome, Exons 7, 9 Gene FGFR2, Mut.);;Кровь;до 25 р.д.;10 590,00
7794CIAS1;;;Синдром Макла-Уэллса NLRP3 м. (Muckle-Wells Syndrome, MWS, Gene NLRP3, Mut.);;Кровь;до 34 р.д.;40 790,00
7204;;;Синдром Маклеода. Поиск мутаций в гене XK, м.  (McLeod Syndrome, Gene XK, Mut.);;Кровь;до 25 р.д.;17 790,00
7643;;;Синдром Мартина-Белл (синдром ломкой X хромосомы);;Кровь;до 14 р.д.;4 490,00
7743ZEB2;;;Синдром Моуат-Вильсон. Поиск мутаций в гене ZEB2, м. (Mowat-Wilson Syndrome, Gene ZEB2, Mut.);;Кровь;до 34 р.д.;50 990,00
7872NBS1I;;;Синдром Ниймеген, NBN ч.м. (Nijmegen Breakage Syndrome, NBS, Gene NBN, Freq. Mut.);;Кровь;до 12 р.д.;990,00
7213;;;Синдром ногтей-надколенника (остеониходисплазия). Поиск мутаций в гене LMX1B, м. (Nail-Patella Syndrome, NPS, Onychoosteodysplasia, Gene LMX1B, Mut.);;Кровь;до 25 р.д.;24 990,00
7215;;;Синдром Ослера-Рaндю-Веберa (наследственная геморрагическая телеангиэктазия). Поиск мутаций в гене ENG, м.  (Rendu-Osler-Weber Disease, Gene ENG, Mut.);;Кровь;до 25 р.д.;30 590,00
7744GLI3;;;Синдром Паллистера-Холла. Поиск мутаций в гене GLI3, м. (Pallister-Hall Syndrome, Gene GLI3, Mut.);;Кровь;до 34 р.д.;60 690,00
7874TBX3;;;Синдром Паллистера. Поиск мутаций в гене TBX3, м. (Pallister W Syndrome, Gene TBX3, Mut.);;Кровь;до 25 р.д.;24 990,00
7217;;;Синдром подколенного птеригиума. Поиск мутаций в гене IRF6, м.  (Popliteal Pterygium Syndrome, PPS, Gene IRF6, Mut.);;Кровь;до 25 р.д.;30 590,00
7745FGFR;;;Синдром Пфайффера. Поиск мутаций в экзонах 7, 9 гена FGFR2 и экзоне 7A гена FGFR1, м. (Pfeiffer Syndrome, Exons 7, 9 Gene FGFR2, Exon 7A Gene FGFR1, Mut.);;Кровь;до 25 р.д.;14 790,00
7218MEI;;;Синдром Ретта. Поиск мутаций в гене MECP2, м. (Retts Syndrome, Gene MECP2, Mut.);;Кровь;до 14 р.д.;8 590,00
7219;;;Синдром Сетре-Чотзена. Поиск мутаций в гене TWIST1, м. (Saethre-Chotzen Syndrome, Gene TWIST1, Mut.);;Кровь;до 25 р.д.;14 790,00
7220;;;Синдром Сильвера. Поиск мутаций в гене BSCL2, м. (Silver Syndrome, Gene BSCL2, Mut.);;Кровь;до 25 р.д.;24 990,00
7221;;;Синдром Симпсона-Голаби-Бемель. Поиск мутаций в гене GPC3, м. (Simpson-Golabi-Behmel Syndrome, Type 1, SGBS1, Gene GPC3, Mut.);;Кровь;до 25 р.д.;27 190,00
7877DHCR7;;;Синдром Смита-Лемли-Опица (СЛОС). Поиск мутаций в гене DHCR7, м. (Smith-Lemli-Opitz Syndrome, Gene DHCR7, Mut.);;Кровь;до 25 р.д.;30 590,00
7879AR;;;Синдром тестикулярной феминизации (СТФ, синдром Морриса). Поиск мутаций в гене AR, м. (Testicular Feminization Syndrome, Gene AR, Mut.);;Кровь;до 25 р.д.;33 890,00
7747TCOF1;;;Синдром Тричера-Коллинза-Франческетти (мандибуло-фациальный дизостоз). Поиск мутаций в гене TCOF1, м. (Treacher-Collins Syndrome, Franceschetti-Klein Syndrome, Mandibulofacial Dysostosis without Limb Anomalies, Gene TCOF1, Mut.);;Кровь;до 34 р.д.;66 590,00
7984VHL;;;Синдром Хиппеля-Линдау (церебро-ретино-висцеральный ангиоматоз). Поиск мутаций в гене VHL, м. (Von Hippel-Lindau Syndrome, VHL, Von Hippel-Lindau Hereditary Cancer Syndrome, Gene VHL, Mut.);;Кровь;до 25 р.д.;14 790,00
7973VHL;;;Синдром Хиппеля-Линдау (церебро-ретино-висцеральный ангиоматоз). Определение числа копий гена VHL, м. (Von Hippel-Lindau Syndrome, VHL, Von Hippel-Lindau Hereditary Cancer Syndrome, Gene VHL, Copy Number Variation Gene VHL, Mut.);;Кровь;до 28 р.д.;16 090,00
7223;;;Синдром Швахмана-Даймонда. Поиск мутаций в гене SBDS, м.  (Shwachman-Diamond Syndrome, Gene SBDS, Mut.);;Кровь;до 25 р.д.;19 690,00
7224;;;Синдром Швахмана-Даймонда. Поиск частых мутаций в гене SBDS1, ч. м.  (Shwachman-Diamond Syndrome, Gene SBDS1, Freq. Mut.);;Кровь;до 25 р.д.;7 160,00
7911PLODI;;;Синдром Элерса-Данло, тип VI. Поиск частых мутаций в гене PLOD1, ч. м. (Ehlers-Danlos Syndrome, Type VI, Gene PLOD1, Freq. Mut.);;Кровь;до 18 р.д.;10 690,00
7750CHRNG;;;Синдром Эскобара. Поиск мутаций в гене CHRNG, м. (Escobar Syndrome, Gene CHRNG, Mut.);;Кровь;до 25 р.д.;27 190,00
77708;;;Спастическая параплегия Штрюмпеля, тип 4, SPAST (SPG4), ч.м.;;Кровь;до 22 р.д.;5 390,00
7994IGHMB;;;Спинальная амиотрофия с параличом диафрагмы. Поиск мутаций в гене IGHMBP2, м. (Spinal Muscular Atrophy (SMA) with Diaphragmatic Paralysis, Gene IGHMBP2, Mut.);;Кровь;до 34 р.д.;50 990,00
7996АМИ;;;Спинальная амиотрофия типы I, II, III, IV (с определением числа копий SMN2) (Spinal Muscular Atrophy, SMA, Type I, II, III, IV (copy Number Variation SMN2));;Кровь;до 13 р.д.;5 490,00
7228;;;Спинальная амиотрофия типы I, II, III, IV. Поиск мутаций в гене SMN1, м. (только при наличии одной копии гена) (Spinal Muscular Atrophy, SMA, Type I, II, III, IV, Gene SMN1, Mut. (Only Presence One Gene Copy) );;Кровь;до 25 р.д.;27 190,00
7976ARI;;;Спинально-бульбарная амиотрофия Кеннеди. Поиск частых мутаций в гене AR, ч. м. (Kennedy Spinal and Bulbar Muscular Atrophy, Gene AR, Freq. Mut.);;Кровь;до 18 р.д.;2 590,00
7788ATXN7;;;Спиноцеребеллярная атаксия. Поиск частых мутаций в гене ATXN7, ч. м. (Spinocerebellar Ataxia, Gene ATXN7 Freq. Mut.);;Кровь;до 18 р.д.;5 490,00
7787ATXN8;;;Спиноцеребеллярная атаксия. Поиск частых мутаций в гене ATXN8, ч. м. (Spinocerebellar Ataxia, Gene ATXN8, Freq. Mut.);;Кровь;до 18 р.д.;5 490,00
77712;;;Спиноцеребеллярные атаксии, редкие формы, ч.м.;;Кровь;до 18 р.д.;5 890,00
77716;;;Спиноцеребеллярные атаксии, частые формы, ч.м.;;Кровь;до 18 р.д.;5 690,00
7978PRNP;;;Спонгиоформная энцефалопатия с нейропсихическими проявлениями. Поиск мутаций в гене PRNP, м. (Spongiform Encephalopathy with Neuropsychiatric Features, Gene PRNP, Mut.);;Кровь;до 25 р.д.;14 790,00
7230;;;Спондилокостальный дизостоз. Поиск мутаций в гене DLL3, м. (Spondylocostal Dysostosis, Gene DLL3, Mut.);;Кровь;до 25 р.д.;24 990,00
7979TRAP;;;Спондилоэпифизарная дисплазия (СЭД). Поиск мутаций в гене TRAPPC2, м. (Spondyloepiphyseal Dysplasia Tarda, SEDT, Gene TRAPPC2, Mut.);;Кровь;до 25 р.д.;17 590,00
7980PRPS1;;;Суперактивность фосфорибозилпирофосфат синтетазы. Поиск мутаций в гене PRPS1, м. (Phosphoribosylpyrophosphate Synthetase Superactivity, PRS Superactivity, Gene PRPS1, Mut.);;Кровь;до 25 р.д.;24 990,00
77711;;;Торсионная дистония, тип 1, TOR1A (DYT1), ч.м.;;Кровь;до 18 р.д.;2 290,00
7638TRPS;;;Трихоринофалангеальный синдром. Поиск мутаций в гене TRPS1, м. (Trichorhinophalangeal Syndrome, TRPS, Gene TRPS1, Mut.);;Кровь;до 25 р.д.;33 890,00
7238;;;Тромбоцитопения врожденная. Поиск мутаций в гене MPL, м. (Congenital Amegakaryocytic Thrombocytopenia, CAMT, Gene MPL, Mut.);;Кровь;до 25 р.д.;27 190,00
7885PRNP;;;Фатальная семейная инсомния. Поиск мутаций в гене PRNP, м. (Fatal Familial Insomnia, FFI, Gene PRNP, Mut.);;Кровь;до 25 р.д.;14 790,00
7888PAH;;;Фенилкетонурия. Поиск мутаций в гене PAH, м. (Phenylketonuria, PKU, Gene PAH, Mut.);;Кровь;до 34 р.д.;40 790,00
7781I;;;Фенилкетонурия. Поиск частых мутаций в гене PAH, ч. м. (Phenylketonuria, PKU, Gene PAH, Freq. Mut.);;Кровь;до 19 р.д.;17 190,00
7240;;;Фибродисплазия оссифицирующая прогрессирующая. Поиск мутаций в «горячих» участках гена ACVR1, «горяч.» уч. м. (Fibrodysplasia Ossificans Progressiva, FOP, Gene ACVR1, Hot-Point Mut.);;Кровь;до 25 р.д.;17 790,00
7241;;;Фибродисплазия оссифицирующая прогрессирующая. Поиск мутаций без «горячих» участков гена ACVR1, без «горяч.» уч. м. (Fibrodysplasia Ossificans Progressiva, FOP, Gene ACVR1, without Hot-Point Mut.);;Кровь;до 25 р.д.;24 990,00
7891BTK;;;Х-сцепленная агаммаглобулинемия. Поиск мутаций в гене BTK, м. (X-Linked Agammaglobulinemia, XLA, Gene BTK, Mut.);;Кровь;до 34 р.д.;60 690,00
7981BIRC4;;;Х-сцепленный лимфопролиферативный синдром (болезнь Дункана, синдром Пуртильо), XIAP м. (X-Linked Lymphoproliferative Syndrome, XLP, Gene XIAP, Mut.);;Кровь;до 25 р.д.;27 190,00
7982SH2;;;Х-сцепленный лимфопролиферативный синдром (болезнь Дункана, синдром Пуртильо). Поиск мутаций в гене SH2D1A, м. (X-Linked Lymphoproliferative Syndrome, XLP, Gene SH2D1A, Mut.);;Кровь;до 25 р.д.;17 590,00
7894FRMD7;;;Х-сцепленный моторный нистагм. Поиск мутаций в гене FRMD7, м. (X-Linked Nystagmus congenital 1, NYS1 X-Linked, Gene FRMD7, Mut.);;Кровь;до 18 р.д.;40 790,00
7983IL2RG;;;Х-сцепленный тяжелый комбинированный иммунодефицит. Поиск мутаций в гене IL2RG, м. (X-Linked Severe Combined Immunodeficiency, Gene IL2RG, Mut.);;Кровь;до 25 р.д.;17 590,00
7786RMRP;;;Хондродисплазия метафизарная, тип Мак-Кьюсика. Поиск мутаций в гене RMRP, м. (Metaphyseal Chondrodysplasia, McKusick Type, Gene RMRP, Mut.);;Кровь;до 25 р.д.;7 590,00
7244;;;Хондродисплазия точечная Конради-Хюнермана. Поиск мутаций в гене EBP, м. (Chondrodysplasia Punctata, CDP, Conradi-Hunermann Syndrome, Gene EBP, Mut.);;Кровь;до 25 р.д.;17 790,00
7245;;;Хондрокальциноз. Поиск мутаций в гене ANKH, м. (Chondrocalcinosis, Calcium Pyrophosphate Dihydrate, CPPD, Gene ANKH, Mut.);;Кровь;до 32 р.д.;40 790,00
77798;;;«Дробьевидная» хориоретинопатия, типирование HLA-A29 (Birdshot chorioretinopathy, HLA-A29);;Кровь;до 18 р.д.;1 890,00
7889CHM;;;Хороидеремия. Поиск мутаций в гене CHM, м. (Choroideremia, CHM, Gene CHM, Mut.);;Кровь;до 34 р.д.;50 990,00
7890CYBB;;;Хроническая гранулематозная болезнь. Поиск мутаций в гене CYBB, м. (Chronic Granulomatous Disease, CGD, Gene CYBB, Mut.);;Кровь;до 34 р.д.;40 790,00
7757ERCC6;;;Цереброокулофациоскелетный синдром. Поиск мутаций в гене ERCC6, м. (Cerebrooculofacioskeletal Syndrome, COFS Syndrome, Gene ERCC6, Mut.);;Кровь;до 34 р.д.;66 590,00
7896EXT1;;;Экзостозы множественные. Поиск мутаций в гене EXT1, м. (Multiple Exostoses, Gene EXT1, Mut.);;Кровь;до 34 р.д.;40 790,00
7895EXT2;;;Экзостозы множественные. Поиск мутаций в гене EXT2, м. (Multiple Exostoses, Gene EXT2, Mut.);;Кровь;до 34 р.д.;50 990,00
7758NDP;;;Экссудативная витреохореоретинальная дистрофия. Поиск мутаций в гене NDP, м. (Familial Exudative Vitreoretinopathy, FEVR, Gene NDP, Mut.);;Кровь;до 25 р.д.;11 390,00
7897EDA;;;Эктодермальная ангидротическая дисплазия. Поиск мутаций в гене EDA, м. (Anhidrotic Ectodermal Dysplasia, Gene EDA, Mut.);;Кровь;до 25 р.д.;27 190,00
7883GJB6;;;Эктодермальная гидротическая дисплазия. Поиск мутаций в гене GJB6, м. (Hidrotic Ectodermal Dysplasia, Gene GJB6, Mut.);;Кровь;до 25 р.д.;11 390,00
7248;;;Эпифизарная дисплазия, множественная. Поиск частых мутаций в гене COMP, ч. м.  (Multiple Epiphysial Dysplasia, MED, Gene COMP, Freq. Mut.);;Кровь;до 20 р.д.;6 990,00
7249;;;Эпифизарная дисплазия, множественная. Поиск мутаций в гене SLC26A2, м.  (Multiple Epiphysial Dysplasia, MED, Gene SLC26A2, Mut.);;Кровь;до 25 р.д.;21 590,00
7901GJB3;;;Эритрокератодермия. Поиск мутаций в гене GJB3, м. (Erythrokeratodermia, Gene GJB3, Mut.);;Кровь;до 25 р.д.;11 390,00
7899GJB4;;;Эритрокератодермия. Поиск мутаций в гене GJB4, м. (Erythrokeratodermia, Gene GJB4, Mut.);;Кровь;до 25 р.д.;10 590,00
7250;;;Эритроцитоз рецессивный (cемейная наследственная полицитемия). Поиск мутаций в гене VHL, м. (Autosomal Recessive Erythrocytosis, Gene VHL, Mut.);;Кровь;до 25 р.д.;14 790,00
7900VHLI;;;Эритроцитоз рецессивный (cемейная наследственная полицитемия). Поиск частых мутаций в гене VHL, ч. м. (Autosomal Recessive Erythrocytosis, Gene VHL, Freq. Mut.);;Кровь;до 18 р.д.;5 490,00
7021;;;Генодиагностика бета-талассемий и гемоглобинопатий (генотипирование HBB) (Molecular diagnosis of beta-thalassemia and hemoglobinopathies (HBB gene));;Кровь;до 10 р.д.;6 990,00
7022;;;Диагностика TTR-амилоидоза (секвенирование 2-4 экзонов гена TTR) (Molecular diagnosis of ATTR-amyloidosis (sequencign of 2-4 exons of TTR gene));;Кровь;до 12 р.д.;6 290,00
7023;;;Генодиагностика альфа-талассемии (HBA1, HBA2, HS-40) (Molecular diagnosis of alpha-thalassemia (HBA1, HBA2 genes and HS-40 regulation locus));;Кровь;до 7 р.д.;6 990,00
7620;;;Наследственные формы панкреатита (гены PRSS1, SPINK1) (Hereditary pancreatitis (PRSS1, SPINK1 genes));;Кровь;до 15 р.д.;3 690,00
7621;;;Фруктоземия (ген ALDOB) (Hereditary fructose intolerance (ALDOB gene));;Кровь;до 15 р.д.;3 690,00
7658;;;Наследственная эндотелиальная дистрофия роговицы - дистрофия Фукса (ген TCF4) (Fuchs endothelial dystrophy (gene TCF4));;Кровь;до 15 р.д.;3 310,00
7659;;;Комплексная диагностика увеитов (HLA-B27, HLA-B51, HLA-A29) (Diagnosis of uveitis (HLA-B27, HLA-B51, HLA-A29));;Кровь;до 9 р.д.;5 290,00
7660;;;Болезнь Помпе (ген GAA) (Pompe disease (GAA gene));;Кровь;до 14 р.д.;9 790,00
7300;;;Определение мутаций в гене CFTR методом секвенирования следующего поколения (NGS) в крови для диагностики муковисцидоза, наследственного панкреатита и CFTR-ассоциированого врождённого двустороннего отсутствия семявыносящего протока. (CFTR genes analysis by Next-Generation Sequencing (NGS) in blood);;Кровь;до 23 р.д.;38 900,00
7301;;;Определение мутаций в генах LDLR, APOB, PCSK9, LDLRAP1 для диагностики семейной гиперхолестеринемии методом секвенирования следующего поколения (NGS) в крови (LDLR, APOB, PCSK9, LDLRAP1 genes for the diagnosis of familial hypercholesterolemia by Next-Generation Sequencing (NGS) in blood);;Кровь;до 23 р.д.;43 410,00
7302;;;Определение мутаций в генах BRCA1, BRCA2 методом секвенирования следующего поколения (NGS) в биопсийном материале и крови (BRCA1, BRCA2 genes analysis by Next-Generation Sequencing (NGS) n biopsy specimens and blood);;"Биоптат; Кровь";до 23 р.д.;38 900,00
7303;;;Определение мутаций в генах BRCA1, BRCA2, ATM, PALB2, CHEK2 методом секвенирования следующего поколения (NGS) в биопсийном материале и крови (BRCA1, BRCA2, ATM, CHEK2, PALB2 genes analysis by Next-Generation Sequencing (NGS) in biopsy specimens and blood));;"Биоптат; Кровь";до 23 р.д.;46 900,00
7304;;;Диагностика аутовоспалительных заболеваний (11 генов) методом секвенирования следующего поколения (NGS) в крови (Diagnosis of autoinflammatory diseases (11 genes) by Next-Generation Sequencing (NGS) in blood);;Кровь;до 23 р.д.;43 900,00
7307;;;Комплексное обследование при бесплодии у женщин (инактивация Х хромосомы, CAG-повторы в гене AR и определение предэкспансии в гене FMR1) (Complex evaluation for infertility in women ( X chromosome inactivation, number of CAG repeats in the AR gene and  pre-expansion in the FMR1 gene));;Кровь;до 14 р.д.;8 490,00
7308;;;Гормональная чувствительность андрогенового рецептора (CAG-повторы, AR) (Hormonal sensitivity of the androgen receptor (CAG repeats, AR));;Кровь;до 14 р.д.;4 790,00
7309;;;Комплексная генетическая диагностика синдрома поликистоза яичников (СПКЯ) (Comprehensive genetic diagnosis of polycystic ovary syndrome (PCOS));;Кровь;до 14 р.д.;8 390,00
7310;;;Диагностика гемолитической анемии, ассоциированной с недостаточностью пируваткиназы (экзоны 3,5,7,8,10,11 гена PKLR) (Diagnosis of hemolytic anemia associated with pyruvate kinase deficiency (exons 3,5,7,8,10,11 of the PKLR gene));;Кровь;до 17 р.д.;10 190,00
7311;;;Диагностика гемолитической анемии, ассоциированной с недостаточностью глюкоза-6 фосфат-дегидрогеназы (ген G6PD);;Кровь;до 17 р.д.;10 190,00
7314;;;Молекулярно-генетическая диагностика недостаточности протеина С при тромбофилии (ген PROC);;Кровь;до 17 р.д.;9 590,00
7315;;;Молекулярно-генетическая диагностика недостаточности протеина S при тромбофилии (экзоны 5,6,11,12,13,14,15 гена PROS1 );;Кровь;до 17 р.д.;9 590,00
7316;;;Молекулярно-генетическая диагностика недостаточности антитромбина III при тромбофилии (ген SERPINC1);;Кровь;до 17 р.д.;9 590,00
7317;;;Диагностика транзиентной недостаточности антитромбина III при тромбофилиях (p.Ala416Ser, p.Arg79His, p.Pro73Leu, p.Val30Glu) (Diagnosis of transient antithrombin 3 deficiency in thrombophilias (p.Ala416Ser, p.Arg79His, p.Pro73Leu, p.Val30Glu));;Кровь;до 14 р.д.;4 290,00
7318;;;Комплексное исследование недостаточности протеина С, протеина S и антитромбина III при тромбофилии (экзоны 2, 7 гена SERPINC1, экзоны 11, 12 гена PROS1, экзоны 3, 7 гена PROC) (Diagnosis of transient antithrombin 3 deficiency in thrombophilias (p.Ala416Ser, p.Arg79His, p.Pro73Leu, p.Val30Glu));;Кровь;до 17 р.д.;10 890,00
7319;;;Статины, фармакогенетика (симвастатин, ловастатин, аторвастатин,питавастатин, правастатин, розувастатин, флувастатин) (Statins (simvastatin, lovastatin, atorvastatin, pitavastatin, pravastatin, rosuvastatin, fluvastatin));;Кровь;до 10 р.д.;9 090,00
7320;;;Иринотеркан (ген UGT1A ч.м.) (Irinotecan (Gene UGT1A, Freq. Mut.));;Кровь;до 14 р.д.;3 390,00
7840;;;Наследственные формы атипичного гемолитико-уремический синдром (аГУС) и С3 гломерулопатии;;Кровь;до 15 р.д.;12 390,00
7841;;;Острая перемежающаяся порфирия (ген HMBS);;Кровь;до 14 р.д.;11 990,00
7845;;;Молекулярно-генетическая диагностика тромботической тромбоцитопенической пурпуры (ген ADAMTS13);;Кровь;до 14 р.д.;8 790,00
7848;;;Молекулярно-генетическая диагностика 1, 2А, 2В, 2М,2N, 3 типов болезни фон Виллебранда (18-21 и 28 экзон гена VWF);;Кровь;до 14 р.д.;11 990,00
7027АЖ;;;Хромосомный микроматричный анализ пренатальный в амниотической жидкости;;Амниотическая жидкость;;17 590,00
7027ПК;;;Хромосомный микроматричный анализ пренатальный в пуповинной крови;;Кордовая (пуповинная) кровь;;17 590,00
7027ХОР;;;Хромосомный микроматричный анализ пренатальный в ворсинах хориона;;Биоптат / амниотическая жидкость;;17 590,00
7031АЖ;;;Пренатальная ДНК-диагностика атаксии Фридрейха;;Амниотическая жидкость;;30 990,00
7031ПК;;;Пренатальная ДНК-диагностика атаксии Фридрейха;;Кордовая (пуповинная) кровь;;30 990,00
7031ХОР;;;Пренатальная ДНК-диагностика атаксии Фридрейха;;Биоптат / амниотическая жидкость;;30 990,00
7032ХОР;;;Пренатальная ДНК-диагностика мышечной дистрофии Дюшенна/Беккера в ворсинах хориона (Prenatal DNA diagnostics of Duchenne-Becker muscular dystrophy);;Биоптат / амниотическая жидкость;до 33 р.д.;21 990,00
7032ПК;;;Пренатальная ДНК-диагностика мышечной дистрофии Дюшенна/Беккера в пуповинной крови (Prenatal DNA diagnostics of Duchenne-Becker muscular dystrophy);;Кордовая (пуповинная) кровь;до 33 р.д.;21 990,00
7032АЖ;;;Пренатальная ДНК-диагностика мышечной дистрофии Дюшенна/Беккера (Prenatal DNA diagnostics of Duchenne-Becker muscular dystrophy);;Амниотическая жидкость;до 33 р.д.;21 990,00
7033АЖ;;;Пренатальная диагностика спинальной мышечной атрофии  в амниотической жидкости (Prenatal diagnostics of spinal muscular atrophy);;Амниотическая жидкость;;13 990,00
7033ПК;;;Пренатальная диагностика спинальной мышечной атрофии в пуповинной крови (Prenatal DNA diagnostics ofspinal muscular atrophy);;Кордовая (пуповинная) кровь;;13 990,00
7033ХОР;;;Пренатальная диагностика спинальной мышечной атрофии в ворсинах хориона (Prenatal DNA diagnostics of spinal muscular atrophy);;Биоптат / амниотическая жидкость;;13 990,00
7034АЖ;;;Пренатальная диагностика гемофилии (Prenatal diagnostics of hemophilia);;Амниотическая жидкость;;21 990,00
7034ХОР;;;Пренатальная диагностика гемофилии в ворсинах хориона (Prenatal DNA diagnostics of hemophilia);;Биоптат / амниотическая жидкость;;21 990,00
7034ПК;;;Пренатальная диагностика гемофилии в пуповинной крови (Prenatal DNA diagnostics of hemophilia);;Кордовая (пуповинная) кровь;;21 990,00
7035АЖ;;;Пренатальная диагностика спинальной мышечной атрофии  в амниотической жидкости (с поиском частых патогенных вариантов в гене SMN1) (Prenatal diagnostics of spinal muscular atrophy);;Амниотическая жидкость;;21 990,00
7035ПК;;;Пренатальная диагностика спинальной мышечной атрофии в пуповинной крови (с поиском частых патогенных вариантов в гене SMN1) (Prenatal DNA diagnostics ofspinal muscular atrophy);;Кордовая (пуповинная) кровь;;21 990,00
7035ХОР;;;Пренатальная диагностика спинальной мышечной атрофии (с поиском частых патогенных вариантов в гене SMN1) в ворсинах хориона (Prenatal DNA diagnostics of spinal muscular atrophy, SMN1);;Биоптат / амниотическая жидкость;;21 990,00
7076;;;Полноэкзомное секвенирование - скрининг на носительство рецессивных заболеваний с интерпретацией 18+  (Whole Exome sequencing for the carriage of recessive diseases with interpretation 18+);;Кровь;до 38 р.д.;72 140,00
7081;;;Молекулярно-генетическое исследование при гипофосфатазии (ген ALPL);;Кровь;до 17 р.д.;14 990,00
7093;;;Поиск крупных делеций/дупликаций в гене CFTR (с заключением врача-генетика);;Кровь;до 22 р.д.;18 130,00
7094;;;Гемофилия А, ген F8 (с заключением врача-генетика);;Кровь;до 22 р.д.;17 130,00
7366;;;Анализ мутаций в гене EPOR (8 экзон);;Кровь;до 24 р.д.;10 990,00
24. ОПРЕДЕЛЕНИЕ БИОЛОГИЧЕСКОГО РОДСТВА В СЕМЬЕ: ОТЦОВСТВА И МАТЕРИНСТВА;;;;;;;
;;;;;;;
24.1. Определение биологического родства в семье: отцовства и материнства;;;;;;;
Заказ дополнительных тестов (дополнительный участник) только с основным исследованием;;;;;;;
БР3/5;;;Срочное установление биологического родства для одного из родителей при бесспорном родстве другого (3 чел.) (Urgent Establishment of Biological Relationship for One Parent at Indisputable Relationship of Another (3 Persons));;Буккальный эпителий;до 8 р.д.;28 790,00
БР3/20;;;Установление биологического родства для одного из родителей при бесспорном родстве другого (3 чел.) (Establishment of Biological Relationship for One Parent at Indisputable Relationship of Another (3 Persons));;Буккальный эпителий;до 10 р.д.;19 090,00
БР2/5;;;Срочное установление биологического родства для одного из родителей при отсутствии другого (2 чел.) (Urgent Establishment of Biological Relationship for One Parent in Absence of Another (2 Persons));;Буккальный эпителий;до 8 р.д.;28 790,00
БР2/20;;;Установление биологического родства для одного из родителей при отсутствии другого (2 чел.) (Establishment of Biological Relationship for One Parent in Absence of Another (2 Persons));;Буккальный эпителий;до 10 р.д.;14 890,00
БР/ДОП;;;Дополнительный участник исследования (ребенок или мать или отец) (Additional research participant (child or mother or father));;Буккальный эпителий;до 10 р.д.;6 190,00
БР/УНИВ;;;Установление биологического родства. ДНК-тест Универсальный;;Буккальный эпителий;до 8 р.д.;31 390,00
1В-БЭOUT;;;Взятие соскоба буккального эпителия без дальнейшего исследования (Buccal epithelium sampling);;;до 2 р.д.;350,00
БР/РП;;;Установление биологического родства в отношении родительской пары - предполагаемый отец, предполагаемая мать (Establishment of biological relationship in relation to the parent couple - putative father, putative mother);;Буккальный эпителий;до 6 р.д.;13 490,00
БР/УНИВ-ДОП;;;Дополнительный участник ДНК-теста Универсальный. Установление биологического родства.;;Буккальный эпителий;до 7 р.д.;7 990,00
25. НАСЛЕДСТВЕННЫЕ БОЛЕЗНИ ОБМЕНА ВЕЩЕСТВ У НОВОРОЖДЁННЫХ / СКРИНИНГ «ПЯТОЧКА»;;;;;;;
;;;;;;;
25.1. Наследственные болезни обмена веществ у новорождённых/скрининг «Пяточка»;;;;;;;
"*Для теста НБО1 Необходимо заблаговременно приобрести контейнер на платной основе ""Пробоподготовка (НПЯТ)"". В случае взятия биоматериала в МО в закз будет вклеченя ""Пробподготовка (НПЯТ)";;;;;;;
НПЯТ;;;Пробоподготовка (НПЯТ);;;;255,00
НБО1;;;Анализ спектра аминокислот и ацилкарнитинов, тандемная масс-спектрометрия, метод сухой капли крови (Analysis of amino acids and acylcarnitines, dried blood spots (MS/MS));;Капиллярная кровь;до 12 р.д.;5 990,00
НБО2;;;Анализ спектра органических кислот мочи методом газовой хроматографии с масс-спектрометрией (ГХ/МС) (Analysis of the spectrum of organic urine acids by gas chromatography with mass spectrometry (GC / MS));;Моча;до 16 р.д.;9 090,00
7060;;;Определение активности биотинидазы (недостаточность биотинидазы) (Biotin-Dependent Carboxylases Activity (Biotinidase Deficiency));;Сыворотка крови;до 12 р.д.;5 490,00
7040;;;Частая мутация в гене BTD (недостаточность биотинидазы) (BTD (Biotinidase Deficiency) Gene, Freq. Mut.);;Кровь;до 12 р.д.;6 390,00
7041GCDH;;;Частая мутация в гене GCDH (глутаровая ацидурия тип 1) (GCDH (Glutaryl-CoA Dehydrogenase) Gene, Freq. Mut. (Glutaric Aciduria, Type 1));;Кровь;до 12 р.д.;5 490,00
7048;;;Частая мутация в гене HADHA (недостаточность длинноцепочечной 3-гидроксиацил-КоА-дегидрогеназы) (HADHA Gene, Freq. Mut. (Long-Chain 3-Hydroxyacyl-Coa Dehydrogenase (LCHAD) Deficiency));;Кровь;до 12 р.д.;5 490,00
7052;;;Частая мутация в гене ACADM (недостаточность среднецепочечной дегидрогеназы жирных кислот MCAD) (ACADM Gene, Freq. Mut. (Medium-Chain Acyl-CoA Dehydrogenase (MCAD) Deficiency));;Кровь;до 12 р.д.;5 490,00
7056;;;Частые мутации в гене FAH (тирозинемия тип I) (FAH Gene, Freq. Mut. (Tyrosinemia, Type 1));;Кровь;до 12 р.д.;9 990,00
26. НАРКОТИЧЕСКИЕ, ПСИХОТРОПНЫЕ И ПСИХОАКТИВНЫЕ ВЕЩЕСТВА;;;;;;;
;;;;;;;
26.1. Наркотические, психотропные и психоактивные вещества;;;;;;;
;;;;;;;
9954;;;Анализ волос на определение наркотических средств, психотропного или сильнодействующего вещества (Hair analysis to determine narcotic drugs, psychotropic or potent substances);;Волосы;до 5 к.д.;7 990,00
27. ИССЛЕДОВАНИЕ КАЧЕСТВА ВОДЫ И ПОЧВЫ;;;;;;;
;;;;;;;
27.1. Высокотехнологичные исследования воды;;;;;;;
"*Необходимо заблаговременно приобрести контейнер на платной основ ""Пробоподготовка (НВОД)";;;;;;;
НВОД;;;Пробоподготовка (НВОД);;;;380,00
930ЭКВ;;;Вода: полная и комплексная оценка качества (Water: Complete and Comprehensive Quality Assessment)*;;Вода;до 10 р.д.;17 690,00
985ЭКВ;;;Вода: сокращенная оценка качества (Water: Abridged Quality Assessment)*;;Вода;до 7 р.д.;9 090,00
986ЭКВ;;;Вода: подозрение на загрязнение бытовыми отходами (Water: Suspicion Household Waste Contamination)*;;Вода;до 9 р.д.;7 690,00
987ЭКВ;;;Вода: подозрение на загрязнение промышленными отходами (Water: Suspicion Industrial Waste Contamination)*;;Вода;до 9 р.д.;10 890,00
988ЭКВ;;;Вода: подозрение на загрязнение продуктами сгорания и выбросами от автомагистралей (Water: Suspicion Products of Combustion and Emissions from Motorways Contamination)*;;Вода;до 9 р.д.;11 215,00
989ЭКВ;;;Вода: подозрение на избыточное применение реагентов для водоочистки (Water: Suspicion Excessive Use of Chemicals for Water Treatment)*;;Вода;до 7 р.д.;5 490,00
27.2. Скрининговые исследования воды;;;;;;;
*Для тестов, помеченных *, необходима пробоподготовка (НВОД).;;;;;;;
1160СЭКВ;;;Вода: оценка качества по 30 параметрам (Water: Quality Assessment 30 Parameters)*;;Вода;до 6 р.д.;9 190,00
1161СЭКВ;;;Вода: оценка качества по 20 параметрам (Water: Quality Assessment 20 Parameters)*;;Вода;до 6 р.д.;5 690,00
1162СЭКВ;;;Радиологические исследования проб питьевой воды – базовый тест на общую α- и β-активность (Radiological Drinking Water Study – Basic Test α- and β-Activity)*;;Вода;до 9 р.д.;6 290,00
1164СЭКВ;;;Определение концентраций для 4 радионуклидов (Determination of Concentration 4 Radionuclides)*;;Вода;до 23 р.д.;19 390,00
1165СЭКВ;;;Определение концентраций для 6 радионуклидов (Determination of Concentration 6 Radionuclides)*;;Вода;до 23 р.д.;29 190,00
1167СЭКВ;;;Вода: оценка качества по 16 параметрам;;Вода;до 5 р.д.;4 130,00
27.3. Высокотехнологичные исследования почвы;;;;;;;
"*Необходимо заблаговременно приобрести контейнер на платной основе ""пробоподготовка (НПОЧ)";;;;;;;
НПОЧ;;;Пробоподготовка (НПОЧ);;;;380,00
919ЭКП;;;Почва: комплексная токсикологическая оценка (Soil: Comprehensive Toxicological Evaluation)*;;Почва;до 15 р.д.;19 390,00
983ЭКП;;;Почва: комплексная агрохимическая оценка (Soil: Agrochemical Evaluation)*;;Почва;до 15 р.д.;9 390,00
28. КОМПЛЕКСНЫЕ ПРОГРАММЫ ОБСЛЕДОВАНИЙ (Профили);;;;;;;
;;;;;;;
28.1. Для детей;;;;;;;
;;;;;;;
ОБС45 (1601);;;Анализы для детского сада и школы  (Testing for Kindergarten and School);;"Плазма крови; Соскоб; Сыворотка крови; Кал; Капиллярная кровь; Кровь; Моча";1 к.д.;2 180,00
ОБС47;;;Оценка иммунного ответа к детским инфекциям (Pediatric Infections: Immune Response);;Сыворотка крови;до 6 р.д.;6 720,00
ОБС89;;;Здоровый ребенок: для детей от 0 до 14 лет (Healthy Child: for Children from 0 to 14 Years);;"Капиллярная кровь; Кровь; Моча";1 к.д.;890,00
ОБС159;;;Первичное лабораторное обследование детей при подозрении на развитие осложнений после инфекции COVID-19;;"Капиллярная кровь; Кровь; Сыворотка крови";до 3 р.д.;3 380,00
ОБС282;;;Проблемы веса у детей и подростков (Weight problems in children and adolescents);;"Кровь; Плазма крови; Сыворотка крови";1 к.д.;1 840,00
ОБС293;;;Витамин D и минеральный обмен: комплексное исследование для детей (Vitamin D and mineral metabolism: comprehensive study for children);;Сыворотка крови;до 2 к.д.;2 580,00
28.2. Для женщин;;;;;;;
"*Необходимо заблаговременно приобрести контейнер на платной основе ""Пробоподготовка (КЖЦ).В случае взятия взятия биоматериала в МО на тест 2019 В МО в заказ будет включена ""Пробоподготовка (КЖЦ).
** Исследование № УРО-311С выполняется в комплексе с исследованиями № 2019, № СЕРТ2019, № РИГЛА2019. Исследование № УРО-311С нельзя заказать отдельно!";;;;;;;
2019;;;Программа скрининга рака шейки матки – определение ДНК ВПЧ и цитологическое исследование соскоба шейки матки и цервикального канала методом жидкостной цитологии*;;Соскоб;до 5 р.д.;1 760,00
ОБС80;;;Женский гормональный профиль: дисфункция яичников, нарушения менструального цикла (Female Hormonal Profile: Ovarian Dysfunction, Menstrual Irregularities);;Сыворотка крови;до 3 р.д.;4 545,00
ОБС80NEW;;;Женский гормональный профиль: дисфункция яичников, нарушения менструального цикла;;"Плазма крови; Сыворотка крови";до 3 р.д.;6 345,00
ОБС70;;;Онкориск женский: шейка матки (Women's Oncorisk: Cervix );;Соскоб;до 4 р.д.;2 270,00
ОБС81;;;Проблемы невынашивания: аутоиммунный профиль (Miscarriage: Autoimmune Profile);;"Плазма крови; Сыворотка крови";до 4 р.д.;5 310,00
ОБС82;;;Оценка андрогенного статуса (Assessment of Androgen Status);;Сыворотка крови;до 3 р.д.;1 985,00
ОБС88;;;Планирование беременности: диагностика урогенитальных инфекций (Pregnancy Planning: Diagnosis of Urogenital Tract Infection (UTI));;"Асцитическая жидкость; Гной; Содержимое полости матки; Соскоб; Суставная жидкость; Транссудат; Экссудат; Эякулят; Отделяемое уретры (муж.); Плевральная жидкость; Промывные воды бронхов; Секрет простаты; Содержимое абсцесса; Содержимое инфильтрата; Отделяемое пазухи; Отделяемое половых органов; Отделяемое прямой кишки; Отделяемое раны; Отделяемое ротоглотки; Отделяемое уретры (жен.); Ликвор; Мазок; Мокрота; Назотрахеальный аспират; Отделяемое носа; Отделяемое носоглотки";до 3 р.д.;2 780,00
ОБС83;;;Хочу стать мамой: комплексное обследование при планировании беременности (Want to Become a Mother: Pregnancy Planning, Comprehensive Survey);;"Капиллярная кровь; Кровь; Плазма крови; Сыворотка крови";до 3 р.д.;9 755,00
ОБС84;;;TORCH-инфекции (ToRCH-Infections);;Сыворотка крови;1 к.д.;4 350,00
ОБС86;;;Беременность: 2-й триместр (14-27 недель) (Pregnancy: Second Trimester (14-27 Weeks));;"Капиллярная кровь; Кровь; Моча; Сыворотка крови";1 к.д.;890,00
ОБС87;;;Беременность: III триместр (от 29-40 недель) (Pregnancy: Third Trimester (29-40 Weeks) );;"Капиллярная кровь; Кровь; Плазма крови; Сыворотка крови";1 к.д.;4 840,00
ОБС122;;;Подготовка к беременности: оценка витаминного статуса;;Сыворотка крови;1 к.д.;5 330,00
ОБС123;;;Подготовка к беременности: скрытый дефицит железа;;Сыворотка крови;1 к.д.;1 810,00
СПКЯ1;;;Лабораторная диагностика гиперандрогенемии;;"Плазма крови; Сыворотка крови";1 р.д.;3 340,00
СПКЯ2;;;Оценка гормонального статуса при нарушении менструального цикла;;Сыворотка крови;до 3 р.д.;2 115,00
ОБС175;;;Гормональное обследование для женщин в период менопаузального перехода;;"Плазма крови; Сыворотка крови";1 к.д.;2 105,00
ОБС187;;;Женский гормональный профиль: нарушения менструального цикла, скрининг;;Сыворотка крови;1 к.д.;2 145,00
ОБС85NEW;;;Беременность: 1-й триместр (1-13 недели) или 1-й визит;;"Капиллярная кровь; Кровь; Плазма крови; Сыворотка крови";1 к.д.;6 690,00
ОБС193;;;Комплексное исследование абортивного материала, скрининг (Study of miscarriage tissues, screening);;"Анальная трещина; Аспират; Биоптат; Произвольный биоматериал; Соскоб";до 17 р.д.;12 275,00
ОБС194;;;Комплексное исследование абортивного материала, расширенное (Comprehensive study of miscarriage tissues);;"Анальная трещина; Аспират; Биоптат; Произвольный биоматериал; Соскоб";до 17 р.д.;25 505,00
ОБС121СМР;;;Подготовка к беременности: базовый;;"Асцитическая жидкость; Гной; Капиллярная кровь; Кровь; Ликвор; Экссудат; Эякулят; Содержимое инфильтрата; Содержимое полости матки; Соскоб; Суставная жидкость; Сыворотка крови; Транссудат; Отделяемое уретры (муж.); Плазма крови; Плевральная жидкость; Промывные воды бронхов; Секрет простаты; Содержимое абсцесса; Отделяемое пазухи; Отделяемое половых органов; Отделяемое прямой кишки; Отделяемое раны; Отделяемое ротоглотки; Отделяемое уретры (жен.); Мазок; Мокрота; Моча; Назотрахеальный аспират; Отделяемое носа; Отделяемое носоглотки";до 7 р.д.;11 745,00
ОБС208;;;Подготовка к программам вспомогательных репродуктивных технологий (ВРТ), включая ЭКО: комплекс № 1 (Preparation for IVF programs);;"Капиллярная кровь; Кровь; Моча; Плазма крови; Сыворотка крови";до 3 р.д.;8 810,00
ОБС216;;;Диагностика бесплодия;;"Асцитическая жидкость; Гной; Кровь; Ликвор; Соскоб; Суставная жидкость; Сыворотка крови; Транссудат; Экссудат; Эякулят; Плевральная жидкость; Промывные воды бронхов; Секрет простаты; Содержимое абсцесса; Содержимое инфильтрата; Содержимое полости матки; Отделяемое половых органов; Отделяемое прямой кишки; Отделяемое раны; Отделяемое ротоглотки; Отделяемое уретры (жен.); Отделяемое уретры (муж.); Мазок; Мокрота; Назотрахеальный аспират; Отделяемое носа; Отделяемое носоглотки; Отделяемое пазухи";до 6 р.д.;7 720,00
ОБС95NEW;;;VIP-обследование для женщин (VIP-examination for women);;"Кровь; Плазма крови; Сыворотка крови; Капиллярная кровь";до 3 р.д.;17 290,00
ОБС95;;;VIP-обследование для женщин (VIP-Survey for Women);;"Капиллярная кровь; Кровь; Моча; Плазма крови; Сыворотка крови";до 4 р.д.;20 850,00
3058;;;Выявление патогенных, условно-патогенных микроорганизмов, ДНК ВПЧ 6, 11, 16, 18, 26, 31, 33, 35, 39, 44, 45, 51, 52, 53, 56, 58, 59, 66, 68, 73, 82 типа и цитологическое исследование;;Соскоб;до 6 р.д.;3 790,00
ОБС249;;;Обследование после беременности и родов (Examination after pregnancy and postpartum);;"Капиллярная кровь; Кровь; Плазма крови; Сыворотка крови";до 2 к.д.;5 915,00
3059;;;Расширенный скрининг рака шейки матки– количественное определение ДНК ВПЧ Human рapilloma virus HPV высокого и низкого онкориска, 21 типов (6, 11, 16, 18, 26, 31, 33, 35, 39, 44, 45, 51, 52, 53, 56, 58, 59, 66, 68, 73, 82), типирование (кач.) ДНК+КВМ и цитологическое исследование соскоба шейки матки и цервикального канала методом жидкостной цитологии;;Соскоб;до 6 р.д.;3 790,00
ОБС256;;;Овариальный резерв: мини-профиль (Ovarian reserve testing mini panel);;Сыворотка крови;до 6 р.д.;2 780,00
ОБС266;;;Профиль для женщин базовый 18+;;"Капиллярная кровь; Кровь; Моча; Плазма крови; Сыворотка крови";до 2 к.д.;3 210,00
ОБС267;;;Профиль для женщин оптимальный 18+;;"Капиллярная кровь; Кровь; Моча; Плазма крови; Сыворотка крови";до 3 к.д.;7 265,00
ОБС278;;;Женское здоровье 18+: расширенное обследование (Women's Health 18+ Extended Examination);;"Капиллярная кровь; Кровь; Моча; Плазма крови; Сыворотка крови";до 6 р.д.;14 910,00
ОБС279;;;Женское здоровье 18+: VIP обследование (Women's Health 18+: VIP Examination);;"Буккальный эпителий; Капиллярная кровь; Кровь; Моча; Плазма крови; Сыворотка крови";до 33 к.д.;34 080,00
ОБС300;;;Хронический цистит у женщин (Chronic cystitis in women);;"Моча; Отделяемое половых органов; Секрет простаты; Содержимое полости матки; Соскоб; Эякулят";до 7 р.д.;4 490,00
ОБС81NEW;;;Проблемы невынашивания: аутоиммунный профиль (Problems of miscarriage: autoimmune profile);;"Плазма крови; Сыворотка крови";до 9 р.д.;5 990,00
ОБС87NEW;;;Беременность: 3-й триместр (28-40 недель) (Pregnancy: 3rd trimester (29-40 weeks));;"Асцитическая жидкость; Гной; Капиллярная кровь; Кровь; Ликвор; Мазок; Суставная жидкость; Сыворотка крови; Транссудат; Экссудат; Эякулят; Плевральная жидкость; Промывные воды бронхов; Секрет простаты; Содержимое абсцесса; Содержимое инфильтрата; Содержимое полости матки; Отделяемое половых органов; Отделяемое прямой кишки; Отделяемое раны; Отделяемое ротоглотки; Отделяемое уретры (жен.); Отделяемое уретры (муж.); Мокрота; Моча; Назотрахеальный аспират; Отделяемое носа; Отделяемое носоглотки; Отделяемое пазухи";до 4 к.д.;2 510,00
ОБС85NEW2;;;Беременность: 1-й триместр (1-13 недели) или 1-й визит (Pregnancy: 1st trimester (1-13 weeks) or 1st visit);;"Экссудат; Эякулят; Содержимое абсцесса; Содержимое инфильтрата; Содержимое полости матки; Суставная жидкость; Сыворотка крови; Транссудат; Отделяемое уретры (жен.); Отделяемое уретры (муж.); Плазма крови; Плевральная жидкость; Промывные воды бронхов; Секрет простаты; Отделяемое носоглотки; Отделяемое пазухи; Отделяемое половых органов; Отделяемое прямой кишки; Отделяемое раны; Отделяемое ротоглотки; Ликвор; Мазок; Мокрота; Моча; Назотрахеальный аспират; Отделяемое носа; Асцитическая жидкость; Гной; Капиллярная кровь; Кровь";до 4 к.д.;7 085,00
28.3. Для мужчин;;;;;;;
;;;;;;;
ОБС69;;;Онкориск мужской: предстательная железа (Male oncologic risk: prostate);;Сыворотка крови;1 к.д.;1 170,00
ОБС171;;;Гипогонадизм у мужчин;;"Плазма крови; Сыворотка крови";1 к.д.;3 830,00
ОБС183;;;Комплексное гормональное обследование для мужчин;;"Плазма крови; Сыворотка крови";1 к.д.;2 985,00
ОБС201;;;Сексуальная дисфункция у мужчин. Первичное лабораторное обследование;;"Плазма крови; Сыворотка крови";до 2 р.д.;1 440,00
ОБС224;;;Хочу стать папой: общеклинические и гормональные исследования (Become a father: Clinical and hormonal blood tests);;"Капиллярная кровь; Кровь; Плазма крови; Сыворотка крови";до 2 р.д.;2 740,00
ОБС225;;;Хочу стать папой: обследование на инфекции, передаваемые половым путем (Become a father: screening for sexually transmitted infections);;"Соскоб; Сыворотка крови";до 2 р.д.;2 720,00
ОБС96NEW;;;VIP-обследование для мужчин (VIP-examination for men);;"Капиллярная кровь; Кровь; Плазма крови; Сыворотка крови";до 3 р.д.;16 390,00
ОБС96;;;VIP-обследование для мужчин (VIP-Survey for Men);;"Сыворотка крови; Капиллярная кровь; Кровь; Моча; Плазма крови";до 4 р.д.;19 710,00
ОБС257;;;Проблемы веса у мужчин (первичное обследование пациентов с нарушением веса) Weight problems in men (primary examination of patients with weight disorder);;"Капиллярная кровь; Кровь; Плазма крови; Сыворотка крови";до 2 р.д.;6 260,00
ОБС258;;;Гинекомастия (Gynecomastia);;Сыворотка крови;до 2 к.д.;4 760,00
ОБС276;;;Мужское здоровье 18+ базовое обследование;;"Моча; Плазма крови; Сыворотка крови; Капиллярная кровь; Кровь";до 2 к.д.;3 040,00
ОБС280;;;Мужское здоровье 18+: оптимальное обследование;;"Капиллярная кровь; Кровь; Моча; Плазма крови; Сыворотка крови";до 2 к.д.;6 310,00
ОБС281;;;Мужское здоровье 18+: расширенное обследование;;"Капиллярная кровь; Кровь; Моча; Плазма крови; Сыворотка крови";до 2 к.д.;14 940,00
ОБС277;;;Мужское здоровье: VIP обследование 18+ (с оценкой генетических рисков);;"Буккальный эпителий; Капиллярная кровь; Кровь; Моча; Плазма крови; Сыворотка крови";до 33 к.д.;34 610,00
28.4. Ежегодные профилактические обследования;;;;;;;
;;;;;;;
3020;;;ИНБИОФЛОР − комплексное исследование микрофлоры урогенитального тракта (INBIOFLOR − Comprehensive Study of Microflora Composition of Urogenital Tract (UGT));;Соскоб;до 5 р.д.;3 310,00
ОБС46;;;Ежегодное профилактическое обследование (после 40 лет) (Annual Check-Up after 40 Years of Age);;"Капиллярная кровь; Кровь; Моча; Плазма крови; Сыворотка крови";1 к.д.;5 930,00
ОБС73;;;Биохимия крови: расширенный профиль (Serum Biochemistry: Extended Profile);;"Плазма крови; Сыворотка крови";1 к.д.;4 165,00
ОБС74;;;Биохимия крови: минимальный профиль (Serum Biochemistry: Minimum);;"Плазма крови; Сыворотка крови";1 р.д.;2 590,00
ОБС79;;;Здоров ты – здорова страна: ежегодное профилактическое обследование (до 40 лет) (Healthy You − Healthy Country: Annual Check-Up up to 40 Years of Age);;"Капиллярная кровь; Кровь; Плазма крови; Сыворотка крови";1 к.д.;4 805,00
ОБС154;;;Биохимия крови: базовый профиль;;"Плазма крови; Сыворотка крови";1 к.д.;1 550,00
ОБС155;;;Ежегодная профилактика: минимальный скрининг;;"Плазма крови; Сыворотка крови";1 к.д.;800,00
ОБС164;;;Витамин D и минеральный обмен (Перекресток);;Сыворотка крови;1 к.д.;2 670,00
ОБС165;;;Правильное питание (Перекресток);;"Капиллярная кровь; Кровь; Плазма крови; Сыворотка крови";1 к.д.;3 940,00
ОБС166;;;Вегетарианцы (Перекресток);;"Капиллярная кровь; Кровь; Сыворотка крови";1 к.д.;2 020,00
ОБС167;;;Микро и макроэлементы (Перекресток);;"Кровь; Сыворотка крови";до 6 р.д.;3 690,00
ОБС168;;;Веганы (Перекресток);;"Капиллярная кровь; Кровь; Плазма крови; Сыворотка крови";1 к.д.;5 130,00
ОБС169;;;Оценка витаминного статуса (Перекресток);;Сыворотка крови;1 р.д.;11 190,00
ОБС184;;;Бессонница;;"Плазма крови; Сыворотка крови";до 4 р.д.;4 790,00
ОБС196;;;Стресс;;"Капиллярная кровь; Кровь; Плазма крови; Сыворотка крови";до 4 р.д.;7 490,00
ОБС199;;;Дифференциальная диагностика депрессии;;"Капиллярная кровь; Кровь; Плазма крови; Сыворотка крови";1 р.д.;6 450,00
ОБС206;;;Для тех, кто много работает (For those who work hard);;"Капиллярная кровь; Кровь; Плазма крови; Сыворотка крови";1 р.д.;5 960,00
ОБС211;;;Микро и макроэлементы (Micro-elements and macro-elements);;"Кровь; Сыворотка крови";до 5 р.д.;3 690,00
ОБС212;;;Оценка витаминного статуса (Assessment of vitamin status);;Сыворотка крови;до 4 р.д.;11 190,00
ОБС218;;;Витамины и минералы: базовый комплекс (Vitamins and minerals: basic profile);;Сыворотка крови;1 к.д.;4 820,00
ОБС228;;;Ежегодная профилактика: оптимальный (Annual prevention: optimal);;"Капиллярная кровь; Кровь; Плазма крови; Сыворотка крови";1 р.д.;2 890,00
NUTRI1;;;Оценка дефицитов;;"Капиллярная кровь; Кровь; Плазма крови; Сыворотка крови";до 8 р.д.;44 105,00
NUTRI2;;;Оценка гомеостаза;;"Капиллярная кровь; Кровь; Плазма крови; Сыворотка крови";до 8 р.д.;49 655,00
ОБС242;;;Железодефицитная анемия;;"Капиллярная кровь; Кровь; Сыворотка крови";до 2 р.д.;2 330,00
ОБС243;;;Коэффициент насыщения трансферрина;;Сыворотка крови;до 2 р.д.;770,00
ОБС244;;;Общая железосвязывающая способность сыворотки;;Сыворотка крови;до 2 р.д.;780,00
ОБС245;;;Протеинограмма;;Сыворотка крови;до 2 р.д.;600,00
ОБС46NEW;;;Ежегодная профилактика: расширенный (Annual prevention: extended);;"Капиллярная кровь; Кровь; Плазма крови; Сыворотка крови";до 2 р.д.;6 115,00
ОБС79NEW;;;«Здоров ты – здорова страна» (You аre healthy – Your country is healthy);;"Капиллярная кровь; Кровь; Плазма крови; Сыворотка крови";до 6 р.д.;11 670,00
ОБС126NEW;;;Оценка рисков развития осложнений при хронической обструктивной болезни легких (ХОБЛ) (Chronic obstructive pulmonary disease (COPD) complications assessment);;"Капиллярная кровь; Кровь; Плазма крови; Сыворотка крови";до 2 р.д.;2 930,00
ОБС248;;;Лабораторное обследование при отеках (Lab tests for edema);;"Капиллярная кровь; Кровь; Моча; Плазма крови; Сыворотка крови";до 2 р.д.;3 980,00
ОБС291;;;Витамины и минералы, участвующие в поддержании иммунной защиты (Vitamins and minerals involved in maintaining immune defense);;"Кровь; Плазма крови; Сыворотка крови";до 6 р.д.;7 990,00
ОБС73NEW;;;Биохимия крови: расширенный профиль (Biochemistry Profile: extended);;"Кровь; Плазма крови; Сыворотка крови";до 2 р.д.;4 615,00
ОБС74NEW;;;Биохимия крови: минимальный профиль (общетерапевтический) (Biochemistry Profile: minimum (general therapeutic));;"Плазма крови; Сыворотка крови";до 2 р.д.;2 690,00
ОБС295;;;Витамин D, магний, кальций и железо (Vitamin D, Magnesium, Calcium and Iron);;Сыворотка крови;до 2 р.д.;2 590,00
ОБС296;;;Магний и витамин В6 (Magnesium and vitamin B6);;"Плазма крови; Сыворотка крови";до 5 к.д.;2 685,00
ОБС297;;;Железодефицитная анемия: диагностика и контроль эффективности лечения, расширенное обследование (Iron deficiency anemia: diagnosis and monitoring of treatment effectiveness, extended examination);;"Капиллярная кровь; Кровь; Сыворотка крови";до 2 р.д.;2 490,00
ОБС298;;;Диагностика витамин В12- и фолиеводефицитной анемии (Diagnosis of vitamin B12 and folate deficiency anemia);;"Капиллярная кровь; Кровь; Сыворотка крови";до 2 к.д.;2 370,00
28.5. Спортивные профили;;;;;;;
;;;;;;;
СПОРТ1;;;Supersport  Базовый;;"Капиллярная кровь; Кровь; Моча; Плазма крови; Сыворотка крови";до 2 р.д.;2 455,00
СПОРТ2;;;Supersport  Оптимальный;;"Капиллярная кровь; Кровь; Моча; Плазма крови; Сыворотка крови";до 2 р.д.;7 125,00
СПОРТ3;;;Supersport  Продвинутый;;"Капиллярная кровь; Кровь; Моча; Плазма крови; Сыворотка крови";до 2 р.д.;14 225,00
ОБС160;;;SuperSport – Минимальный;;"Капиллярная кровь; Кровь; Сыворотка крови";до 3 р.д.;2 245,00
ОБС270;;;Гонка героев (Race of Heroes);;"Капиллярная кровь; Кровь; Моча; Плазма крови; Сыворотка крови";до 2 к.д.;2 490,00
28.6. Обследование домашнего персонала;;;;;;;
;;;;;;;
ОБС217;;;Личный водитель (Personal driver);;"Моча; Сыворотка крови";до 5 р.д.;6 790,00
ОБС221;;;Обследование домашнего персонала: стандартный (Domestic staff survey: standard);;"Кал; Капиллярная кровь; Кровь; Соскоб; Сыворотка крови";до 4 р.д.;4 090,00
ОБС222;;;Обследование домашнего персонала: расширенный (Domestic Staff Survey: Expanded);;"Кал; Капиллярная кровь; Кровь; Отделяемое носа; Отделяемое носоглотки; Отделяемое пазухи; Отделяемое ротоглотки; Соскоб; Сыворотка крови";до 4 р.д.;6 330,00
28.7. Оценка риска развития заболеваний сердечно-сосудистой системы;;;;;;;
;;;;;;;
ОБС51;;;Профилактика заболеваний сердца и сосудов и их осложнений (Preventing Heart and Blood Vessel Diseases );;"Плазма крови; Сыворотка крови";1 к.д.;3 430,00
ОБС53;;;Липидный профиль: расширенный (Lipid Profile: Extended );;Сыворотка крови;1 к.д.;3 380,00
ОБС54;;;Липидный профиль: скрининг (Lipid Profile: Screening);;Сыворотка крови;1 к.д.;870,00
ОБС127;;;Липидный профиль: расширенный не натощак (Lipid Profile: Extended );;Сыворотка крови;до 2 р.д.;3 350,00
ОБС128;;;Липидный профиль: скрининг не натощак (Lipid Profile: Screening);;Сыворотка крови;до 2 р.д.;870,00
ОБС173;;;Кардиориск, скрининг-new - с включением высокочувствительного Тропонина и Натриуретического гормона (В-типа) N-концевого пропептида (Сardiovascular risk screening panel including hs-Troponin and NT-proBNP);;"Плазма крови; Сыворотка крови";1 к.д.;5 960,00
1680;;;Холестерин не-ЛПВП натощак;;Сыворотка крови;1 к.д.;475,00
1682;;;Холестерин не-ЛПВП не натощак;;Сыворотка крови;1 к.д.;455,00
1675;;;Ремнантный холестерин натощак;;Сыворотка крови;1 к.д.;790,00
1685;;;Ремнантный холестерин не натощак;;Сыворотка крови;1 к.д.;790,00
ОБС200;;;Липидный профиль: Здоровое сердце;;Сыворотка крови;до 2 р.д.;660,00
АРИТМОТЕСТ;;;Аритмотест;;Сыворотка крови;до 6 р.д.;4 490,00
ОБС233;;;Лабораторное обследование при артериальной гипертензии (Laboratory diagnostics in arterial hypertension);;"Капиллярная кровь; Кровь; Плазма крови; Сыворотка крови";1 р.д.;2 360,00
ОБС246;;;Кардиориск: профиль для SCORE2, с включением высокочувствительного тропонина-I (вч-ТпI) и С-реактивного белка (СРБ) (Cardiovascular mini panel for SCORE2, with hs-TnI  and CRP);;Сыворотка крови;до 3 к.д.;1 740,00
РАСЧЕТАРИТМО;;;АРИТМОТЕСТ (ARHYTHMOTEST);;;до 5 р.д.;1 990,00
28.8. Диагностика антифосфолипидного синдрома;;;;;;;
;;;;;;;
ОБС55;;;Антифосфолипидный синдром (АФС), лабораторные критерии (Antiphospholipid Syndrome, APS);;"Плазма крови; Сыворотка крови";до 7 р.д.;4 470,00
ОБС55NEW;;;Антифосфолипидный синдром, лабораторные критерии (Antiphospholipid syndrome, laboratory criteria);;"Плазма крови; Сыворотка крови";до 7 р.д.;5 590,00
28.9. Диагностика состояния желудочно-кишечного тракта;;;;;;;
;;;;;;;
ОБС62;;;Диагностика целиакии: непереносимость белка злаков (глютена) (Coeliac Disease: Gluten Intolerance );;Сыворотка крови;до 9 р.д.;7 220,00
ГАСТР;;;Гастропанель (GastroPanel);;Плазма крови;до 7 к.д.;4 890,00
ОБС202;;;Анализы для справки в бассейн;;"Кал; Соскоб";до 2 р.д.;670,00
ГАСТР978;;;Гастропанель + Гастрин-17 стимулированный.;;Плазма крови;до 7 к.д.;5 990,00
ОБС226;;;Желчнокаменная болезнь: при подозрении на развитие осложнений (Gallstone disease: suspected complications);;"Капиллярная кровь; Кровь; Сыворотка крови";до 2 р.д.;3 720,00
ОБС255;;;Неинвазивная диагностика заболеваний слизистой оболочки желудка (Non-invasive diagnostics of gastric  mucosal diseases);;"Плазма крови; Пробы выдыхаемого воздуха";до 9 к.д.;6 765,00
ОБС271;;;Синдром раздраженного кишечника (СРК) (Irritable bowel syndrome (IBS));;"Кал; Капиллярная кровь; Кровь; Плазма крови; Пробы выдыхаемого воздуха; Сыворотка крови";до 6 р.д.;10 290,00
ОБС284;;;Неинвазивная диагностика хронического гастрита: минимальный (Non-invasive diagnostics of chronic gastritis: minimal);;"Капиллярная кровь; Кровь; Плазма крови; Сыворотка крови";до 12 р.д.;7 390,00
ОБС285;;;Неинвазивная диагностика хронического гастрита: расширенный (Non-invasive diagnostics of chronic gastritis extended);;"Капиллярная кровь; Кровь; Плазма крови; Сыворотка крови";до 12 р.д.;9 390,00
28.10. Оценка функции печени;;;;;;;
;;;;;;;
ОБС56;;;Обследование печени: расширенное (Survey of Liver: Extended );;"Плазма крови; Сыворотка крови";1 к.д.;3 440,00
ОБС57;;;Обследование печени: скрининг (Survey of Liver: Screening);;Сыворотка крови;1 р.д.;1 150,00
ОБС59;;;Скрининг аутоиммунного поражения печени (Autoimmune Liver Disease: Screening);;Сыворотка крови;до 9 р.д.;7 790,00
ОБС59NEW;;;Скрининг аутоиммунного поражения печени;;Сыворотка крови;до 7 р.д.;7 835,00
ОБС176;;;Скрининг аутоиммунного поражения печени – расширенный;;Сыворотка крови;до 12 р.д.;12 435,00
ОБС186;;;"Аутоиммунный гепатит типа 1 (АИГ-1; аутоиммунный гепатит взрослых), скрининг";;Сыворотка крови;до 7 р.д.;3 490,00
ОБС215;;;Первичное обследование при подозрении на острый вирусный гепатит (Acute viral hepatitis: initial examination);;"Капиллярная кровь; Кровь; Моча; Сыворотка крови";1 р.д.;4 770,00
ОБС260;;;Оценка функционального состояния печени и поджелудочной железы (Liver and pancreas tests);;"Кал; Сыворотка крови";до 6 к.д.;6 125,00
ОБС283;;;Дифференциальная диагностика острых вирусных гепатитов A, B, C: расширенный профиль (Differential diagnosis of viral hepatitis A, B, C: Extended Profile);;Сыворотка крови;до 2 к.д.;3 490,00
ОБС287;;;Дифференциальная диагностика острых вирусных гепатитов A, B, C: минимальный профиль (Differential diagnosis of viral hepatitis A, B, C: Minimal Profile);;Сыворотка крови;до 2 к.д.;2 195,00
28.11. Неинвазивная оценка фиброза печени;;;;;;;
;;;;;;;
1СТС;;;СтеатоСкрин (SteatoSсreen);;Сыворотка крови;до 3 р.д.;7 235,00
3ФТ;;;ФиброТест (FibroTest);;Сыворотка крови;до 3 р.д.;13 600,00
ФТ-Р;;;ФиброТест (FibroTest);;Сыворотка крови;до 3 р.д.;12 320,00
4НФТ;;;NASH-FibroTest;;Сыворотка крови;до 3 р.д.;24 215,00
НФТ-Р;;;NASH-FibroTest (расчетный);;Сыворотка крови;до 3 р.д.;24 215,00
28.12. Оценка функции почек;;;;;;;
;;;;;;;
ОБС61;;;Обследование почек: скрининг (Survey of Kidneys: Screening);;"Моча; Сыворотка крови";1 к.д.;1 130,00
ОБС60;;;Обследование почек: расширенное (Survey of Kidneys: Extended );;"Капиллярная кровь; Кровь; Моча; Сыворотка крови";до 3 р.д.;2 775,00
ОБС192;;;Диабетическая нефропатия: ежегодное минимальное обследование;;"Кровь; Моча; Сыворотка крови";до 2 р.д.;1 385,00
ОБС195;;;Диабетическая нефропатия: расширенный;;"Кровь; Моча; Сыворотка крови";до 2 р.д.;5 600,00
ОБС60NEW;;;Обследование почек: расширенное (Tests for kidney disease: extended);;"Капиллярная кровь; Кровь; Моча; Сыворотка крови";до 2 р.д.;4 590,00
ОБС61NEW;;;Обследование почек: скрининг (Screening kidney function tests);;"Капиллярная кровь; Кровь; Моча; Сыворотка крови";до 2 р.д.;2 440,00
ОБС301;;;Диагностика быстропрогрессирующего гломерулонефрита, расширенный профиль (Tests for rapidly progressive glomerulonephritis);;"Капиллярная кровь; Кровь; Моча; Сыворотка крови";до 12 р.д.;8 735,00
28.13. Госпитальные исследования;;;;;;;
;;;;;;;
ОБС77;;;Госпитализация в терапевтический стационар (Hospitalization in Therapeutic Hospital);;"Капиллярная кровь; Кровь; Моча; Плазма крови; Сыворотка крови";1 к.д.;4 725,00
77САМ;;;Госпитализация в терапевтический стационар;;"Капиллярная кровь; Кровь; Моча; Плазма крови; Сыворотка крови";1 р.д.;3 780,00
ОБС78;;;Госпитализация в хирургический стационар  (Hospitalization in Surgical Hospital);;"Капиллярная кровь; Кровь; Моча; Плазма крови; Сыворотка крови";1 к.д.;6 485,00
ОБС106;;;Госпитализация в хирургический стационар: расширенное обследование  (Hospitalization in Surgical Hospital: Extended Survey);;"Кал; Капиллярная кровь; Кровь; Мазок; Моча; Отделяемое носа; Отделяемое носоглотки; Отделяемое пазухи; Отделяемое ротоглотки; Плазма крови; Ректальный мазок; Сыворотка крови";до 4 р.д.;9 000,00
ОБС189;;;Партнерские роды;;Сыворотка крови;до 5 р.д.;3 530,00
ОБС197;;;Плановая госпитализация в акушерское отделение;;"Асцитическая жидкость; Гной; Капиллярная кровь; Кровь; Ликвор; Мазок; Содержимое полости матки; Суставная жидкость; Сыворотка крови; Транссудат; Экссудат; Эякулят; Плазма крови; Плевральная жидкость; Промывные воды бронхов; Секрет простаты; Содержимое абсцесса; Содержимое инфильтрата; Отделяемое половых органов; Отделяемое прямой кишки; Отделяемое раны; Отделяемое ротоглотки; Отделяемое уретры (жен.); Отделяемое уретры (муж.); Мокрота; Моча; Назотрахеальный аспират; Отделяемое носа; Отделяемое носоглотки; Отделяемое пазухи";до 3 р.д.;6 595,00
ОБС198;;;Госпитализация в отделение гинекологии;;"Асцитическая жидкость; Гной; Капиллярная кровь; Кровь; Ликвор; Экссудат; Эякулят; Содержимое инфильтрата; Содержимое полости матки; Соскоб; Суставная жидкость; Сыворотка крови; Транссудат; Отделяемое уретры (муж.); Плазма крови; Плевральная жидкость; Промывные воды бронхов; Секрет простаты; Содержимое абсцесса; Отделяемое пазухи; Отделяемое половых органов; Отделяемое прямой кишки; Отделяемое раны; Отделяемое ротоглотки; Отделяемое уретры (жен.); Мазок; Мокрота; Моча; Назотрахеальный аспират; Отделяемое носа; Отделяемое носоглотки";до 5 р.д.;7 940,00
ОБС273;;;Госпитальный профиль: стандартный (ВИЧ, сифилис, гепатиты В, С) (Hospital profile: standard (HIV, syphilis, hepatitis B, C));;Сыворотка крови;до 2 к.д.;1 850,00
ОБС272;;;Госпитальный профиль: минимальный (ВИЧ, сифилис, гепатиты В, С) (Hospital profile: minimal (HIV, syphilis, hepatitis B, C));;Сыворотка крови;до 2 к.д.;1 290,00
ОБС286;;;Госпитальный профиль: ВИЧ, гепатиты В, С, сифилис (трепонемный тест) Hospital profile: HIV, hepatitis B, C, syphilis (treponemal test));;Сыворотка крови;до 2 к.д.;1 515,00
28.14. Диагностика заболеваний соединительной ткани;;;;;;;
;;;;;;;
ОБС63;;;Боли в суставах: расширенное обследование (Joint Pain: Extended Survey);;"Моча; Сыворотка крови";до 5 р.д.;8 880,00
ОБС64;;;Артриты при ревматических заболеваниях (Rheumatic arthritises);;"Капиллярная кровь; Кровь; Сыворотка крови";1 к.д.;2 550,00
ОБС64MOD;;;Боли в суставах: скрининг (Arthralgia: screening test);;Сыворотка крови;до 8 р.д.;5 445,00
ОБС120;;;Подагра;;"Моча; Сыворотка крови";1 к.д.;1 040,00
ОБС125;;;Ревматоидный артрит (Rheumatoid arthritis).;;"Капиллярная кровь; Кровь; Сыворотка крови";1 к.д.;3 310,00
ОБС170;;;Болезнь Вильсона-Коновалова, биохимические тесты (Wilson-Konovalov disease, biochemical tests);;"Капиллярная кровь; Кровь; Моча; Плазма крови; Сыворотка крови";до 6 р.д.;4 010,00
ОБС247;;;Подагра: выявление факторов риска развития заболевания, расширенное обследование (Gout: identification of risk factors for disease,  extended examination);;"Капиллярная кровь; Кровь; Плазма крови; Сыворотка крови";до 2 р.д.;3 290,00
ОБС250;;;Лабораторная диагностика гемохроматоза (Laboratory diagnostics in hemochromatosis);;"Капиллярная кровь; Кровь; Сыворотка крови";до 2 р.д.;2 360,00
ОБС289;;;Псориаз. Обследование перед назначением системной терапии (Psoriasis. Examination before prescribing systemic therapy);;"Капиллярная кровь; Кровь; Моча; Плазма крови; Сыворотка крови";до 2 к.д.;4 220,00
ОБС64MOD2;;;Боли в суставах: скрининг (Arthralgia: screening tests);;"Капиллярная кровь; Кровь; Сыворотка крови";до 9 р.д.;3 990,00
28.15. Диагностика сахарного диабета;;;;;;;
;;;;;;;
ОБС65;;;Контроль диабета: расширенный (Diabetes Control: Extended);;"Кровь; Моча; Плазма крови; Сыворотка крови";1 к.д.;4 160,00
ОБС65NEW;;;Контроль диабета: расширенный;;"Капиллярная кровь; Кровь; Моча; Плазма крови; Сыворотка крови";1 к.д.;4 580,00
ОБС66;;;Контроль диабета: скрининг (Diabetes Control: Screening);;"Кровь; Плазма крови; Сыворотка крови";1 р.д.;695,00
ОБС67;;;Диабет: аутоиммунные маркеры (Diabetes: Autoimmune Markers);;Сыворотка крови;до 12 р.д.;4 250,00
ОБС214;;;Дифференциация типов сахарного диабета (Differentiation of types of diabetes);;Сыворотка крови;до 12 р.д.;6 460,00
28.16. Диагностика и контроль терапии остеопороза;;;;;;;
;;;;;;;
ОБС71;;;Диагностика остеопороза (Diagnosis of Osteoporosis);;"Моча; Сыворотка крови";1 к.д.;3 590,00
ОБС124;;;Оценка метаболизма костной ткани и риска остеопороза: расширенное обследование (Metabolic bone and osteoporosis risk evaluation: comprehensive examination).;;"Капиллярная кровь; Кровь; Плазма крови; Сыворотка крови";до 3 р.д.;6 310,00
ОБС124NEW;;;Оценка метаболизма костной ткани и риска остеопороза: расширенное обследование (Bone metabolism and osteoporosis risk assessment: extended panel);;"Капиллярная кровь; Кровь; Плазма крови; Сыворотка крови";до 3 р.д.;8 810,00
ОБС71NEW;;;Лабораторная диагностика остеопороза (Osteoporosis Lab Test Panel);;"Плазма крови; Сыворотка крови";до 3 р.д.;3 280,00
28.17. Оценка функции щитовидной железы;;;;;;;
;;;;;;;
ОБС75;;;Щитовидная железа: расширенное обследование (Thyroid Gland: Extended Survey);;Сыворотка крови;1 к.д.;2 320,00
ОБС76;;;Щитовидная железа: скрининг (Thyroid Gland: Screening);;Сыворотка крови;1 к.д.;1 275,00
ОБС207;;;Щитовидная железа: минимальный (Thyroid Gland: Minimal Profile);;Сыворотка крови;1 к.д.;825,00
ОБС229;;;Послеоперационный лабораторный мониторинг при медуллярном раке щитовидной железы: базовый (Postoperative laboratory monitoring for  medullary  thyroid cancer: basic);;Сыворотка крови;1 р.д.;2 150,00
ОБС230;;;Послеоперационный лабораторный мониторинг при медуллярном раке щитовидной железы: расширенный (Postoperative laboratory monitoring for  medullary thyroid cancer: extended);;Сыворотка крови;1 р.д.;3 590,00
ОБС231;;;Послеоперационный лабораторный мониторинг при дифференцированном раке щитовидной железы: базовый (Postoperative laboratory monitoring for  differentiated thyroid cancer: basic);;Сыворотка крови;до 2 р.д.;2 140,00
ОБС232;;;Послеоперационный лабораторный мониторинг при дифференцированном раке щитовидной железы: расширенный (Postoperative laboratory monitoring for differentiated thyroid cancer: extended);;Сыворотка крови;до 2 р.д.;3 580,00
28.18. Инфекции, передаваемые половым путём;;;;;;;
;;;;;;;
ОБС90;;;ВИЧ, сифилис, гепатиты В и С (HIV, Syphilis, Hepatitis B, C);;Сыворотка крови;1 к.д.;1 850,00
ОБС91;;;Исследование комплексное «Секс в большом городе: 6 инфекций (анализ крови)» (Comprehensive Study «Sex in City: 6 Infections (Blood Test)»);;Сыворотка крови;до 4 р.д.;4 380,00
ОБС92 (312СМР);;;Комплексное исследование «Секс в большом городе: 14 инфекций + мазок на микрофлору» (Comprehensive Study «Sex in City: 14 Infections + Smear on Flora»);;"Асцитическая жидкость; Гной; Ликвор; Мазок; Суставная жидкость; Сыворотка крови; Транссудат; Экссудат; Эякулят; Промывные воды бронхов; Секрет простаты; Содержимое абсцесса; Содержимое инфильтрата; Содержимое полости матки; Соскоб; Отделяемое прямой кишки; Отделяемое раны; Отделяемое ротоглотки; Отделяемое уретры (жен.); Отделяемое уретры (муж.); Плевральная жидкость; Мокрота; Назотрахеальный аспират; Отделяемое носа; Отделяемое носоглотки; Отделяемое пазухи; Отделяемое половых органов";до 3 р.д.;5 190,00
ОБС105 (312СМР);;;Секс в большом городе-12 инфекций;;Соскоб;1 р.д.;3 470,00
ОБС93;;;Исследование комплексное «Секс в большом городе: 8 инфекций + мазок на микрофлору» (Comprehensive Study «Sex in City: 8 Infections + Smear on Flora»);;"Асцитическая жидкость; Гной; Эякулят; Содержимое полости матки; Соскоб; Суставная жидкость; Сыворотка крови; Транссудат; Экссудат; Отделяемое уретры (муж.); Плевральная жидкость; Промывные воды бронхов; Секрет простаты; Содержимое абсцесса; Содержимое инфильтрата; Отделяемое пазухи; Отделяемое половых органов; Отделяемое прямой кишки; Отделяемое раны; Отделяемое ротоглотки; Отделяемое уретры (жен.); Ликвор; Мазок; Мокрота; Назотрахеальный аспират; Отделяемое носа; Отделяемое носоглотки";до 4 к.д.;3 265,00
3025СМР;;;Выявление возбудителей ИППП (4 + КВМ): определение ДНК Chlamydia trachomatis, Neisseria gonorrhoeae, Trichomonas vaginalis, Mycoplasma genitalium, ДНК человека  (Identification of Sexually Transmitted Infections (STI) Pathogens, Chlamydia trachomatis DNA, Neisseria gonorrhoeae DNA, Trichomonas vaginalis DNA, Mycoplasma genitalium DNA, Human DNA );;Соскоб;1 р.д.;1 095,00
28.19. Проблемы веса;;;;;;;
;;;;;;;
ОБС94;;;Проблемы веса (первичное обследование здоровья пациентов с нарушениями веса) (Weight Problems: Primary Survey);;"Кровь; Плазма крови; Сыворотка крови";до 6 р.д.;3 950,00
ОБС94NEW;;;Проблемы веса (первичное обследование пациентов с нарушением веса);;"Капиллярная кровь; Кровь; Плазма крови; Сыворотка крови";1 к.д.;4 255,00
ОБС107;;;Перед диетой: минимальное обследование (Survey Before Diet: Minimum );;"Кровь; Плазма крови; Сыворотка крови";1 к.д.;2 050,00
ОБС108;;;Перед диетой: дополнительное обследование (Survey Before Diet: Additional );;"Капиллярная кровь; Кровь; Плазма крови; Сыворотка крови";1 к.д.;6 310,00
МС;;;"Комплекс исследований ""Проблемы веса: метаболический синдром (скрининговое первичное выявление)""Включает лабораторные исследования: триглицериды, холестерин общий, холестерин ЛПВП, холестерин ЛПНП, глюкоза; услуги по функциональной диагностике и антропометрии: измерение артериального давления, измерение окружности талии (Weight Problems: Metabolic Syndrome (Primary Identification, creening)";;"Плазма крови; Сыворотка крови";1 к.д.;1 120,00
ОБС234;;;Обследование перед диетой для снижения массы тела: расширенное (Examination before weight loss diet: extended);;"Капиллярная кровь; Кровь; Плазма крови; Сыворотка крови";до 2 р.д.;8 205,00
ОБС234G;;;Обследование перед диетой для снижения массы тела: расширенное (Examination before weight loss diet: extended);;"Капиллярная кровь; Кровь; Плазма крови; Сыворотка крови";до 2 р.д.;8 205,00
ОБС237;;;Обследование перед диетой для снижения массы тела: минимальное (Examination before  weight loss diet: minimal);;"Плазма крови; Сыворотка крови";до 2 р.д.;1 650,00
ОБС238;;;Обследование перед диетой для снижения массы тела: базовое (Examination before  weight loss diet: basic);;"Плазма крови; Сыворотка крови";до 2 р.д.;3 770,00
ОБС238G;;;Обследование перед диетой для снижения массы тела: базовое (Examination before  weight loss diet: basic);;"Плазма крови; Сыворотка крови";до 2 р.д.;3 770,00
28.20. Диеты;;;;;;;
;;;;;;;
ОБС112;;;Вегетарианцы;;Сыворотка крови;1 к.д.;4 235,00
ОБС113;;;Питание, исключающее красное мясо;;"Капиллярная кровь; Кровь; Сыворотка крови";1 к.д.;1 290,00
ОБС114;;;Белковая диета;;"Моча; Сыворотка крови";1 к.д.;4 535,00
ОБС129;;;Профиль веганы «Минимальный»;;"Капиллярная кровь; Кровь; Сыворотка крови";до 6 р.д.;7 080,00
ОБС130;;;Профиль веганы «Базовый»;;"Капиллярная кровь; Кровь; Сыворотка крови";до 6 р.д.;8 390,00
ОБС131;;;Профиль веганы «Расширенный»;;"Капиллярная кровь; Кровь; Плазма крови; Сыворотка крови";до 6 р.д.;15 570,00
ОБС292;;;Кетодиета (Keto diet);;"Капиллярная кровь; Кровь; Плазма крови; Сыворотка крови";до 5 к.д.;5 990,00
28.21. Заболевания верхних дыхательных путей;;;;;;;
;;;;;;;
ОБС97;;;ОРЗ, ОРВИ (насморк, кашель, боль в горле) (Acute Respiratory Infections, ARI: Runny Nose, Cough, Sore Throat);;"Капиллярная кровь; Кровь; Мазок; Отделяемое носа; Отделяемое носоглотки; Отделяемое пазухи; Отделяемое ротоглотки; Соскоб; Сыворотка крови";до 7 р.д.;9 530,00
ОБС158;;;Контрольное исследование после перенесенной острой респираторной вирусной инфекции;;"Капиллярная кровь; Кровь; Плазма крови; Сыворотка крови";1 к.д.;2 260,00
ОБС163;;;Обследование перед вакцинацией против COVID-19;;"Капиллярная кровь; Кровь; Сыворотка крови";до 4 р.д.;3 050,00
ОБС294;;;Инфекционный мононуклеоз (Infectious mononucleosis);;"Капиллярная кровь; Кровь; Соскоб; Сыворотка крови";до 4 р.д.;2 990,00
28.22. Аллергия;;;;;;;
;;;;;;;
ОБС98;;;Аллергия на животных, пыль, плесень (Allergy to Animals, Dust, Mold);;Сыворотка крови;до 3 р.д.;7 640,00
ОБС99;;;Аллергия на пищевые продукты (Food Allergy);;Сыворотка крови;1 к.д.;10 740,00
ОБС100;;;Аллергия на плесень  (Mold Allergy);;Сыворотка крови;1 к.д.;2 690,00
ОБС101;;;Аллергия на растения (Plant Allergy );;Сыворотка крови;1 к.д.;5 790,00
ОБС239АБ;;;Педиатрическая панель Алкор Био (20 аллергенов: 10 пищевых и 10 респираторных) (Pediatric Panel), IgE;;Сыворотка крови;до 3 к.д.;11 230,00
ОБС240АБ;;;Респираторная панель Алкор Био (20 респираторных аллергенов) (Respiratory Panel), IgE;;Сыворотка крови;до 3 к.д.;11 560,00
ОБС241АБ;;;Пищевая панель Алкор Био (20 пищевых аллергенов) (Food Panel), IgE;;Сыворотка крови;до 3 к.д.;11 510,00
ОБС261;;;Прогноз эффективности АСИТ (Аллерген специфическая иммунотерапия): Злаковые травы;;Сыворотка крови;до 5 р.д.;3 780,00
ОБС262;;;Аллергия на молоко;;Сыворотка крови;до 5 р.д.;9 500,00
ОБС263;;;Прогноз эффективности АСИТ (Аллерген специфическая иммунотерапия): Букоцветные деревья;;Сыворотка крови;до 5 р.д.;4 075,00
ОБС265;;;Прогноз эффективности АСИТ (Аллерген специфическая иммунотерапия): Сорные травы;;Сыворотка крови;до 5 р.д.;8 340,00
ОБС264;;;Аллергия на яйцо;;Сыворотка крови;до 5 р.д.;8 540,00
28.23. Гематологические исследования;;;;;;;
;;;;;;;
ОБС68;;;Диагностика анемий (Diagnosis of Anemia);;"Капиллярная кровь; Кровь; Сыворотка крови";1 к.д.;4 460,00
ОБС185;;;Железодефицитная анемия: диагностика и контроль эффективности лечения;;"Капиллярная кровь; Кровь; Сыворотка крови";1 к.д.;1 890,00
ОБС191;;;Контроль эффективности лечения железодефицитной анемии препаратами железа, минимальный;;"Капиллярная кровь; Кровь; Сыворотка крови";1 к.д.;1 115,00
28.24. Красота кожи, волос и ногтей;;;;;;;
;;;;;;;
ОБС118;;;Красота здоровой кожи (Healthy skin beauty);;Сыворотка крови;1 к.д.;2 530,00
ОБС119;;;Сильные волосы, крепкие ногти, бархатная кожа (Strong hair and nails, velvet skin);;Сыворотка крови;до 6 р.д.;4 170,00
ОБС254;;;Усиленное выпадение волос (Increased hair loss);;"Плазма крови; Сыворотка крови";до 5 р.д.;12 990,00
ОБС253;;;Проблемная кожа, комплексное исследование (Blood tests for diagnosing skin problems);;"Капиллярная кровь; Кровь; Плазма крови; Сыворотка крови";до 5 р.д.;17 670,00
ОБС290;;;Повышенная утомляемость (Fatigue Panel);;"Капиллярная кровь; Кровь; Плазма крови; Сыворотка крови";до 2 р.д.;4 700,00
28.25. Вирусные инфекции;;;;;;;
;;;;;;;
28.26. Паразитарные инфекции;;;;;;;
;;;;;;;
ОБС274;;;Серологическая диагностика паразитозов, базовое обследование (Serologic diagnostics of parasitoses, basic profile);;"Капиллярная кровь; Кровь; Сыворотка крови";до 4 к.д.;4 840,00
ОБС275;;;Серологическая диагностика паразитозов, расширенное обследование (Serologic diagnostics of parasitoses, extended profile);;"Капиллярная кровь; Кровь; Сыворотка крови";до 7 к.д.;9 250,00
28.27. Оценка свертывающей системы крови;;;;;;;
;;;;;;;
ОБС174;;;Перед назначением антикоагулянтов;;"Капиллярная кровь; Кровь; Плазма крови; Сыворотка крови";1 к.д.;1 840,00
ОБС259;;;Диагностика тромбофилии: генетические исследования и факторы риска (Diagnosis of thrombophilia: genetic studies and risk factors);;"Кровь; Плазма крови";до 12 р.д.;7 705,00
28.28. COVID-19;;;;;;;
;;;;;;;
ОБС172;;;Диагностика постковидного синдрома (Diagnosis of Post-COVID-19 syndrome);;"Капиллярная кровь; Кровь; Плазма крови; Сыворотка крови";1 р.д.;5 540,00
ОБС177;;;Комплексное лабораторное обследование после перенесенного COVID-19. Диагностика постковидного синдрома (без определения IgG антител к вирусу SARS-CoV-2) (Diagnostics of post-COVID-19 syndrome (without IgG antibodies to SARS-CoV-2);;"Капиллярная кровь; Кровь; Плазма крови; Сыворотка крови";1 к.д.;4 060,00
ОБС178;;;Для переболевших COVID-19. Оценка кардиориска (For recovered from COVID-19. Heart risk assessment);;"Капиллярная кровь; Кровь; Плазма крови; Сыворотка крови";1 к.д.;2 820,00
ОБС179;;;Для переболевших COVID-19. Обследование функции печени (For recovered from COVID-19. Liver function tests);;"Капиллярная кровь; Кровь; Сыворотка крови";1 к.д.;1 640,00
ОБС180;;;Для переболевших COVID-19. Обследование функции почек (For recovered from COVID-19. Kidney function tests);;"Капиллярная кровь; Кровь; Моча; Сыворотка крови";1 к.д.;1 780,00
ОБС181;;;Для переболевших COVID-19. Витамины и минералы (For recovered from COVID-19. Vitamins and minerals);;Сыворотка крови;до 6 р.д.;6 020,00
28.29. Лабораторная диагностика заболеваний, сопровождающихся симптомами депрессии;;;;;;;
;;;;;;;
ОБС209;;;Лабораторная диагностика заболеваний, сопровождающихся симптомами депрессии (Laboratory diagnostics of diseases manifested by symptoms of depression);;"Капиллярная кровь; Кровь; Плазма крови; Сыворотка крови";1 р.д.;6 490,00
28.30. Инфекционные заболевания;;;;;;;
;;;;;;;
ОБС47NEW;;;Оценка иммунного ответа к детским инфекциям (Evaluation of the immune response to childhood infections);;Сыворотка крови;до 4 р.д.;3 870,00
ОБС213;;;Оценка наличия иммунитета к возбудителям вакциноуправляемых инфекций (Vaccine-preventable Infections: Immune Response);;Сыворотка крови;до 4 р.д.;5 540,00
28.31. Авторские профили;;;;;;;
;;;;;;;
АОБС1;;;STOPDEF;;"Капиллярная кровь; Кровь; Плазма крови; Пробы выдыхаемого воздуха; Сыворотка крови";до 6 р.д.;11 755,00
АОБС2;;;CheckUp PROtelo. База женского здоровья: отеки, дефициты, ЖКТ;;"Капиллярная кровь; Кровь; Плазма крови; Пробы выдыхаемого воздуха; Сыворотка крови";до 6 р.д.;9 990,00
30.1. Процедурные услуги;;;;;;;
"* Имеются ограничения по взятию биоматериала на дому (уточнять информацию у администратора медицинского офиса).
** Максимальное количество пробирок, которое можно взять одновременно, - не более 10 шт.";;;;;;;
VEN;;;Взятие венозной крови;;;;180,00
КАП;;;"Взятие капиллярной крови (имеются ограничения по взятию капиллярной крови; уточняйте у администратора медицинского офиса)";;;;150,00
VENOUT;;;Взятие крови без последующего исследования;;;;200,00
COLV;;;Пробоподготовка;;;;80,00
SEROUT;;;Получение сыворотки без последующего исследования;;Сыворотка крови;;330,00
1МС;;;Процедура взятия биоматериала на энтеробиоз;;;;80,00
1В-ГИН;;;Взятие цитологического материала, материала для ПЦР диагностики, микробиологических исследований;;;;290,00
1COV;;;Взятие мазка для диагностики из верхних дыхательных путей;;;;275,00
2COV;;;Взятие материала для ПЦР диагностики;;;;250,00
1В-БЭ;;;Взятие соскоба буккального эпителия;;Буккальный эпителий;;100,00
2В-БЭ;;;Взятие соскоба буккального эпителия у двух человек;;Буккальный эпителий;;190,00
3В-БЭ;;;Взятие соскоба буккального эпителия у трех человек;;Буккальный эпителий;;280,00
1В-СЛН;;;Взятие слюны для ПЦР диагностики;;Слюна;;60,00
VEN2;;;Взятие венозной крови у 2-х человек;;;;290,00
VENГТТ;;;Взятие венозной крови для ГТТ, ГТБ-С, ГТГ, ГТГС;;Плазма крови;;250,00
30.2. Услуги по получению результата обследования;;;;;;;
*Срок выполнения перевода на английский язык совпадает со сроком готовности заказанных к переводу исследований. В индивидуальных случаях срок перевода может составить 2 рабочих дня. Если услуга заказывается после готовности исследований, то срок перевода – 1 рабочий день. Услуга не применима для описательного формата результата исследований.;;;;;;;
ENG;;;Выдача результатов на английском языке (перевод результатов на английский язык).*;;;;230,00
74. ИНЪЕКЦИИ;;;;;;;
;;;;;;;
74.1. Инъекции;;;;;;;
;;;;;;;
ИНВВ;;;Внутривенное струйное введение лекарственного средства (без стоимости лекарственного препарата);;;;350,00
ИНВМ;;;Внутримышечное введение лекарственного средства (без стоимости лекарственного препарата);;;;300,00
ПКИН;;;Подкожное введение лекарственного средства (без стоимости лекарственного препарата);;;;250,00
КАПВВ;;;Внутривенное капельное введение лекарственного средства (без стоимости лекарственного препарата);;;;800,00
ИНВВ/2Л;;;Инъекция внутривенная 2 лекарства;;;;400,00
ИНВВ/3Л;;;Инъекция внутривенная 3 лекарства;;;;450,00
N1326;;;Внутривенное вливание (капельное, без стоимости лекарственных препаратов) за дополнительное время до 30 (тридцати) минут, свыше часа.;;;;600,00
КАПВВ/2Л;;;Внутривенное капельное введение - 2 лекарства (без стоимости ЛС);;;;850,00
КАПВВ/3Л;;;Внутривенное капельное введение - 3 лекарства (без стоимости ЛС);;;;900,00
ИНВМ2Л;;;Инъекция внутримышечная 2 лекарства (без стоимости ЛС);;;;300,00
ИНВМ3Л;;;Инъекция внутримышечная 3 лекарства (без стоимости ЛС);;;;350,00
84. НЕИНВАЗИВНЫЙ ПРЕНАТАЛЬНЫЙ ТЕСТ (НИПТ);;;;;;;
;;;;;;;
84.1. Неинвазивный пренатальный тест (НИПТ);;;;;;;
;;;;;;;
1НИПТ;;;Неинвазивный пренатальный тест (НИПТ Т21) (Noninvasive Prenatal Testing (NIPT trisomy 21));;Цельная кровь;до 10 р.д.;21 900,00
2НИПТ;;;Неинвазивный пренатальный тест (НИПТ) - стандартная панель (Noninvasive Prenatal Testing (standart));;Цельная кровь;до 10 р.д.;28 900,00
3НИПТ;;;Неинвазивный пренатальный тест (НИПТ) - расширенная панель (Noninvasive Prenatal Testing (advanced));;Цельная кровь;до 12 р.д.;38 900,00
4НИПТ;;;Неинвазивный пренатальный тест (НИПТ базовый) (Non-Invasive Prenatal Test (base));;Цельная кровь;до 10 р.д.;24 900,00
5НИПТ;;;Неинвазивное дородовое определение отцовства (Non-Invasive Prenatal Paternity);;Цельная кровь;до 13 р.д.;52 900,00
5НИПТ-ДОП;;;Установление отцовства дородовое, неинвазивное, исследование дополнительного образца (Non-Invasive Prenatal Paternity, additional research participant);;Кровь;до 13 р.д.;30 900,00
6НИПТ;;;Неинвазивный пренатальный тест (НИПТ Максимум) (Non-Invasive Prenatal Test (Maximum));;Плазма крови;до 11 р.д.;44 900,00
85. ГЕНЕТИЧЕСКАЯ ИДЕНТИФИКАЦИЯ ПРИНАДЛЕЖНОСТИ БИОМАТЕРИАЛА;;;;;;;
;;;;;;;
85.1. Генетическая идентификация принадлежности биоматериала;;;;;;;
;;;;;;;
7321;;;Идентификация принадлежности гистологических препаратов (парафиновых блоков) (Identification of histological preparations (paraffin blocks));;Буккальный эпителий;до 10 р.д.;18 050,00
7332;;;ДНК-профилирование с идентификацией личности (DNA profiling with personal identification);;Буккальный эпителий;до 8 р.д.;8 990,00
77718;;;Этническое происхождение по женской линии (митохондриальная гаплогруппа) методом прямого секвенирования по Сенгеру (Sanger sequencing);;Буккальный эпителий;до 29 р.д.;8 990,00
77719;;;Этническое происхождение по мужской линии (Y-хромосомная гаплогруппа) методом аллель специфичной ПЦР в реальном времени (allele-specific real-time PCR);;Буккальный эпителий;до 29 р.д.;8 990,00
77718/19;;;ДНК-тест на национальность по материнской и по отцовской линии;;Буккальный эпителий;до 29 р.д.;17 980,00
ПРОБОПОДГОТОВКИ;;;;;;;
;;;;;;;
ППМЭС;;;Пробоподготовка (сыворотка крови);;Сыворотка крови;-;895,00
ППМЭК;;;Пробоподготовка (кровь цельная);;Кровь;-;895,00
ППМЭМ;;;Пробоподготовка (моча);;Моча;-;895,00
ППМЭМС;;;Пробоподготовка (суточная моча);;Моча;-;895,00
ППМЭВ;;;Пробоподготовка (волосы);;Волосы;-;895,00
ППМЭН;;;Пробоподготовка (ногти);;Ногти;-;895,00